20, 139.7247, -813.8627
21, 139.2002, -805.0875
22, 138.6757, -796.3123
23, 138.1511, -787.5370
24, 137.6266, -778.7618
25, 137.1021, -769.9865
26, 136.5776, -761.2113
27, 136.0530, -752.4361
28, 135.5285, -743.6608
29, 135.0040, -734.8856
30, 134.4794, -726.1103
31, 133.9549, -717.3351
32, 133.4304, -708.5598
33, 132.9058, -699.7846
34, 132.3813, -691.0094
35, 131.8568, -682.2341
36, 131.3322, -673.4589
37, 130.8077, -664.6836
38, 130.2832, -655.9084
39, 129.7586, -647.1332
40, 129.2341, -638.3579
41, 128.7096, -629.5827
42, 128.1851, -620.8074
43, 127.6605, -612.0322
44, 127.1360, -603.2569
45, 126.6115, -594.4817
46, 126.0869, -585.7065
47, 125.5624, -576.9312
48, 125.0379, -568.1560
49, 124.5133, -559.3807
50, 123.9888, -550.6055
51, 123.4643, -541.8303
52, 122.9397, -533.0550
53, 122.4152, -524.2798
54, 121.8907, -515.5045
55, 121.3662, -506.7293
56, 120.8416, -497.9540
57, 120.3171, -489.1788
58, 119.7926, -480.4036
59, 119.2680, -471.6283
60, 118.7435, -462.8531
61, 118.2190, -454.0778
62, 117.6944, -445.3026
63, 117.1699, -436.5274
64, 116.6454, -427.7521
65, 116.1208, -418.9769
66, 115.5963, -410.2016
67, 115.0718, -401.4264
68, 114.5472, -392.6511
69, 114.0227, -383.8759
70, 113.4982, -375.1007
71, 112.9737, -366.3254
72, 112.4491, -357.5502
73, 111.9246, -348.7749
74, 111.4001, -339.9997
75, 110.8755, -331.2245
76, 110.3510, -322.4492
77, 109.8265, -313.6740
78, 109.3019, -304.8987
79, 108.7774, -296.1235
80, 108.2529, -287.3482
81, 107.9772, -282.5901
82, 107.7015, -277.8319
83, 107.4258, -273.0738
84, 107.1501, -268.3157
85, 106.8744, -263.5575
86, 106.5987, -258.7994
87, 106.3230, -254.0412
88, 106.0473, -249.2831
89, 105.7717, -244.5249
90, 105.4960, -239.7668
91, 105.2203, -235.0086
92, 104.9446, -230.2505
93, 104.6689, -225.4923
94, 104.3932, -220.7342
95, 104.1175, -215.9760
96, 103.8418, -211.2179
97, 103.5661, -206.4597
98, 103.2904, -201.7016
99, 103.0147, -196.9434
100, 102.7390, -192.1853
101, 102.8708, -191.9710
102, 103.0026, -191.7568
103, 103.1344, -191.5425
104, 103.2662, -191.3283
105, 103.3980, -191.1140
106, 103.5298, -190.8998
107, 103.6615, -190.6855
108, 103.7933, -190.4712
109, 103.9251, -190.2570
110, 104.0569, -190.0427
111, 104.1887, -189.8285
112, 104.3205, -189.6142
113, 104.4523, -189.4000
114, 104.5840, -189.1857
115, 104.7158, -188.9715
116, 104.8476, -188.7572
117, 104.9794, -188.5430
118, 105.1112, -188.3287
119, 105.2430, -188.1144
120, 105.3748, -187.9002
121, 105.2709, -186.4429
122, 105.1671, -184.9856
123, 105.0633, -183.5283
124, 104.9595, -182.0710
125, 104.8556, -180.6137
126, 104.7518, -179.1564
127, 104.6480, -177.6991
128, 104.5442, -176.2419
129, 104.4404, -174.7846
130, 104.3365, -173.3273
131, 104.2327, -171.8700
132, 104.1289, -170.4127
133, 104.0251, -168.9554
134, 103.9212, -167.4981
135, 103.8174, -166.0408
136, 103.7136, -164.5835
137, 103.6098, -163.1262
138, 103.5059, -161.6689
139, 103.4021, -160.2116
140, 103.2983, -158.7543
141, 103.0389, -153.7339
142, 102.7795, -148.7135
143, 102.5202, -143.6931
144, 102.2608, -138.6727
145, 102.0014, -133.6522
146, 101.7420, -128.6318
147, 101.4826, -123.6114
148, 101.2232, -118.5910
149, 100.9639, -113.5705
150, 100.7045, -108.5501
151, 100.4451, -103.5297
152, 100.1857, -98.5093
153, 99.9263, -93.4889
154, 99.6669, -88.4684
155, 99.4076, -83.4480
156, 99.1482, -78.4276
157, 98.8888, -73.4072
158, 98.6294, -68.3868
159, 98.3700, -63.3663
160, 98.1106, -58.3459
161, 98.8448, -63.0416
162, 99.5790, -67.7372
163, 100.3132, -72.4329
164, 101.0474, -77.1285
165, 101.7815, -81.8242
166, 102.5157, -86.5198
167, 103.2499, -91.2155
168, 103.9841, -95.9111
169, 104.7183, -100.6068
170, 105.4525, -105.3024
171, 106.1866, -109.9981
172, 106.9208, -114.6937
173, 107.6550, -119.3894
174, 108.3892, -124.0850
175, 109.1234, -128.7807
176, 109.8575, -133.4763
177, 110.5917, -138.1720
178, 111.3259, -142.8676
179, 112.0601, -147.5633
180, 112.7943, -152.2589
181, 112.3589, -147.2431
182, 111.9236, -142.2273
183, 111.4883, -137.2114
184, 111.0530, -132.1956
185, 110.6177, -127.1798
186, 110.1823, -122.1639
187, 109.7470, -117.1481
188, 109.3117, -112.1323
189, 108.8764, -107.1165
190, 108.4410, -102.1006
191, 108.0057, -97.0848
192, 107.5704, -92.0690
193, 107.1351, -87.0531
194, 106.6998, -82.0373
195, 106.2644, -77.0215
196, 105.8291, -72.0056
197, 105.3938, -66.9898
198, 104.9585, -61.9740
199, 104.5232, -56.9581
200, 104.0878, -51.9423
201, 104.0276, -50.7570
202, 103.9673, -49.5716
203, 103.9071, -48.3862
204, 103.8469, -47.2009
205, 103.7866, -46.0155
206, 103.7264, -44.8302
207, 103.6661, -43.6448
208, 103.6059, -42.4595
209, 103.5456, -41.2741
210, 103.4854, -40.0888
211, 103.4251, -38.9034
212, 103.3649, -37.7180
213, 103.3046, -36.5327
214, 103.2444, -35.3473
215, 103.1842, -34.1620
216, 103.1239, -32.9766
217, 103.0637, -31.7913
218, 103.0034, -30.6058
219, 102.9432, -29.4206
220, 102.8829, -28.2353
221, 102.7316, -26.5922
222, 102.5803, -24.9489
223, 102.4290, -23.3059
224, 102.2777, -21.6630
225, 102.1264, -20.0198
226, 101.9750, -18.3766
227, 101.8237, -16.7336
228, 101.6724, -15.0904
229, 101.5211, -13.4475
230, 101.3698, -11.8042
231, 101.2185, -10.1619
232, 101.0672, -8.5186
233, 100.9158, -6.8751
234, 100.7645, -5.2321
235, 100.6133, -3.5896
236, 100.4620, -1.9466
237, 100.3106, -0.3034
238, 100.1593, 1.3397
239, 100.0080, 2.9829
240, 99.8566, 4.6264
241, 99.3574, 9.8002
242, 98.8583, 14.9739
243, 98.3591, 20.1477
244, 97.8599, 25.3214
245, 97.3607, 30.4953
246, 96.8615, 35.6690
247, 96.3624, 40.8426
248, 95.8632, 46.0164
249, 95.3640, 51.1902
250, 94.8648, 56.3640
251, 94.3656, 61.5377
252, 93.8665, 66.7114
253, 93.3673, 71.8852
254, 92.8681, 77.0589
255, 92.3689, 82.2326
256, 91.8697, 87.4064
257, 91.3706, 92.5801
258, 90.8714, 97.7539
259, 90.3722, 102.9277
260, 89.8730, 108.1014
261, 89.5999, 111.1070
262, 89.3267, 114.1127
263, 89.0536, 117.1183
264, 88.7804, 120.1240
265, 88.5073, 123.1296
266, 88.2341, 126.1353
267, 87.9610, 129.1409
268, 87.6879, 132.1466
269, 87.4147, 135.1522
270, 87.1416, 138.1579
271, 86.8684, 141.1636
272, 86.5953, 144.1692
273, 86.3221, 147.1748
274, 86.0490, 150.1805
275, 85.7758, 153.1862
276, 85.5027, 156.1918
277, 85.2296, 159.1974
278, 84.9564, 162.2031
279, 84.6833, 165.2087
280, 84.4101, 168.2144
281, 84.4248, 168.2571
282, 84.4394, 168.2998
283, 84.4540, 168.3425
284, 84.4687, 168.3852
285, 84.4833, 168.4279
286, 84.4979, 168.4706
287, 84.5126, 168.5133
288, 84.5272, 168.5560
289, 84.5418, 168.5987
290, 84.5565, 168.6414
291, 84.5711, 168.6841
292, 84.5857, 168.7268
293, 84.6004, 168.7695
294, 84.6150, 168.8122
295, 84.6296, 168.8549
296, 84.6443, 168.8976
297, 84.6589, 168.9403
298, 84.6735, 168.9830
299, 84.6882, 169.0257
300, 84.7028, 169.0684
301, 84.6972, 169.5214
302, 84.6916, 169.9745
303, 84.6859, 170.4275
304, 84.6803, 170.8805
305, 84.6747, 171.3335
306, 84.6691, 171.7865
307, 84.6635, 172.2395
308, 84.6578, 172.6925
309, 84.6522, 173.1455
310, 84.6466, 173.5986
311, 84.6410, 174.0516
312, 84.6354, 174.5046
313, 84.6297, 174.9576
314, 84.6241, 175.4106
315, 84.6185, 175.8636
316, 84.6129, 176.3166
317, 84.6073, 176.7696
318, 84.6017, 177.2227
319, 84.5960, 177.6757
320, 84.5904, 178.1287
321, 84.4375, 179.9733
322, 84.2845, 181.8179
323, 84.1316, 183.6626
324, 83.9786, 185.5072
325, 83.8257, 187.3518
326, 83.6727, 189.1964
327, 83.5198, 191.0411
328, 83.3668, 192.8857
329, 83.2139, 194.7303
330, 83.0610, 196.5749
331, 82.9080, 198.4196
332, 82.7551, 200.2642
333, 82.6021, 202.1088
334, 82.4492, 203.9534
335, 82.2962, 205.7980
336, 82.1433, 207.6427
337, 81.9903, 209.4873
338, 81.8374, 211.3319
339, 81.6844, 213.1765
340, 81.5315, 215.0212
341, 81.4682, 215.8758
342, 81.4050, 216.7304
343, 81.3417, 217.5851
344, 81.2784, 218.4397
345, 81.2152, 219.2943
346, 81.1519, 220.1490
347, 81.0886, 221.0036
348, 81.0254, 221.8582
349, 80.9621, 222.7128
350, 80.8988, 223.5675
351, 80.8356, 224.4221
352, 80.7723, 225.2767
353, 80.7090, 226.1314
354, 80.6458, 226.9860
355, 80.5825, 227.8407
356, 80.5192, 228.6953
357, 80.4560, 229.5499
358, 80.3927, 230.4045
359, 80.3294, 231.2592
360, 80.2662, 232.1138
361, 80.3525, 231.4912
362, 80.4389, 230.8685
363, 80.5253, 230.2459
364, 80.6116, 229.6233
365, 80.6980, 229.0006
366, 80.7844, 228.3780
367, 80.8708, 227.7553
368, 80.9571, 227.1327
369, 81.0435, 226.5101
370, 81.1299, 225.8874
371, 81.2163, 225.2648
372, 81.3026, 224.6421
373, 81.3890, 224.0195
374, 81.4754, 223.3968
375, 81.5617, 222.7742
376, 81.6481, 222.1516
377, 81.7345, 221.5289
378, 81.8209, 220.9063
379, 81.9072, 220.2836
380, 81.9936, 219.6610
381, 81.9735, 219.9188
382, 81.9533, 220.1766
383, 81.9332, 220.4344
384, 81.9130, 220.6921
385, 81.8929, 220.9499
386, 81.8727, 221.2077
387, 81.8526, 221.4655
388, 81.8324, 221.7233
389, 81.8123, 221.9811
390, 81.7921, 222.2389
391, 81.7720, 222.4967
392, 81.7518, 222.7545
393, 81.7317, 223.0122
394, 81.7116, 223.2700
395, 81.6914, 223.5278
396, 81.6713, 223.7856
397, 81.6511, 224.0434
398, 81.6310, 224.3011
399, 81.6108, 224.5590
400, 81.5907, 224.8167
401, 81.6540, 224.2755
402, 81.7173, 223.7343
403, 81.7806, 223.1931
404, 81.8439, 222.6518
405, 81.9072, 222.1106
406, 81.9705, 221.5694
407, 82.0339, 221.0282
408, 82.0972, 220.4870
409, 82.1605, 219.9458
410, 82.2238, 219.4045
411, 82.2871, 218.8633
412, 82.3504, 218.3221
413, 82.4137, 217.7809
414, 82.4770, 217.2397
415, 82.5404, 216.6984
416, 82.6037, 216.1572
417, 82.6670, 215.6160
418, 82.7303, 215.0748
419, 82.7936, 214.5335
420, 82.8569, 213.9923
421, 82.8363, 214.4581
422, 82.8156, 214.9238
423, 82.7949, 215.3895
424, 82.7743, 215.8553
425, 82.7536, 216.3210
426, 82.7329, 216.7868
427, 82.7123, 217.2525
428, 82.6916, 217.7183
429, 82.6709, 218.1840
430, 82.6503, 218.6497
431, 82.6296, 219.1155
432, 82.6090, 219.5812
433, 82.5883, 220.0470
434, 82.5676, 220.5127
435, 82.5470, 220.9785
436, 82.5263, 221.4442
437, 82.5056, 221.9099
438, 82.4850, 222.3757
439, 82.4643, 222.8414
440, 82.4436, 223.3072
441, 82.2463, 225.0275
442, 82.0490, 226.7479
443, 81.8516, 228.4683
444, 81.6543, 230.1887
445, 81.4570, 231.9091
446, 81.2596, 233.6295
447, 81.0623, 235.3499
448, 80.8649, 237.0702
449, 80.6676, 238.7906
450, 80.4703, 240.5110
451, 80.2729, 242.2314
452, 80.0756, 243.9518
453, 79.8783, 245.6721
454, 79.6809, 247.3925
455, 79.4836, 249.1129
456, 79.2863, 250.8333
457, 79.0889, 252.5537
458, 78.8916, 254.2741
459, 78.6942, 255.9944
460, 78.4969, 257.7148
461, 78.4878, 258.0829
462, 78.4787, 258.4510
463, 78.4696, 258.8190
464, 78.4605, 259.1871
465, 78.4515, 259.5552
466, 78.4424, 259.9233
467, 78.4333, 260.2913
468, 78.4242, 260.6594
469, 78.4151, 261.0275
470, 78.4060, 261.3956
471, 78.3969, 261.7636
472, 78.3878, 262.1317
473, 78.3787, 262.4998
474, 78.3697, 262.8678
475, 78.3606, 263.2359
476, 78.3515, 263.6040
477, 78.3424, 263.9721
478, 78.3333, 264.3401
479, 78.3242, 264.7082
480, 78.3151, 265.0763
481, 78.4173, 264.3852
482, 78.5195, 263.6940
483, 78.6217, 263.0029
484, 78.7239, 262.3117
485, 78.8261, 261.6206
486, 78.9283, 260.9295
487, 79.0305, 260.2383
488, 79.1327, 259.5472
489, 79.2348, 258.8561
490, 79.3370, 258.1649
491, 79.4392, 257.4738
492, 79.5414, 256.7826
493, 79.6436, 256.0915
494, 79.7458, 255.4004
495, 79.8480, 254.7092
496, 79.9502, 254.0181
497, 80.0524, 253.3270
498, 80.1546, 252.6358
499, 80.2568, 251.9447
500, 80.3590, 251.2535
501, 80.4280, 250.6048
502, 80.4970, 249.9561
503, 80.5660, 249.3074
504, 80.6350, 248.6586
505, 80.7040, 248.0099
506, 80.7730, 247.3612
507, 80.8420, 246.7125
508, 80.9110, 246.0637
509, 80.9800, 245.4150
510, 81.0490, 244.7663
511, 81.1180, 244.1176
512, 81.1870, 243.4688
513, 81.2560, 242.8201
514, 81.3250, 242.1714
515, 81.3940, 241.5227
516, 81.4630, 240.8739
517, 81.5320, 240.2252
518, 81.6010, 239.5765
519, 81.6700, 238.9278
520, 81.7390, 238.2790
521, 81.6039, 239.5447
522, 81.4689, 240.8104
523, 81.3338, 242.0761
524, 81.1988, 243.3418
525, 81.0638, 244.6075
526, 80.9287, 245.8732
527, 80.7937, 247.1389
528, 80.6586, 248.4046
529, 80.5236, 249.6703
530, 80.3885, 250.9360
531, 80.2535, 252.2017
532, 80.1185, 253.4674
533, 79.9834, 254.7331
534, 79.8484, 255.9988
535, 79.7133, 257.2644
536, 79.5783, 258.5301
537, 79.4433, 259.7958
538, 79.3082, 261.0615
539, 79.1732, 262.3272
540, 79.0381, 263.5929
541, 78.9854, 264.2352
542, 78.9326, 264.8775
543, 78.8799, 265.5198
544, 78.8271, 266.1621
545, 78.7744, 266.8044
546, 78.7216, 267.4467
547, 78.6689, 268.0890
548, 78.6161, 268.7313
549, 78.5634, 269.3737
550, 78.5107, 270.0160
551, 78.4579, 270.6583
552, 78.4052, 271.3006
553, 78.3524, 271.9429
554, 78.2997, 272.5852
555, 78.2469, 273.2275
556, 78.1942, 273.8698
557, 78.1414, 274.5121
558, 78.0887, 275.1544
559, 78.0359, 275.7967
560, 77.9832, 276.4390
561, 78.2381, 273.8631
562, 78.4930, 271.2872
563, 78.7479, 268.7114
564, 79.0028, 266.1355
565, 79.2577, 263.5596
566, 79.5126, 260.9837
567, 79.7675, 258.4079
568, 80.0224, 255.8320
569, 80.2773, 253.2561
570, 80.5322, 250.6802
571, 80.7871, 248.1044
572, 81.0420, 245.5285
573, 81.2970, 242.9526
574, 81.5519, 240.3768
575, 81.8068, 237.8009
576, 82.0617, 235.2250
577, 82.3166, 232.6491
578, 82.5715, 230.0733
579, 82.8264, 227.4974
580, 83.0813, 224.9215
581, 82.8203, 227.6781
582, 82.5593, 230.4347
583, 82.2982, 233.1913
584, 82.0372, 235.9480
585, 81.7762, 238.7046
586, 81.5152, 241.4612
587, 81.2542, 244.2178
588, 80.9932, 246.9744
589, 80.7321, 249.7310
590, 80.4711, 252.4876
591, 80.2101, 255.2443
592, 79.9491, 258.0009
593, 79.6881, 260.7575
594, 79.4271, 263.5141
595, 79.1660, 266.2707
596, 78.9050, 269.0273
597, 78.6440, 271.7839
598, 78.3830, 274.5405
599, 78.1220, 277.2971
600, 77.8609, 280.0538
601, 78.0677, 278.0155
602, 78.2744, 275.9773
603, 78.4811, 273.9391
604, 78.6879, 271.9008
605, 78.8946, 269.8626
606, 79.1013, 267.8243
607, 79.3081, 265.7861
608, 79.5148, 263.7479
609, 79.7215, 261.7096
610, 79.9282, 259.6714
611, 80.1350, 257.6332
612, 80.3417, 255.5949
613, 80.5484, 253.5567
614, 80.7552, 251.5185
615, 80.9619, 249.4802
616, 81.1686, 247.4420
617, 81.3753, 245.4038
618, 81.5821, 243.3655
619, 81.7888, 241.3273
620, 81.9955, 239.2891
621, 81.8794, 240.5406
622, 81.7633, 241.7921
623, 81.6472, 243.0436
624, 81.5312, 244.2952
625, 81.4151, 245.5467
626, 81.2990, 246.7982
627, 81.1829, 248.0497
628, 81.0668, 249.3013
629, 80.9507, 250.5528
630, 80.8346, 251.8043
631, 80.7185, 253.0559
632, 80.6024, 254.3074
633, 80.4863, 255.5589
634, 80.3702, 256.8104
635, 80.2541, 258.0620
636, 80.1380, 259.3135
637, 80.0219, 260.5650
638, 79.9058, 261.8166
639, 79.7898, 263.0681
640, 79.6737, 264.3196
641, 79.7299, 263.8391
642, 79.7861, 263.3586
643, 79.8423, 262.8782
644, 79.8986, 262.3977
645, 79.9548, 261.9172
646, 80.0110, 261.4367
647, 80.0672, 260.9562
648, 80.1234, 260.4757
649, 80.1797, 259.9952
650, 80.2359, 259.5147
651, 80.2921, 259.0343
652, 80.3483, 258.5538
653, 80.4046, 258.0733
654, 80.4608, 257.5928
655, 80.5170, 257.1123
656, 80.5732, 256.6318
657, 80.6295, 256.1513
658, 80.6857, 255.6708
659, 80.7419, 255.1904
660, 80.7981, 254.7099
661, 80.7482, 255.0600
662, 80.6983, 255.4101
663, 80.6484, 255.7602
664, 80.5985, 256.1104
665, 80.5486, 256.4605
666, 80.4987, 256.8106
667, 80.4488, 257.1607
668, 80.3989, 257.5108
669, 80.3490, 257.8609
670, 80.2991, 258.2110
671, 80.2492, 258.5611
672, 80.1993, 258.9113
673, 80.1493, 259.2614
674, 80.0994, 259.6115
675, 80.0495, 259.9616
676, 79.9996, 260.3117
677, 79.9497, 260.6618
678, 79.8998, 261.0120
679, 79.8499, 261.3621
680, 79.8000, 261.7122
681, 79.7890, 261.9893
682, 79.7781, 262.2665
683, 79.7672, 262.5436
684, 79.7562, 262.8207
685, 79.7453, 263.0979
686, 79.7343, 263.3750
687, 79.7234, 263.6521
688, 79.7124, 263.9293
689, 79.7015, 264.2064
690, 79.6905, 264.4835
691, 79.6796, 264.7607
692, 79.6686, 265.0378
693, 79.6577, 265.3149
694, 79.6467, 265.5921
695, 79.6358, 265.8692
696, 79.6248, 266.1463
697, 79.6139, 266.4235
698, 79.6029, 266.7006
699, 79.5920, 266.9777
700, 79.5811, 267.2549
701, 79.6310, 267.0041
702, 79.6810, 266.7534
703, 79.7310, 266.5026
704, 79.7810, 266.2518
705, 79.8309, 266.0011
706, 79.8809, 265.7503
707, 79.9309, 265.4995
708, 79.9809, 265.2487
709, 80.0308, 264.9980
710, 80.0808, 264.7472
711, 80.1308, 264.4964
712, 80.1808, 264.2457
713, 80.2307, 263.9949
714, 80.2807, 263.7441
715, 80.3307, 263.4934
716, 80.3807, 263.2426
717, 80.4306, 262.9918
718, 80.4806, 262.7411
719, 80.5306, 262.4903
720, 80.5806, 262.2395
721, 80.6136, 261.9883
722, 80.6465, 261.7371
723, 80.6795, 261.4859
724, 80.7125, 261.2346
725, 80.7455, 260.9834
726, 80.7785, 260.7322
727, 80.8115, 260.4810
728, 80.8445, 260.2298
729, 80.8774, 259.9786
730, 80.9104, 259.7273
731, 80.9434, 259.4761
732, 80.9764, 259.2249
733, 81.0094, 258.9737
734, 81.0424, 258.7225
735, 81.0753, 258.4712
736, 81.1083, 258.2200
737, 81.1413, 257.9688
738, 81.1743, 257.7176
739, 81.2073, 257.4664
740, 81.2403, 257.2151
741, 81.1003, 258.6124
742, 80.9604, 260.0096
743, 80.8205, 261.4068
744, 80.6805, 262.8040
745, 80.5406, 264.2012
746, 80.4007, 265.5984
747, 80.2607, 266.9956
748, 80.1208, 268.3928
749, 79.9809, 269.7900
750, 79.8410, 271.1872
751, 79.7010, 272.5845
752, 79.5611, 273.9817
753, 79.4212, 275.3789
754, 79.2812, 276.7761
755, 79.1413, 278.1733
756, 79.0014, 279.5705
757, 78.8614, 280.9677
758, 78.7215, 282.3649
759, 78.5816, 283.7621
760, 78.4416, 285.1593
761, 78.5041, 284.6715
762, 78.5666, 284.1837
763, 78.6290, 283.6958
764, 78.6915, 283.2080
765, 78.7540, 282.7201
766, 78.8164, 282.2323
767, 78.8789, 281.7444
768, 78.9414, 281.2566
769, 79.0038, 280.7688
770, 79.0663, 280.2809
771, 79.1288, 279.7931
772, 79.1912, 279.3052
773, 79.2537, 278.8174
774, 79.3162, 278.3296
775, 79.3786, 277.8417
776, 79.4411, 277.3539
777, 79.5036, 276.8660
778, 79.5660, 276.3782
779, 79.6285, 275.8904
780, 79.6910, 275.4025
781, 79.6941, 275.4481
782, 79.6973, 275.4936
783, 79.7004, 275.5392
784, 79.7036, 275.5847
785, 79.7068, 275.6303
786, 79.7099, 275.6759
787, 79.7131, 275.7214
788, 79.7162, 275.7670
789, 79.7194, 275.8125
790, 79.7226, 275.8581
791, 79.7257, 275.9036
792, 79.7289, 275.9492
793, 79.7321, 275.9948
794, 79.7352, 276.0403
795, 79.7384, 276.0859
796, 79.7415, 276.1314
797, 79.7447, 276.1770
798, 79.7479, 276.2225
799, 79.7510, 276.2681
800, 79.7542, 276.3137
801, 79.8084, 275.8207
802, 79.8626, 275.3278
803, 79.9168, 274.8349
804, 79.9710, 274.3420
805, 80.0252, 273.8490
806, 80.0794, 273.3561
807, 80.1336, 272.8632
808, 80.1878, 272.3703
809, 80.2420, 271.8773
810, 80.2962, 271.3844
811, 80.3504, 270.8915
812, 80.4046, 270.3986
813, 80.4588, 269.9056
814, 80.5130, 269.4127
815, 80.5672, 268.9198
816, 80.6214, 268.4269
817, 80.6756, 267.9339
818, 80.7298, 267.4410
819, 80.7840, 266.9481
820, 80.8382, 266.4552
821, 80.8142, 266.5903
822, 80.7903, 266.7254
823, 80.7664, 266.8605
824, 80.7424, 266.9956
825, 80.7185, 267.1307
826, 80.6945, 267.2658
827, 80.6706, 267.4010
828, 80.6467, 267.5361
829, 80.6227, 267.6712
830, 80.5988, 267.8063
831, 80.5748, 267.9414
832, 80.5509, 268.0765
833, 80.5270, 268.2116
834, 80.5030, 268.3467
835, 80.4791, 268.4819
836, 80.4551, 268.6170
837, 80.4312, 268.7521
838, 80.4072, 268.8872
839, 80.3833, 269.0223
840, 80.3594, 269.1574
841, 80.3208, 269.4093
842, 80.2823, 269.6612
843, 80.2438, 269.9131
844, 80.2053, 270.1651
845, 80.1668, 270.4169
846, 80.1283, 270.6689
847, 80.0897, 270.9208
848, 80.0512, 271.1727
849, 80.0127, 271.4246
850, 79.9742, 271.6765
851, 79.9357, 271.9284
852, 79.8971, 272.1803
853, 79.8586, 272.4322
854, 79.8201, 272.6841
855, 79.7816, 272.9360
856, 79.7431, 273.1879
857, 79.7045, 273.4398
858, 79.6660, 273.6917
859, 79.6275, 273.9436
860, 79.5890, 274.1955
861, 79.5323, 274.6814
862, 79.4757, 275.1673
863, 79.4191, 275.6531
864, 79.3625, 276.1390
865, 79.3058, 276.6249
866, 79.2492, 277.1107
867, 79.1926, 277.5966
868, 79.1359, 278.0825
869, 79.0793, 278.5683
870, 79.0227, 279.0542
871, 78.9660, 279.5401
872, 78.9094, 280.0259
873, 78.8528, 280.5118
874, 78.7961, 280.9977
875, 78.7395, 281.4835
876, 78.6829, 281.9694
877, 78.6262, 282.4553
878, 78.5696, 282.9411
879, 78.5130, 283.4270
880, 78.4564, 283.9129
881, 78.4585, 283.7149
882, 78.4607, 283.5169
883, 78.4628, 283.3189
884, 78.4650, 283.1209
885, 78.4671, 282.9229
886, 78.4693, 282.7250
887, 78.4714, 282.5270
888, 78.4736, 282.3290
889, 78.4757, 282.1310
890, 78.4779, 281.9330
891, 78.4800, 281.7350
892, 78.4822, 281.5370
893, 78.4843, 281.3391
894, 78.4865, 281.1411
895, 78.4886, 280.9431
896, 78.4908, 280.7451
897, 78.4929, 280.5471
898, 78.4951, 280.3491
899, 78.4972, 280.1511
900, 78.4994, 279.9531
901, 78.6819, 278.0397
902, 78.8644, 276.1262
903, 79.0469, 274.2128
904, 79.2294, 272.2993
905, 79.4119, 270.3858
906, 79.5944, 268.4724
907, 79.7769, 266.5589
908, 79.9594, 264.6455
909, 80.1419, 262.7320
910, 80.3244, 260.8185
911, 80.5069, 258.9051
912, 80.6894, 256.9916
913, 80.8719, 255.0781
914, 81.0544, 253.1647
915, 81.2369, 251.2512
916, 81.4194, 249.3378
917, 81.6018, 247.4243
918, 81.7843, 245.5108
919, 81.9668, 243.5974
920, 82.1493, 241.6839
921, 82.0314, 242.9886
922, 81.9136, 244.2933
923, 81.7957, 245.5980
924, 81.6778, 246.9027
925, 81.5599, 248.2074
926, 81.4420, 249.5121
927, 81.3241, 250.8168
928, 81.2062, 252.1215
929, 81.0883, 253.4262
930, 80.9704, 254.7309
931, 80.8525, 256.0356
932, 80.7346, 257.3403
933, 80.6167, 258.6450
934, 80.4988, 259.9497
935, 80.3809, 261.2544
936, 80.2630, 262.5591
937, 80.1451, 263.8638
938, 80.0272, 265.1685
939, 79.9093, 266.4732
940, 79.7914, 267.7779
941, 79.8255, 267.6842
942, 79.8597, 267.5904
943, 79.8938, 267.4967
944, 79.9280, 267.4030
945, 79.9621, 267.3092
946, 79.9963, 267.2155
947, 80.0304, 267.1217
948, 80.0646, 267.0280
949, 80.0987, 266.9343
950, 80.1329, 266.8405
951, 80.1670, 266.7468
952, 80.2012, 266.6531
953, 80.2353, 266.5593
954, 80.2695, 266.4656
955, 80.3036, 266.3718
956, 80.3378, 266.2781
957, 80.3719, 266.1844
958, 80.4061, 266.0906
959, 80.4402, 265.9969
960, 80.4744, 265.9032
961, 80.4049, 266.7598
962, 80.3353, 267.6165
963, 80.2658, 268.4731
964, 80.1963, 269.3298
965, 80.1268, 270.1864
966, 80.0573, 271.0431
967, 79.9878, 271.8997
968, 79.9183, 272.7564
969, 79.8487, 273.6131
970, 79.7792, 274.4697
971, 79.7097, 275.3264
972, 79.6402, 276.1830
973, 79.5707, 277.0397
974, 79.5012, 277.8963
975, 79.4317, 278.7530
976, 79.3621, 279.6096
977, 79.2926, 280.4663
978, 79.2231, 281.3230
979, 79.1536, 282.1796
980, 79.0841, 283.0363
981, 79.2005, 282.3307
982, 79.3170, 281.6251
983, 79.4334, 280.9195
984, 79.5499, 280.2139
985, 79.6663, 279.5083
986, 79.7827, 278.8027
987, 79.8992, 278.0971
988, 80.0156, 277.3915
989, 80.1321, 276.6858
990, 80.2485, 275.9802
991, 80.3650, 275.2746
992, 80.4814, 274.5690
993, 80.5979, 273.8634
994, 80.7143, 273.1578
995, 80.8307, 272.4522
996, 80.9472, 271.7466
997, 81.0636, 271.0410
998, 81.1801, 270.3354
999, 81.2965, 269.6298
1000, 81.4130, 268.9242
1001, 81.3760, 269.4117
1002, 81.3390, 269.8991
1003, 81.3020, 270.3866
1004, 81.2650, 270.8740
1005, 81.2280, 271.3615
1006, 81.1910, 271.8489
1007, 81.1540, 272.3364
1008, 81.1171, 272.8238
1009, 81.0801, 273.3113
1010, 81.0431, 273.7987
1011, 81.0061, 274.2862
1012, 80.9691, 274.7736
1013, 80.9321, 275.2611
1014, 80.8951, 275.7486
1015, 80.8581, 276.2360
1016, 80.8212, 276.7235
1017, 80.7842, 277.2109
1018, 80.7472, 277.6984
1019, 80.7102, 278.1858
1020, 80.6732, 278.6733
1021, 80.6707, 278.6597
1022, 80.6682, 278.6461
1023, 80.6658, 278.6326
1024, 80.6633, 278.6190
1025, 80.6608, 278.6054
1026, 80.6583, 278.5918
1027, 80.6559, 278.5783
1028, 80.6534, 278.5647
1029, 80.6509, 278.5512
1030, 80.6484, 278.5376
1031, 80.6460, 278.5240
1032, 80.6435, 278.5104
1033, 80.6410, 278.4969
1034, 80.6385, 278.4833
1035, 80.6361, 278.4697
1036, 80.6336, 278.4562
1037, 80.6311, 278.4426
1038, 80.6286, 278.4290
1039, 80.6262, 278.4155
1040, 80.6237, 278.4019
1041, 80.5725, 278.7709
1042, 80.5213, 279.1399
1043, 80.4702, 279.5089
1044, 80.4190, 279.8780
1045, 80.3678, 280.2470
1046, 80.3166, 280.6160
1047, 80.2655, 280.9850
1048, 80.2143, 281.3541
1049, 80.1631, 281.7231
1050, 80.1119, 282.0921
1051, 80.0607, 282.4611
1052, 80.0096, 282.8302
1053, 79.9584, 283.1992
1054, 79.9072, 283.5682
1055, 79.8560, 283.9372
1056, 79.8049, 284.3062
1057, 79.7537, 284.6753
1058, 79.7025, 285.0443
1059, 79.6513, 285.4133
1060, 79.6002, 285.7823
1061, 79.5638, 286.1101
1062, 79.5274, 286.4379
1063, 79.4910, 286.7657
1064, 79.4547, 287.0935
1065, 79.4183, 287.4213
1066, 79.3819, 287.7491
1067, 79.3456, 288.0768
1068, 79.3092, 288.4046
1069, 79.2728, 288.7324
1070, 79.2364, 289.0602
1071, 79.2001, 289.3880
1072, 79.1637, 289.7158
1073, 79.1273, 290.0436
1074, 79.0910, 290.3714
1075, 79.0546, 290.6991
1076, 79.0182, 291.0269
1077, 78.9818, 291.3547
1078, 78.9455, 291.6825
1079, 78.9091, 292.0103
1080, 78.8727, 292.3381
1081, 78.9994, 290.9352
1082, 79.1261, 289.5323
1083, 79.2528, 288.1294
1084, 79.3794, 286.7265
1085, 79.5061, 285.3236
1086, 79.6328, 283.9207
1087, 79.7595, 282.5177
1088, 79.8861, 281.1148
1089, 80.0128, 279.7119
1090, 80.1395, 278.3090
1091, 80.2662, 276.9061
1092, 80.3928, 275.5032
1093, 80.5195, 274.1003
1094, 80.6462, 272.6974
1095, 80.7729, 271.2945
1096, 80.8995, 269.8916
1097, 81.0262, 268.4887
1098, 81.1529, 267.0858
1099, 81.2796, 265.6829
1100, 81.4062, 264.2800
1101, 81.3209, 265.0261
1102, 81.2355, 265.7722
1103, 81.1502, 266.5183
1104, 81.0648, 267.2644
1105, 80.9795, 268.0105
1106, 80.8941, 268.7566
1107, 80.8088, 269.5027
1108, 80.7234, 270.2488
1109, 80.6381, 270.9949
1110, 80.5527, 271.7410
1111, 80.4674, 272.4871
1112, 80.3820, 273.2332
1113, 80.2966, 273.9793
1114, 80.2113, 274.7254
1115, 80.1259, 275.4715
1116, 80.0406, 276.2176
1117, 79.9552, 276.9637
1118, 79.8699, 277.7098
1119, 79.7845, 278.4559
1120, 79.6992, 279.2020
1121, 79.5352, 280.8395
1122, 79.3713, 282.4770
1123, 79.2074, 284.1145
1124, 79.0434, 285.7520
1125, 78.8795, 287.3896
1126, 78.7156, 289.0271
1127, 78.5516, 290.6646
1128, 78.3877, 292.3021
1129, 78.2238, 293.9396
1130, 78.0598, 295.5771
1131, 77.8959, 297.2147
1132, 77.7320, 298.8522
1133, 77.5680, 300.4897
1134, 77.4041, 302.1272
1135, 77.2402, 303.7648
1136, 77.0762, 305.4023
1137, 76.9123, 307.0398
1138, 76.7484, 308.6773
1139, 76.5844, 310.3148
1140, 76.4205, 311.9523
1141, 76.6736, 309.3931
1142, 76.9266, 306.8339
1143, 77.1797, 304.2746
1144, 77.4328, 301.7154
1145, 77.6858, 299.1561
1146, 77.9389, 296.5969
1147, 78.1919, 294.0376
1148, 78.4450, 291.4784
1149, 78.6981, 288.9191
1150, 78.9511, 286.3599
1151, 79.2042, 283.8006
1152, 79.4573, 281.2414
1153, 79.7103, 278.6821
1154, 79.9634, 276.1229
1155, 80.2164, 273.5637
1156, 80.4695, 271.0044
1157, 80.7226, 268.4452
1158, 80.9756, 265.8859
1159, 81.2287, 263.3267
1160, 81.4818, 260.7674
1161, 81.4563, 260.8501
1162, 81.4308, 260.9328
1163, 81.4053, 261.0155
1164, 81.3798, 261.0982
1165, 81.3544, 261.1808
1166, 81.3289, 261.2635
1167, 81.3034, 261.3462
1168, 81.2779, 261.4289
1169, 81.2525, 261.5116
1170, 81.2270, 261.5943
1171, 81.2015, 261.6770
1172, 81.1760, 261.7596
1173, 81.1506, 261.8423
1174, 81.1251, 261.9250
1175, 81.0996, 262.0077
1176, 81.0741, 262.0904
1177, 81.0487, 262.1731
1178, 81.0232, 262.2558
1179, 80.9977, 262.3385
1180, 80.9722, 262.4211
1181, 80.9867, 262.2154
1182, 81.0012, 262.0097
1183, 81.0156, 261.8040
1184, 81.0301, 261.5983
1185, 81.0445, 261.3926
1186, 81.0590, 261.1869
1187, 81.0735, 260.9812
1188, 81.0879, 260.7755
1189, 81.1024, 260.5698
1190, 81.1169, 260.3641
1191, 81.1313, 260.1583
1192, 81.1458, 259.9526
1193, 81.1603, 259.7469
1194, 81.1747, 259.5412
1195, 81.1892, 259.3355
1196, 81.2037, 259.1298
1197, 81.2181, 258.9241
1198, 81.2326, 258.7184
1199, 81.2471, 258.5127
1200, 81.2615, 258.3070
1201, 81.2086, 258.6651
1202, 81.1556, 259.0232
1203, 81.1026, 259.3814
1204, 81.0497, 259.7395
1205, 80.9967, 260.0976
1206, 80.9438, 260.4558
1207, 80.8908, 260.8139
1208, 80.8379, 261.1720
1209, 80.7849, 261.5302
1210, 80.7319, 261.8883
1211, 80.6790, 262.2465
1212, 80.6260, 262.6046
1213, 80.5731, 262.9627
1214, 80.5201, 263.3209
1215, 80.4671, 263.6790
1216, 80.4142, 264.0371
1217, 80.3612, 264.3953
1218, 80.3083, 264.7534
1219, 80.2553, 265.1115
1220, 80.2024, 265.4697
1221, 80.2526, 264.9431
1222, 80.3029, 264.4165
1223, 80.3532, 263.8899
1224, 80.4034, 263.3633
1225, 80.4537, 262.8367
1226, 80.5040, 262.3101
1227, 80.5542, 261.7835
1228, 80.6045, 261.2570
1229, 80.6548, 260.7304
1230, 80.7050, 260.2038
1231, 80.7553, 259.6772
1232, 80.8056, 259.1506
1233, 80.8558, 258.6240
1234, 80.9061, 258.0974
1235, 80.9564, 257.5709
1236, 81.0066, 257.0443
1237, 81.0569, 256.5177
1238, 81.1072, 255.9911
1239, 81.1574, 255.4645
1240, 81.2077, 254.9379
1241, 81.1804, 255.1453
1242, 81.1531, 255.3526
1243, 81.1259, 255.5600
1244, 81.0986, 255.7673
1245, 81.0713, 255.9747
1246, 81.0440, 256.1820
1247, 81.0168, 256.3894
1248, 80.9895, 256.5967
1249, 80.9622, 256.8041
1250, 80.9349, 257.0114
1251, 80.9077, 257.2188
1252, 80.8804, 257.4261
1253, 80.8531, 257.6335
1254, 80.8258, 257.8408
1255, 80.7986, 258.0482
1256, 80.7713, 258.2555
1257, 80.7440, 258.4629
1258, 80.7167, 258.6702
1259, 80.6895, 258.8776
1260, 80.6622, 259.0849
1261, 80.7755, 257.7731
1262, 80.8887, 256.4613
1263, 81.0020, 255.1496
1264, 81.1153, 253.8378
1265, 81.2285, 252.5260
1266, 81.3418, 251.2142
1267, 81.4551, 249.9025
1268, 81.5683, 248.5907
1269, 81.6816, 247.2789
1270, 81.7949, 245.9671
1271, 81.9081, 244.6553
1272, 82.0214, 243.3436
1273, 82.1347, 242.0318
1274, 82.2479, 240.7200
1275, 82.3612, 239.4082
1276, 82.4745, 238.0964
1277, 82.5877, 236.7847
1278, 82.7010, 235.4729
1279, 82.8143, 234.1611
1280, 82.9275, 232.8493
1281, 82.8486, 233.6884
1282, 82.7697, 234.5275
1283, 82.6908, 235.3666
1284, 82.6119, 236.2057
1285, 82.5330, 237.0447
1286, 82.4541, 237.8838
1287, 82.3752, 238.7229
1288, 82.2963, 239.5620
1289, 82.2174, 240.4011
1290, 82.1385, 241.2402
1291, 82.0596, 242.0792
1292, 81.9807, 242.9183
1293, 81.9018, 243.7574
1294, 81.8229, 244.5965
1295, 81.7440, 245.4356
1296, 81.6651, 246.2747
1297, 81.5862, 247.1137
1298, 81.5073, 247.9528
1299, 81.4284, 248.7919
1300, 81.3495, 249.6310
1301, 81.4306, 248.6466
1302, 81.5118, 247.6622
1303, 81.5930, 246.6778
1304, 81.6742, 245.6935
1305, 81.7553, 244.7091
1306, 81.8365, 243.7247
1307, 81.9177, 242.7403
1308, 81.9989, 241.7559
1309, 82.0801, 240.7715
1310, 82.1612, 239.7872
1311, 82.2424, 238.8028
1312, 82.3236, 237.8184
1313, 82.4048, 236.8340
1314, 82.4859, 235.8496
1315, 82.5671, 234.8653
1316, 82.6483, 233.8809
1317, 82.7295, 232.8965
1318, 82.8106, 231.9121
1319, 82.8918, 230.9277
1320, 82.9730, 229.9434
1321, 82.9115, 230.5883
1322, 82.8500, 231.2332
1323, 82.7885, 231.8781
1324, 82.7270, 232.5231
1325, 82.6655, 233.1680
1326, 82.6040, 233.8129
1327, 82.5425, 234.4579
1328, 82.4810, 235.1028
1329, 82.4194, 235.7477
1330, 82.3579, 236.3927
1331, 82.2964, 237.0376
1332, 82.2349, 237.6825
1333, 82.1734, 238.3275
1334, 82.1119, 238.9724
1335, 82.0504, 239.6173
1336, 81.9889, 240.2623
1337, 81.9274, 240.9072
1338, 81.8659, 241.5521
1339, 81.8044, 242.1971
1340, 81.7429, 242.8420
1341, 81.7223, 242.8879
1342, 81.7017, 242.9338
1343, 81.6811, 242.9797
1344, 81.6605, 243.0256
1345, 81.6399, 243.0715
1346, 81.6193, 243.1174
1347, 81.5987, 243.1633
1348, 81.5781, 243.2092
1349, 81.5575, 243.2551
1350, 81.5369, 243.3010
1351, 81.5163, 243.3469
1352, 81.4957, 243.3928
1353, 81.4751, 243.4387
1354, 81.4545, 243.4847
1355, 81.4339, 243.5306
1356, 81.4133, 243.5765
1357, 81.3927, 243.6224
1358, 81.3721, 243.6683
1359, 81.3515, 243.7142
1360, 81.3309, 243.7601
1361, 81.3975, 243.0782
1362, 81.4640, 242.3963
1363, 81.5306, 241.7144
1364, 81.5971, 241.0326
1365, 81.6637, 240.3507
1366, 81.7303, 239.6688
1367, 81.7968, 238.9869
1368, 81.8634, 238.3051
1369, 81.9300, 237.6232
1370, 81.9965, 236.9413
1371, 82.0631, 236.2594
1372, 82.1296, 235.5775
1373, 82.1962, 234.8957
1374, 82.2628, 234.2138
1375, 82.3293, 233.5319
1376, 82.3959, 232.8500
1377, 82.4624, 232.1682
1378, 82.5290, 231.4863
1379, 82.5956, 230.8044
1380, 82.6621, 230.1225
1381, 82.5039, 231.5653
1382, 82.3457, 233.0081
1383, 82.1875, 234.4509
1384, 82.0293, 235.8937
1385, 81.8711, 237.3364
1386, 81.7129, 238.7792
1387, 81.5546, 240.2220
1388, 81.3964, 241.6648
1389, 81.2382, 243.1076
1390, 81.0800, 244.5504
1391, 80.9218, 245.9932
1392, 80.7636, 247.4359
1393, 80.6054, 248.8787
1394, 80.4471, 250.3215
1395, 80.2889, 251.7643
1396, 80.1307, 253.2071
1397, 79.9725, 254.6499
1398, 79.8143, 256.0926
1399, 79.6561, 257.5354
1400, 79.4979, 258.9782
1401, 79.6167, 257.6577
1402, 79.7355, 256.3372
1403, 79.8544, 255.0167
1404, 79.9732, 253.6962
1405, 80.0921, 252.3757
1406, 80.2109, 251.0552
1407, 80.3297, 249.7347
1408, 80.4486, 248.4142
1409, 80.5674, 247.0937
1410, 80.6862, 245.7732
1411, 80.8051, 244.4527
1412, 80.9239, 243.1322
1413, 81.0428, 241.8117
1414, 81.1616, 240.4912
1415, 81.2804, 239.1707
1416, 81.3993, 237.8502
1417, 81.5181, 236.5297
1418, 81.6370, 235.2092
1419, 81.7558, 233.8887
1420, 81.8746, 232.5682
1421, 81.9690, 231.6466
1422, 82.0633, 230.7249
1423, 82.1577, 229.8032
1424, 82.2520, 228.8815
1425, 82.3463, 227.9598
1426, 82.4407, 227.0381
1427, 82.5350, 226.1164
1428, 82.6294, 225.1947
1429, 82.7237, 224.2730
1430, 82.8181, 223.3513
1431, 82.9124, 222.4296
1432, 83.0068, 221.5079
1433, 83.1011, 220.5862
1434, 83.1954, 219.6645
1435, 83.2898, 218.7428
1436, 83.3841, 217.8211
1437, 83.4785, 216.8994
1438, 83.5728, 215.9777
1439, 83.6672, 215.0560
1440, 83.7615, 214.1343
1441, 83.7645, 214.1034
1442, 83.7676, 214.0725
1443, 83.7706, 214.0416
1444, 83.7736, 214.0107
1445, 83.7767, 213.9798
1446, 83.7797, 213.9489
1447, 83.7827, 213.9180
1448, 83.7858, 213.8871
1449, 83.7888, 213.8562
1450, 83.7918, 213.8253
1451, 83.7948, 213.7943
1452, 83.7979, 213.7634
1453, 83.8009, 213.7325
1454, 83.8039, 213.7016
1455, 83.8070, 213.6707
1456, 83.8100, 213.6398
1457, 83.8130, 213.6089
1458, 83.8161, 213.5780
1459, 83.8191, 213.5471
1460, 83.8221, 213.5162
1461, 83.7805, 213.7531
1462, 83.7388, 213.9900
1463, 83.6971, 214.2270
1464, 83.6555, 214.4639
1465, 83.6138, 214.7008
1466, 83.5722, 214.9377
1467, 83.5305, 215.1747
1468, 83.4888, 215.4116
1469, 83.4472, 215.6485
1470, 83.4055, 215.8855
1471, 83.3639, 216.1224
1472, 83.3222, 216.3593
1473, 83.2805, 216.5962
1474, 83.2389, 216.8332
1475, 83.1972, 217.0701
1476, 83.1556, 217.3070
1477, 83.1139, 217.5440
1478, 83.0722, 217.7809
1479, 83.0306, 218.0178
1480, 82.9889, 218.2547
1481, 82.9634, 218.4717
1482, 82.9379, 218.6887
1483, 82.9123, 218.9057
1484, 82.8868, 219.1226
1485, 82.8613, 219.3396
1486, 82.8358, 219.5566
1487, 82.8102, 219.7735
1488, 82.7847, 219.9905
1489, 82.7592, 220.2075
1490, 82.7337, 220.4245
1491, 82.7082, 220.6414
1492, 82.6826, 220.8584
1493, 82.6571, 221.0754
1494, 82.6316, 221.2923
1495, 82.6061, 221.5093
1496, 82.5805, 221.7263
1497, 82.5550, 221.9433
1498, 82.5295, 222.1602
1499, 82.5040, 222.3772
1500, 82.4784, 222.5942
1501, 82.5330, 221.9568
1502, 82.5875, 221.3193
1503, 82.6420, 220.6819
1504, 82.6965, 220.0445
1505, 82.7510, 219.4071
1506, 82.8055, 218.7696
1507, 82.8600, 218.1322
1508, 82.9145, 217.4948
1509, 82.9691, 216.8574
1510, 83.0236, 216.2200
1511, 83.0781, 215.5825
1512, 83.1326, 214.9451
1513, 83.1871, 214.3077
1514, 83.2416, 213.6703
1515, 83.2961, 213.0329
1516, 83.3507, 212.3954
1517, 83.4052, 211.7580
1518, 83.4597, 211.1206
1519, 83.5142, 210.4832
1520, 83.5687, 209.8457
1521, 83.5018, 210.4087
1522, 83.4349, 210.9717
1523, 83.3679, 211.5347
1524, 83.3010, 212.0977
1525, 83.2341, 212.6607
1526, 83.1672, 213.2237
1527, 83.1002, 213.7867
1528, 83.0333, 214.3497
1529, 82.9664, 214.9126
1530, 82.8995, 215.4756
1531, 82.8325, 216.0386
1532, 82.7656, 216.6016
1533, 82.6987, 217.1646
1534, 82.6318, 217.7276
1535, 82.5648, 218.2906
1536, 82.4979, 218.8536
1537, 82.4310, 219.4166
1538, 82.3641, 219.9795
1539, 82.2971, 220.5425
1540, 82.2302, 221.1055
1541, 82.2167, 221.2445
1542, 82.2032, 221.3834
1543, 82.1897, 221.5223
1544, 82.1762, 221.6612
1545, 82.1627, 221.8001
1546, 82.1492, 221.9391
1547, 82.1357, 222.0780
1548, 82.1222, 222.2169
1549, 82.1087, 222.3558
1550, 82.0952, 222.4947
1551, 82.0817, 222.6337
1552, 82.0682, 222.7726
1553, 82.0547, 222.9115
1554, 82.0412, 223.0504
1555, 82.0277, 223.1894
1556, 82.0142, 223.3283
1557, 82.0007, 223.4672
1558, 81.9872, 223.6061
1559, 81.9737, 223.7450
1560, 81.9602, 223.8840
1561, 81.9666, 223.6884
1562, 81.9730, 223.4929
1563, 81.9793, 223.2973
1564, 81.9857, 223.1017
1565, 81.9921, 222.9062
1566, 81.9985, 222.7107
1567, 82.0048, 222.5151
1568, 82.0112, 222.3195
1569, 82.0176, 222.1240
1570, 82.0240, 221.9284
1571, 82.0303, 221.7329
1572, 82.0367, 221.5373
1573, 82.0431, 221.3418
1574, 82.0495, 221.1462
1575, 82.0558, 220.9507
1576, 82.0622, 220.7552
1577, 82.0686, 220.5596
1578, 82.0750, 220.3640
1579, 82.0814, 220.1685
1580, 82.0877, 219.9730
1581, 82.1278, 219.5068
1582, 82.1678, 219.0406
1583, 82.2078, 218.5744
1584, 82.2479, 218.1082
1585, 82.2879, 217.6420
1586, 82.3279, 217.1759
1587, 82.3680, 216.7097
1588, 82.4080, 216.2435
1589, 82.4480, 215.7773
1590, 82.4881, 215.3111
1591, 82.5281, 214.8450
1592, 82.5681, 214.3788
1593, 82.6082, 213.9126
1594, 82.6482, 213.4464
1595, 82.6882, 212.9802
1596, 82.7283, 212.5141
1597, 82.7683, 212.0479
1598, 82.8083, 211.5817
1599, 82.8484, 211.1155
1600, 82.8884, 210.6493
1601, 82.9025, 210.5264
1602, 82.9166, 210.4035
1603, 82.9306, 210.2806
1604, 82.9447, 210.1577
1605, 82.9588, 210.0349
1606, 82.9729, 209.9120
1607, 82.9870, 209.7891
1608, 83.0011, 209.6662
1609, 83.0152, 209.5433
1610, 83.0292, 209.4204
1611, 83.0433, 209.2975
1612, 83.0574, 209.1746
1613, 83.0715, 209.0517
1614, 83.0856, 208.9288
1615, 83.0997, 208.8059
1616, 83.1137, 208.6830
1617, 83.1278, 208.5601
1618, 83.1419, 208.4372
1619, 83.1560, 208.3143
1620, 83.1701, 208.1914
1621, 83.1495, 208.3024
1622, 83.1289, 208.4135
1623, 83.1084, 208.5246
1624, 83.0878, 208.6356
1625, 83.0672, 208.7467
1626, 83.0466, 208.8577
1627, 83.0261, 208.9688
1628, 83.0055, 209.0799
1629, 82.9849, 209.1909
1630, 82.9643, 209.3020
1631, 82.9438, 209.4130
1632, 82.9232, 209.5241
1633, 82.9026, 209.6352
1634, 82.8820, 209.7462
1635, 82.8615, 209.8572
1636, 82.8409, 209.9683
1637, 82.8203, 210.0794
1638, 82.7997, 210.1904
1639, 82.7792, 210.3015
1640, 82.7586, 210.4125
1641, 82.7027, 211.0322
1642, 82.6468, 211.6518
1643, 82.5909, 212.2714
1644, 82.5350, 212.8910
1645, 82.4791, 213.5106
1646, 82.4233, 214.1302
1647, 82.3674, 214.7498
1648, 82.3115, 215.3695
1649, 82.2556, 215.9891
1650, 82.1997, 216.6087
1651, 82.1438, 217.2283
1652, 82.0879, 217.8479
1653, 82.0321, 218.4675
1654, 81.9762, 219.0872
1655, 81.9203, 219.7068
1656, 81.8644, 220.3264
1657, 81.8085, 220.9460
1658, 81.7526, 221.5656
1659, 81.6967, 222.1852
1660, 81.6408, 222.8048
1661, 81.6595, 222.5141
1662, 81.6782, 222.2233
1663, 81.6969, 221.9325
1664, 81.7155, 221.6418
1665, 81.7342, 221.3510
1666, 81.7529, 221.0602
1667, 81.7715, 220.7695
1668, 81.7902, 220.4787
1669, 81.8089, 220.1879
1670, 81.8275, 219.8972
1671, 81.8462, 219.6064
1672, 81.8649, 219.3156
1673, 81.8835, 219.0248
1674, 81.9022, 218.7341
1675, 81.9209, 218.4433
1676, 81.9396, 218.1525
1677, 81.9582, 217.8617
1678, 81.9769, 217.5710
1679, 81.9956, 217.2802
1680, 82.0142, 216.9894
1681, 82.0767, 216.4216
1682, 82.1392, 215.8537
1683, 82.2017, 215.2858
1684, 82.2641, 214.7179
1685, 82.3266, 214.1500
1686, 82.3891, 213.5821
1687, 82.4515, 213.0142
1688, 82.5140, 212.4463
1689, 82.5765, 211.8784
1690, 82.6390, 211.3105
1691, 82.7014, 210.7426
1692, 82.7639, 210.1747
1693, 82.8264, 209.6068
1694, 82.8888, 209.0389
1695, 82.9513, 208.4710
1696, 83.0138, 207.9031
1697, 83.0763, 207.3352
1698, 83.1387, 206.7673
1699, 83.2012, 206.1994
1700, 83.2637, 205.6315
1701, 83.2845, 205.4692
1702, 83.3054, 205.3069
1703, 83.3263, 205.1445
1704, 83.3472, 204.9822
1705, 83.3680, 204.8199
1706, 83.3889, 204.6575
1707, 83.4098, 204.4952
1708, 83.4307, 204.3328
1709, 83.4515, 204.1705
1710, 83.4724, 204.0082
1711, 83.4933, 203.8458
1712, 83.5142, 203.6835
1713, 83.5350, 203.5211
1714, 83.5559, 203.3588
1715, 83.5768, 203.1965
1716, 83.5977, 203.0341
1717, 83.6185, 202.8718
1718, 83.6394, 202.7094
1719, 83.6603, 202.5471
1720, 83.6812, 202.3848
1721, 83.6267, 202.7205
1722, 83.5723, 203.0563
1723, 83.5179, 203.3920
1724, 83.4635, 203.7277
1725, 83.4091, 204.0635
1726, 83.3547, 204.3992
1727, 83.3002, 204.7350
1728, 83.2458, 205.0707
1729, 83.1914, 205.4064
1730, 83.1370, 205.7422
1731, 83.0826, 206.0779
1732, 83.0282, 206.4137
1733, 82.9737, 206.7494
1734, 82.9193, 207.0851
1735, 82.8649, 207.4209
1736, 82.8105, 207.7566
1737, 82.7561, 208.0924
1738, 82.7017, 208.4281
1739, 82.6472, 208.7638
1740, 82.5928, 209.0996
1741, 82.6469, 208.6620
1742, 82.7011, 208.2244
1743, 82.7552, 207.7869
1744, 82.8093, 207.3493
1745, 82.8634, 206.9117
1746, 82.9176, 206.4742
1747, 82.9717, 206.0366
1748, 83.0258, 205.5990
1749, 83.0799, 205.1614
1750, 83.1340, 204.7239
1751, 83.1882, 204.2863
1752, 83.2423, 203.8487
1753, 83.2964, 203.4112
1754, 83.3505, 202.9736
1755, 83.4046, 202.5360
1756, 83.4588, 202.0984
1757, 83.5129, 201.6609
1758, 83.5670, 201.2233
1759, 83.6211, 200.7857
1760, 83.6752, 200.3481
1761, 83.6726, 200.2834
1762, 83.6699, 200.2186
1763, 83.6672, 200.1539
1764, 83.6645, 200.0891
1765, 83.6619, 200.0244
1766, 83.6592, 199.9596
1767, 83.6565, 199.8949
1768, 83.6538, 199.8301
1769, 83.6512, 199.7653
1770, 83.6485, 199.7006
1771, 83.6458, 199.6358
1772, 83.6431, 199.5711
1773, 83.6405, 199.5063
1774, 83.6378, 199.4416
1775, 83.6351, 199.3768
1776, 83.6324, 199.3121
1777, 83.6298, 199.2473
1778, 83.6271, 199.1825
1779, 83.6244, 199.1178
1780, 83.6217, 199.0530
1781, 83.6147, 198.9933
1782, 83.6077, 198.9336
1783, 83.6006, 198.8738
1784, 83.5936, 198.8141
1785, 83.5865, 198.7544
1786, 83.5795, 198.6946
1787, 83.5725, 198.6349
1788, 83.5654, 198.5752
1789, 83.5584, 198.5154
1790, 83.5513, 198.4557
1791, 83.5443, 198.3960
1792, 83.5373, 198.3362
1793, 83.5302, 198.2765
1794, 83.5232, 198.2168
1795, 83.5161, 198.1570
1796, 83.5091, 198.0973
1797, 83.5021, 198.0376
1798, 83.4950, 197.9778
1799, 83.4880, 197.9181
1800, 83.4809, 197.8584
1801, 83.4359, 198.3269
1802, 83.3909, 198.7954
1803, 83.3459, 199.2639
1804, 83.3009, 199.7324
1805, 83.2559, 200.2009
1806, 83.2109, 200.6694
1807, 83.1659, 201.1378
1808, 83.1209, 201.6063
1809, 83.0759, 202.0748
1810, 83.0309, 202.5433
1811, 82.9859, 203.0118
1812, 82.9409, 203.4803
1813, 82.8959, 203.9488
1814, 82.8509, 204.4173
1815, 82.8058, 204.8858
1816, 82.7608, 205.3543
1817, 82.7158, 205.8228
1818, 82.6708, 206.2913
1819, 82.6258, 206.7598
1820, 82.5808, 207.2283
1821, 82.5781, 207.2621
1822, 82.5754, 207.2959
1823, 82.5728, 207.3296
1824, 82.5701, 207.3634
1825, 82.5674, 207.3972
1826, 82.5647, 207.4309
1827, 82.5620, 207.4647
1828, 82.5593, 207.4985
1829, 82.5567, 207.5323
1830, 82.5540, 207.5660
1831, 82.5513, 207.5998
1832, 82.5486, 207.6336
1833, 82.5459, 207.6674
1834, 82.5433, 207.7011
1835, 82.5406, 207.7349
1836, 82.5379, 207.7687
1837, 82.5352, 207.8024
1838, 82.5325, 207.8362
1839, 82.5298, 207.8700
1840, 82.5272, 207.9038
1841, 82.6612, 206.5879
1842, 82.7952, 205.2721
1843, 82.9292, 203.9562
1844, 83.0632, 202.6404
1845, 83.1971, 201.3245
1846, 83.3311, 200.0087
1847, 83.4651, 198.6928
1848, 83.5991, 197.3770
1849, 83.7331, 196.0611
1850, 83.8671, 194.7453
1851, 84.0011, 193.4294
1852, 84.1351, 192.1136
1853, 84.2691, 190.7977
1854, 84.4031, 189.4819
1855, 84.5371, 188.1660
1856, 84.6711, 186.8502
1857, 84.8051, 185.5343
1858, 84.9391, 184.2185
1859, 85.0731, 182.9026
1860, 85.2071, 181.5868
1861, 85.2178, 181.3780
1862, 85.2284, 181.1692
1863, 85.2390, 180.9605
1864, 85.2497, 180.7517
1865, 85.2603, 180.5429
1866, 85.2709, 180.3342
1867, 85.2815, 180.1254
1868, 85.2922, 179.9166
1869, 85.3028, 179.7079
1870, 85.3134, 179.4991
1871, 85.3241, 179.2903
1872, 85.3347, 179.0816
1873, 85.3453, 178.8728
1874, 85.3560, 178.6640
1875, 85.3666, 178.4553
1876, 85.3772, 178.2465
1877, 85.3879, 178.0377
1878, 85.3985, 177.8290
1879, 85.4091, 177.6202
1880, 85.4197, 177.4114
1881, 85.3793, 177.8674
1882, 85.3388, 178.3233
1883, 85.2983, 178.7793
1884, 85.2578, 179.2352
1885, 85.2173, 179.6912
1886, 85.1768, 180.1471
1887, 85.1363, 180.6031
1888, 85.0958, 181.0590
1889, 85.0553, 181.5150
1890, 85.0148, 181.9709
1891, 84.9743, 182.4269
1892, 84.9338, 182.8828
1893, 84.8933, 183.3388
1894, 84.8528, 183.7947
1895, 84.8123, 184.2507
1896, 84.7718, 184.7066
1897, 84.7313, 185.1626
1898, 84.6908, 185.6185
1899, 84.6503, 186.0745
1900, 84.6098, 186.5304
1901, 84.6085, 186.6784
1902, 84.6071, 186.8264
1903, 84.6058, 186.9744
1904, 84.6045, 187.1224
1905, 84.6031, 187.2704
1906, 84.6018, 187.4184
1907, 84.6004, 187.5663
1908, 84.5991, 187.7143
1909, 84.5978, 187.8623
1910, 84.5964, 188.0103
1911, 84.5951, 188.1583
1912, 84.5938, 188.3063
1913, 84.5924, 188.4543
1914, 84.5911, 188.6022
1915, 84.5898, 188.7502
1916, 84.5884, 188.8982
1917, 84.5871, 189.0462
1918, 84.5858, 189.1942
1919, 84.5844, 189.3422
1920, 84.5831, 189.4902
1921, 84.5240, 190.0421
1922, 84.4650, 190.5940
1923, 84.4059, 191.1459
1924, 84.3468, 191.6979
1925, 84.2878, 192.2498
1926, 84.2287, 192.8017
1927, 84.1696, 193.3536
1928, 84.1106, 193.9055
1929, 84.0515, 194.4575
1930, 83.9924, 195.0094
1931, 83.9334, 195.5613
1932, 83.8743, 196.1132
1933, 83.8152, 196.6651
1934, 83.7562, 197.2170
1935, 83.6971, 197.7690
1936, 83.6380, 198.3209
1937, 83.5790, 198.8728
1938, 83.5199, 199.4247
1939, 83.4608, 199.9766
1940, 83.4018, 200.5286
1941, 83.3685, 200.7343
1942, 83.3353, 200.9400
1943, 83.3021, 201.1458
1944, 83.2689, 201.3515
1945, 83.2357, 201.5572
1946, 83.2025, 201.7630
1947, 83.1692, 201.9687
1948, 83.1360, 202.1744
1949, 83.1028, 202.3802
1950, 83.0696, 202.5859
1951, 83.0364, 202.7917
1952, 83.0031, 202.9974
1953, 82.9699, 203.2031
1954, 82.9367, 203.4089
1955, 82.9035, 203.6146
1956, 82.8703, 203.8203
1957, 82.8370, 204.0261
1958, 82.8038, 204.2318
1959, 82.7706, 204.4376
1960, 82.7374, 204.6433
1961, 82.7643, 204.5377
1962, 82.7912, 204.4320
1963, 82.8182, 204.3264
1964, 82.8451, 204.2207
1965, 82.8720, 204.1151
1966, 82.8990, 204.0095
1967, 82.9259, 203.9038
1968, 82.9528, 203.7982
1969, 82.9798, 203.6926
1970, 83.0067, 203.5869
1971, 83.0336, 203.4813
1972, 83.0606, 203.3757
1973, 83.0875, 203.2700
1974, 83.1144, 203.1644
1975, 83.1413, 203.0587
1976, 83.1683, 202.9531
1977, 83.1952, 202.8475
1978, 83.2221, 202.7419
1979, 83.2491, 202.6362
1980, 83.2760, 202.5306
1981, 83.3612, 201.7371
1982, 83.4463, 200.9436
1983, 83.5315, 200.1502
1984, 83.6166, 199.3567
1985, 83.7018, 198.5633
1986, 83.7869, 197.7698
1987, 83.8721, 196.9763
1988, 83.9572, 196.1829
1989, 84.0424, 195.3894
1990, 84.1276, 194.5959
1991, 84.2127, 193.8025
1992, 84.2979, 193.0090
1993, 84.3830, 192.2155
1994, 84.4682, 191.4221
1995, 84.5533, 190.6286
1996, 84.6385, 189.8352
1997, 84.7236, 189.0417
1998, 84.8088, 188.2482
1999, 84.8939, 187.4548
2000, 84.9791, 186.6613
2001, 84.9263, 187.1618
2002, 84.8735, 187.6624
2003, 84.8207, 188.1629
2004, 84.7679, 188.6634
2005, 84.7151, 189.1639
2006, 84.6623, 189.6645
2007, 84.6095, 190.1650
2008, 84.5567, 190.6655
2009, 84.5039, 191.1660
2010, 84.4511, 191.6666
2011, 84.3983, 192.1671
2012, 84.3455, 192.6676
2013, 84.2927, 193.1681
2014, 84.2399, 193.6687
2015, 84.1871, 194.1692
2016, 84.1342, 194.6697
2017, 84.0814, 195.1702
2018, 84.0286, 195.6708
2019, 83.9758, 196.1713
2020, 83.9230, 196.6718
2021, 83.8907, 197.1060
2022, 83.8584, 197.5402
2023, 83.8261, 197.9744
2024, 83.7937, 198.4086
2025, 83.7614, 198.8428
2026, 83.7291, 199.2770
2027, 83.6968, 199.7112
2028, 83.6645, 200.1454
2029, 83.6321, 200.5796
2030, 83.5998, 201.0138
2031, 83.5675, 201.4480
2032, 83.5352, 201.8822
2033, 83.5028, 202.3164
2034, 83.4705, 202.7506
2035, 83.4382, 203.1848
2036, 83.4059, 203.6191
2037, 83.3735, 204.0533
2038, 83.3412, 204.4874
2039, 83.3089, 204.9217
2040, 83.2766, 205.3559
2041, 83.3483, 204.4906
2042, 83.4200, 203.6254
2043, 83.4918, 202.7602
2044, 83.5635, 201.8950
2045, 83.6352, 201.0298
2046, 83.7069, 200.1646
2047, 83.7787, 199.2994
2048, 83.8504, 198.4341
2049, 83.9221, 197.5689
2050, 83.9938, 196.7037
2051, 84.0656, 195.8385
2052, 84.1373, 194.9733
2053, 84.2090, 194.1081
2054, 84.2807, 193.2429
2055, 84.3525, 192.3776
2056, 84.4242, 191.5124
2057, 84.4959, 190.6472
2058, 84.5676, 189.7820
2059, 84.6394, 188.9168
2060, 84.7111, 188.0516
2061, 84.6608, 188.5186
2062, 84.6105, 188.9857
2063, 84.5602, 189.4527
2064, 84.5098, 189.9197
2065, 84.4595, 190.3868
2066, 84.4092, 190.8538
2067, 84.3589, 191.3208
2068, 84.3086, 191.7879
2069, 84.2583, 192.2549
2070, 84.2080, 192.7219
2071, 84.1576, 193.1890
2072, 84.1073, 193.6560
2073, 84.0570, 194.1231
2074, 84.0067, 194.5901
2075, 83.9564, 195.0571
2076, 83.9061, 195.5242
2077, 83.8558, 195.9912
2078, 83.8054, 196.4582
2079, 83.7551, 196.9253
2080, 83.7048, 197.3923
2081, 83.6464, 198.1555
2082, 83.5880, 198.9187
2083, 83.5296, 199.6820
2084, 83.4713, 200.4452
2085, 83.4129, 201.2084
2086, 83.3545, 201.9716
2087, 83.2961, 202.7348
2088, 83.2377, 203.4981
2089, 83.1793, 204.2613
2090, 83.1209, 205.0245
2091, 83.0625, 205.7877
2092, 83.0041, 206.5509
2093, 82.9458, 207.3141
2094, 82.8874, 208.0774
2095, 82.8290, 208.8406
2096, 82.7706, 209.6038
2097, 82.7122, 210.3670
2098, 82.6538, 211.1302
2099, 82.5954, 211.8934
2100, 82.5370, 212.6567
2101, 82.6057, 211.8203
2102, 82.6744, 210.9839
2103, 82.7431, 210.1475
2104, 82.8117, 209.3112
2105, 82.8804, 208.4748
2106, 82.9491, 207.6384
2107, 83.0177, 206.8020
2108, 83.0864, 205.9657
2109, 83.1551, 205.1293
2110, 83.2237, 204.2929
2111, 83.2924, 203.4565
2112, 83.3611, 202.6202
2113, 83.4297, 201.7838
2114, 83.4984, 200.9474
2115, 83.5671, 200.1111
2116, 83.6358, 199.2747
2117, 83.7044, 198.4383
2118, 83.7731, 197.6019
2119, 83.8418, 196.7656
2120, 83.9104, 195.9292
2121, 83.8449, 196.6416
2122, 83.7795, 197.3540
2123, 83.7140, 198.0665
2124, 83.6485, 198.7789
2125, 83.5830, 199.4913
2126, 83.5176, 200.2038
2127, 83.4521, 200.9162
2128, 83.3866, 201.6286
2129, 83.3211, 202.3411
2130, 83.2556, 203.0535
2131, 83.1902, 203.7659
2132, 83.1247, 204.4784
2133, 83.0592, 205.1908
2134, 82.9937, 205.9032
2135, 82.9282, 206.6157
2136, 82.8628, 207.3281
2137, 82.7973, 208.0405
2138, 82.7318, 208.7530
2139, 82.6663, 209.4654
2140, 82.6008, 210.1778
2141, 82.6862, 209.3318
2142, 82.7715, 208.4859
2143, 82.8569, 207.6399
2144, 82.9422, 206.7939
2145, 83.0275, 205.9479
2146, 83.1129, 205.1019
2147, 83.1982, 204.2559
2148, 83.2836, 203.4099
2149, 83.3689, 202.5639
2150, 83.4542, 201.7180
2151, 83.5396, 200.8720
2152, 83.6249, 200.0260
2153, 83.7103, 199.1800
2154, 83.7956, 198.3340
2155, 83.8810, 197.4880
2156, 83.9663, 196.6420
2157, 84.0516, 195.7961
2158, 84.1370, 194.9501
2159, 84.2223, 194.1041
2160, 84.3077, 193.2581
2161, 84.1643, 194.7116
2162, 84.0209, 196.1651
2163, 83.8775, 197.6186
2164, 83.7342, 199.0722
2165, 83.5908, 200.5257
2166, 83.4474, 201.9792
2167, 83.3041, 203.4327
2168, 83.1607, 204.8862
2169, 83.0173, 206.3397
2170, 82.8740, 207.7932
2171, 82.7306, 209.2467
2172, 82.5872, 210.7003
2173, 82.4438, 212.1538
2174, 82.3005, 213.6073
2175, 82.1571, 215.0608
2176, 82.0137, 216.5143
2177, 81.8704, 217.9678
2178, 81.7270, 219.4213
2179, 81.5836, 220.8748
2180, 81.4402, 222.3284
2181, 81.4365, 222.3671
2182, 81.4328, 222.4058
2183, 81.4291, 222.4445
2184, 81.4255, 222.4833
2185, 81.4218, 222.5220
2186, 81.4181, 222.5608
2187, 81.4144, 222.5995
2188, 81.4107, 222.6382
2189, 81.4070, 222.6770
2190, 81.4033, 222.7157
2191, 81.3996, 222.7544
2192, 81.3959, 222.7932
2193, 81.3922, 222.8319
2194, 81.3885, 222.8706
2195, 81.3848, 222.9094
2196, 81.3811, 222.9481
2197, 81.3774, 222.9868
2198, 81.3737, 223.0256
2199, 81.3700, 223.0643
2200, 81.3663, 223.1030
2201, 81.3994, 222.9332
2202, 81.4326, 222.7634
2203, 81.4658, 222.5936
2204, 81.4989, 222.4239
2205, 81.5321, 222.2541
2206, 81.5652, 222.0842
2207, 81.5984, 221.9145
2208, 81.6316, 221.7447
2209, 81.6647, 221.5749
2210, 81.6979, 221.4051
2211, 81.7310, 221.2353
2212, 81.7642, 221.0655
2213, 81.7974, 220.8957
2214, 81.8305, 220.7259
2215, 81.8637, 220.5561
2216, 81.8968, 220.3863
2217, 81.9300, 220.2165
2218, 81.9632, 220.0467
2219, 81.9963, 219.8769
2220, 82.0295, 219.7071
2221, 81.9627, 220.4791
2222, 81.8960, 221.2511
2223, 81.8293, 222.0232
2224, 81.7625, 222.7952
2225, 81.6958, 223.5672
2226, 81.6290, 224.3392
2227, 81.5623, 225.1112
2228, 81.4956, 225.8833
2229, 81.4288, 226.6553
2230, 81.3621, 227.4273
2231, 81.2953, 228.1993
2232, 81.2286, 228.9714
2233, 81.1619, 229.7434
2234, 81.0951, 230.5154
2235, 81.0284, 231.2874
2236, 80.9616, 232.0594
2237, 80.8949, 232.8315
2238, 80.8282, 233.6035
2239, 80.7614, 234.3755
2240, 80.6947, 235.1475
2241, 80.7761, 234.1906
2242, 80.8576, 233.2336
2243, 80.9390, 232.2766
2244, 81.0205, 231.3196
2245, 81.1019, 230.3626
2246, 81.1834, 229.4057
2247, 81.2648, 228.4487
2248, 81.3463, 227.4917
2249, 81.4277, 226.5347
2250, 81.5092, 225.5778
2251, 81.5906, 224.6208
2252, 81.6721, 223.6638
2253, 81.7535, 222.7068
2254, 81.8350, 221.7499
2255, 81.9164, 220.7929
2256, 81.9979, 219.8359
2257, 82.0794, 218.8789
2258, 82.1608, 217.9220
2259, 82.2423, 216.9650
2260, 82.3237, 216.0080
2261, 82.3452, 215.9048
2262, 82.3666, 215.8017
2263, 82.3881, 215.6985
2264, 82.4095, 215.5953
2265, 82.4310, 215.4922
2266, 82.4524, 215.3890
2267, 82.4739, 215.2858
2268, 82.4953, 215.1827
2269, 82.5168, 215.0795
2270, 82.5382, 214.9763
2271, 82.5597, 214.8732
2272, 82.5811, 214.7700
2273, 82.6026, 214.6668
2274, 82.6240, 214.5637
2275, 82.6455, 214.4605
2276, 82.6669, 214.3573
2277, 82.6884, 214.2541
2278, 82.7098, 214.1510
2279, 82.7313, 214.0478
2280, 82.7527, 213.9446
2281, 82.7664, 213.8627
2282, 82.7800, 213.7808
2283, 82.7937, 213.6989
2284, 82.8073, 213.6170
2285, 82.8210, 213.5351
2286, 82.8347, 213.4532
2287, 82.8483, 213.3713
2288, 82.8620, 213.2894
2289, 82.8756, 213.2075
2290, 82.8893, 213.1256
2291, 82.9029, 213.0437
2292, 82.9166, 212.9618
2293, 82.9302, 212.8799
2294, 82.9439, 212.7980
2295, 82.9575, 212.7161
2296, 82.9712, 212.6342
2297, 82.9848, 212.5523
2298, 82.9985, 212.4704
2299, 83.0122, 212.3885
2300, 83.0258, 212.3065
2301, 82.9871, 212.6553
2302, 82.9483, 213.0040
2303, 82.9095, 213.3528
2304, 82.8708, 213.7015
2305, 82.8320, 214.0503
2306, 82.7933, 214.3990
2307, 82.7545, 214.7477
2308, 82.7158, 215.0965
2309, 82.6770, 215.4452
2310, 82.6383, 215.7940
2311, 82.5995, 216.1427
2312, 82.5607, 216.4914
2313, 82.5220, 216.8402
2314, 82.4832, 217.1889
2315, 82.4445, 217.5377
2316, 82.4057, 217.8864
2317, 82.3670, 218.2352
2318, 82.3282, 218.5839
2319, 82.2895, 218.9326
2320, 82.2507, 219.2814
2321, 82.2467, 219.3954
2322, 82.2427, 219.5095
2323, 82.2387, 219.6235
2324, 82.2346, 219.7376
2325, 82.2306, 219.8516
2326, 82.2266, 219.9657
2327, 82.2226, 220.0797
2328, 82.2186, 220.1938
2329, 82.2146, 220.3078
2330, 82.2105, 220.4219
2331, 82.2065, 220.5360
2332, 82.2025, 220.6500
2333, 82.1985, 220.7641
2334, 82.1945, 220.8781
2335, 82.1905, 220.9922
2336, 82.1864, 221.1062
2337, 82.1824, 221.2203
2338, 82.1784, 221.3343
2339, 82.1744, 221.4484
2340, 82.1704, 221.5624
2341, 82.3283, 220.0190
2342, 82.4863, 218.4756
2343, 82.6442, 216.9321
2344, 82.8022, 215.3887
2345, 82.9601, 213.8453
2346, 83.1181, 212.3019
2347, 83.2761, 210.7585
2348, 83.4340, 209.2150
2349, 83.5920, 207.6716
2350, 83.7499, 206.1282
2351, 83.9079, 204.5848
2352, 84.0658, 203.0414
2353, 84.2238, 201.4979
2354, 84.3817, 199.9545
2355, 84.5397, 198.4111
2356, 84.6977, 196.8677
2357, 84.8556, 195.3242
2358, 85.0136, 193.7808
2359, 85.1715, 192.2374
2360, 85.3295, 190.6940
2361, 85.1377, 192.5415
2362, 84.9460, 194.3890
2363, 84.7543, 196.2365
2364, 84.5625, 198.0841
2365, 84.3708, 199.9316
2366, 84.1791, 201.7791
2367, 83.9873, 203.6266
2368, 83.7956, 205.4741
2369, 83.6039, 207.3217
2370, 83.4121, 209.1692
2371, 83.2204, 211.0167
2372, 83.0287, 212.8642
2373, 82.8369, 214.7117
2374, 82.6452, 216.5593
2375, 82.4535, 218.4068
2376, 82.2617, 220.2543
2377, 82.0700, 222.1018
2378, 81.8783, 223.9493
2379, 81.6865, 225.7969
2380, 81.4948, 227.6444
2381, 81.4744, 227.9094
2382, 81.4541, 228.1745
2383, 81.4338, 228.4396
2384, 81.4134, 228.7047
2385, 81.3931, 228.9697
2386, 81.3727, 229.2348
2387, 81.3524, 229.4999
2388, 81.3320, 229.7650
2389, 81.3117, 230.0300
2390, 81.2913, 230.2951
2391, 81.2710, 230.5602
2392, 81.2506, 230.8253
2393, 81.2303, 231.0903
2394, 81.2099, 231.3554
2395, 81.1896, 231.6205
2396, 81.1692, 231.8856
2397, 81.1489, 232.1506
2398, 81.1285, 232.4157
2399, 81.1082, 232.6808
2400, 81.0878, 232.9459
2401, 81.1240, 232.7767
2402, 81.1602, 232.6075
2403, 81.1964, 232.4384
2404, 81.2326, 232.2692
2405, 81.2688, 232.1000
2406, 81.3050, 231.9309
2407, 81.3412, 231.7617
2408, 81.3773, 231.5925
2409, 81.4135, 231.4234
2410, 81.4497, 231.2542
2411, 81.4859, 231.0850
2412, 81.5221, 230.9159
2413, 81.5583, 230.7467
2414, 81.5945, 230.5775
2415, 81.6307, 230.4084
2416, 81.6669, 230.2392
2417, 81.7031, 230.0700
2418, 81.7393, 229.9009
2419, 81.7755, 229.7317
2420, 81.8116, 229.5625
2421, 81.8299, 229.3754
2422, 81.8482, 229.1883
2423, 81.8665, 229.0012
2424, 81.8848, 228.8140
2425, 81.9031, 228.6269
2426, 81.9213, 228.4398
2427, 81.9396, 228.2527
2428, 81.9579, 228.0656
2429, 81.9762, 227.8784
2430, 81.9945, 227.6913
2431, 82.0128, 227.5042
2432, 82.0310, 227.3171
2433, 82.0493, 227.1299
2434, 82.0676, 226.9428
2435, 82.0859, 226.7557
2436, 82.1042, 226.5686
2437, 82.1225, 226.3815
2438, 82.1407, 226.1943
2439, 82.1590, 226.0072
2440, 82.1773, 225.8201
2441, 82.1031, 226.5760
2442, 82.0290, 227.3319
2443, 81.9548, 228.0878
2444, 81.8807, 228.8437
2445, 81.8065, 229.5996
2446, 81.7323, 230.3554
2447, 81.6582, 231.1113
2448, 81.5840, 231.8672
2449, 81.5098, 232.6231
2450, 81.4357, 233.3790
2451, 81.3615, 234.1349
2452, 81.2874, 234.8908
2453, 81.2132, 235.6467
2454, 81.1390, 236.4026
2455, 81.0649, 237.1585
2456, 80.9907, 237.9144
2457, 80.9166, 238.6703
2458, 80.8424, 239.4262
2459, 80.7682, 240.1821
2460, 80.6941, 240.9379
2461, 80.7667, 240.2097
2462, 80.8393, 239.4814
2463, 80.9119, 238.7531
2464, 80.9846, 238.0248
2465, 81.0572, 237.2965
2466, 81.1298, 236.5682
2467, 81.2024, 235.8400
2468, 81.2750, 235.1117
2469, 81.3477, 234.3834
2470, 81.4203, 233.6551
2471, 81.4929, 232.9268
2472, 81.5655, 232.1986
2473, 81.6381, 231.4703
2474, 81.7108, 230.7420
2475, 81.7834, 230.0137
2476, 81.8560, 229.2854
2477, 81.9286, 228.5572
2478, 82.0013, 227.8289
2479, 82.0739, 227.1006
2480, 82.1465, 226.3723
2481, 82.1315, 226.5204
2482, 82.1164, 226.6685
2483, 82.1014, 226.8167
2484, 82.0863, 226.9648
2485, 82.0713, 227.1129
2486, 82.0562, 227.2610
2487, 82.0412, 227.4091
2488, 82.0261, 227.5572
2489, 82.0111, 227.7054
2490, 81.9960, 227.8535
2491, 81.9810, 228.0016
2492, 81.9659, 228.1497
2493, 81.9509, 228.2978
2494, 81.9359, 228.4459
2495, 81.9208, 228.5941
2496, 81.9058, 228.7422
2497, 81.8907, 228.8903
2498, 81.8757, 229.0384
2499, 81.8606, 229.1865
2500, 81.8456, 229.3346
2501, 81.7476, 230.2592
2502, 81.6496, 231.1837
2503, 81.5516, 232.1083
2504, 81.4536, 233.0328
2505, 81.3556, 233.9574
2506, 81.2576, 234.8819
2507, 81.1597, 235.8065
2508, 81.0617, 236.7310
2509, 80.9637, 237.6555
2510, 80.8657, 238.5801
2511, 80.7677, 239.5046
2512, 80.6697, 240.4292
2513, 80.5717, 241.3537
2514, 80.4737, 242.2783
2515, 80.3758, 243.2028
2516, 80.2778, 244.1274
2517, 80.1798, 245.0519
2518, 80.0818, 245.9765
2519, 79.9838, 246.9010
2520, 79.8858, 247.8256
2521, 80.1687, 245.1809
2522, 80.4516, 242.5362
2523, 80.7345, 239.8915
2524, 81.0174, 237.2469
2525, 81.3003, 234.6022
2526, 81.5832, 231.9575
2527, 81.8662, 229.3128
2528, 82.1491, 226.6682
2529, 82.4320, 224.0235
2530, 82.7149, 221.3788
2531, 82.9978, 218.7342
2532, 83.2807, 216.0895
2533, 83.5636, 213.4448
2534, 83.8465, 210.8002
2535, 84.1294, 208.1555
2536, 84.4123, 205.5108
2537, 84.6952, 202.8661
2538, 84.9781, 200.2215
2539, 85.2610, 197.5768
2540, 85.5439, 194.9321
2541, 85.3480, 196.8147
2542, 85.1521, 198.6972
2543, 84.9561, 200.5797
2544, 84.7602, 202.4623
2545, 84.5643, 204.3448
2546, 84.3683, 206.2273
2547, 84.1724, 208.1099
2548, 83.9765, 209.9924
2549, 83.7805, 211.8749
2550, 83.5846, 213.7575
2551, 83.3886, 215.6400
2552, 83.1927, 217.5225
2553, 82.9968, 219.4051
2554, 82.8008, 221.2876
2555, 82.6049, 223.1701
2556, 82.4090, 225.0527
2557, 82.2130, 226.9352
2558, 82.0171, 228.8177
2559, 81.8212, 230.7003
2560, 81.6252, 232.5828
2561, 81.6605, 232.4020
2562, 81.6957, 232.2213
2563, 81.7309, 232.0405
2564, 81.7661, 231.8597
2565, 81.8013, 231.6790
2566, 81.8366, 231.4982
2567, 81.8718, 231.3174
2568, 81.9070, 231.1367
2569, 81.9422, 230.9559
2570, 81.9774, 230.7751
2571, 82.0127, 230.5944
2572, 82.0479, 230.4136
2573, 82.0831, 230.2329
2574, 82.1183, 230.0521
2575, 82.1535, 229.8713
2576, 82.1888, 229.6906
2577, 82.2240, 229.5098
2578, 82.2592, 229.3290
2579, 82.2944, 229.1483
2580, 82.3296, 228.9675
2581, 82.2921, 229.2655
2582, 82.2546, 229.5635
2583, 82.2170, 229.8615
2584, 82.1795, 230.1595
2585, 82.1419, 230.4575
2586, 82.1044, 230.7555
2587, 82.0669, 231.0536
2588, 82.0293, 231.3516
2589, 81.9918, 231.6496
2590, 81.9543, 231.9476
2591, 81.9167, 232.2456
2592, 81.8792, 232.5436
2593, 81.8417, 232.8416
2594, 81.8041, 233.1396
2595, 81.7666, 233.4376
2596, 81.7291, 233.7356
2597, 81.6915, 234.0336
2598, 81.6540, 234.3316
2599, 81.6164, 234.6297
2600, 81.5789, 234.9277
2601, 81.5562, 235.0997
2602, 81.5335, 235.2717
2603, 81.5108, 235.4437
2604, 81.4880, 235.6158
2605, 81.4653, 235.7878
2606, 81.4426, 235.9599
2607, 81.4199, 236.1319
2608, 81.3972, 236.3039
2609, 81.3745, 236.4759
2610, 81.3517, 236.6480
2611, 81.3290, 236.8200
2612, 81.3063, 236.9920
2613, 81.2836, 237.1641
2614, 81.2609, 237.3361
2615, 81.2382, 237.5081
2616, 81.2154, 237.6801
2617, 81.1927, 237.8522
2618, 81.1700, 238.0242
2619, 81.1473, 238.1962
2620, 81.1246, 238.3683
2621, 81.1824, 237.9752
2622, 81.2402, 237.5821
2623, 81.2980, 237.1891
2624, 81.3558, 236.7960
2625, 81.4136, 236.4029
2626, 81.4714, 236.0098
2627, 81.5292, 235.6168
2628, 81.5870, 235.2237
2629, 81.6448, 234.8306
2630, 81.7026, 234.4375
2631, 81.7604, 234.0445
2632, 81.8182, 233.6514
2633, 81.8760, 233.2583
2634, 81.9338, 232.8652
2635, 81.9916, 232.4722
2636, 82.0494, 232.0791
2637, 82.1072, 231.6860
2638, 82.1650, 231.2929
2639, 82.2228, 230.8999
2640, 82.2806, 230.5068
2641, 82.1541, 231.5971
2642, 82.0275, 232.6873
2643, 81.9010, 233.7776
2644, 81.7744, 234.8678
2645, 81.6478, 235.9581
2646, 81.5213, 237.0484
2647, 81.3947, 238.1386
2648, 81.2682, 239.2289
2649, 81.1416, 240.3192
2650, 81.0150, 241.4094
2651, 80.8885, 242.4997
2652, 80.7619, 243.5900
2653, 80.6354, 244.6802
2654, 80.5088, 245.7705
2655, 80.3823, 246.8607
2656, 80.2557, 247.9510
2657, 80.1291, 249.0413
2658, 80.0026, 250.1315
2659, 79.8760, 251.2218
2660, 79.7495, 252.3121
2661, 79.9292, 250.5380
2662, 80.1089, 248.7640
2663, 80.2886, 246.9900
2664, 80.4683, 245.2159
2665, 80.6480, 243.4419
2666, 80.8277, 241.6679
2667, 81.0074, 239.8938
2668, 81.1871, 238.1198
2669, 81.3668, 236.3458
2670, 81.5465, 234.5717
2671, 81.7262, 232.7977
2672, 81.9059, 231.0237
2673, 82.0856, 229.2497
2674, 82.2653, 227.4756
2675, 82.4450, 225.7016
2676, 82.6248, 223.9275
2677, 82.8045, 222.1535
2678, 82.9842, 220.3795
2679, 83.1639, 218.6055
2680, 83.3436, 216.8314
2681, 83.2404, 217.8823
2682, 83.1371, 218.9331
2683, 83.0339, 219.9840
2684, 82.9307, 221.0348
2685, 82.8275, 222.0857
2686, 82.7242, 223.1365
2687, 82.6210, 224.1874
2688, 82.5178, 225.2382
2689, 82.4146, 226.2891
2690, 82.3114, 227.3399
2691, 82.2081, 228.3908
2692, 82.1049, 229.4416
2693, 82.0017, 230.4925
2694, 81.8985, 231.5433
2695, 81.7952, 232.5942
2696, 81.6920, 233.6450
2697, 81.5888, 234.6959
2698, 81.4856, 235.7467
2699, 81.3824, 236.7976
2700, 81.2791, 237.8484
2701, 81.2582, 238.0945
2702, 81.2373, 238.3404
2703, 81.2163, 238.5865
2704, 81.1954, 238.8325
2705, 81.1745, 239.0785
2706, 81.1535, 239.3245
2707, 81.1326, 239.5704
2708, 81.1116, 239.8164
2709, 81.0907, 240.0625
2710, 81.0698, 240.3085
2711, 81.0488, 240.5545
2712, 81.0279, 240.8005
2713, 81.0070, 241.0465
2714, 80.9860, 241.2925
2715, 80.9651, 241.5385
2716, 80.9442, 241.7845
2717, 80.9232, 242.0305
2718, 80.9023, 242.2764
2719, 80.8813, 242.5225
2720, 80.8604, 242.7685
2721, 80.9371, 242.0347
2722, 81.0138, 241.3010
2723, 81.0905, 240.5673
2724, 81.1672, 239.8335
2725, 81.2439, 239.0998
2726, 81.3206, 238.3660
2727, 81.3973, 237.6323
2728, 81.4741, 236.8986
2729, 81.5508, 236.1648
2730, 81.6275, 235.4311
2731, 81.7042, 234.6974
2732, 81.7809, 233.9636
2733, 81.8576, 233.2299
2734, 81.9343, 232.4962
2735, 82.0110, 231.7624
2736, 82.0877, 231.0287
2737, 82.1644, 230.2950
2738, 82.2411, 229.5612
2739, 82.3178, 228.8275
2740, 82.3945, 228.0938
2741, 82.2802, 229.1617
2742, 82.1659, 230.2297
2743, 82.0515, 231.2976
2744, 81.9372, 232.3655
2745, 81.8229, 233.4335
2746, 81.7085, 234.5014
2747, 81.5942, 235.5694
2748, 81.4799, 236.6373
2749, 81.3656, 237.7053
2750, 81.2512, 238.7732
2751, 81.1369, 239.8412
2752, 81.0226, 240.9091
2753, 80.9083, 241.9770
2754, 80.7939, 243.0450
2755, 80.6796, 244.1129
2756, 80.5653, 245.1809
2757, 80.4509, 246.2488
2758, 80.3366, 247.3168
2759, 80.2223, 248.3847
2760, 80.1080, 249.4526
2761, 80.2232, 248.1057
2762, 80.3385, 246.7588
2763, 80.4538, 245.4118
2764, 80.5691, 244.0649
2765, 80.6844, 242.7180
2766, 80.7996, 241.3710
2767, 80.9149, 240.0241
2768, 81.0302, 238.6772
2769, 81.1455, 237.3302
2770, 81.2608, 235.9833
2771, 81.3760, 234.6364
2772, 81.4913, 233.2894
2773, 81.6066, 231.9425
2774, 81.7219, 230.5956
2775, 81.8372, 229.2486
2776, 81.9524, 227.9017
2777, 82.0677, 226.5548
2778, 82.1830, 225.2078
2779, 82.2983, 223.8609
2780, 82.4136, 222.5140
2781, 82.3998, 222.7234
2782, 82.3861, 222.9329
2783, 82.3724, 223.1424
2784, 82.3587, 223.3519
2785, 82.3450, 223.5613
2786, 82.3312, 223.7708
2787, 82.3175, 223.9803
2788, 82.3038, 224.1898
2789, 82.2901, 224.3992
2790, 82.2763, 224.6087
2791, 82.2626, 224.8182
2792, 82.2489, 225.0277
2793, 82.2352, 225.2372
2794, 82.2215, 225.4466
2795, 82.2077, 225.6561
2796, 82.1940, 225.8656
2797, 82.1803, 226.0751
2798, 82.1666, 226.2845
2799, 82.1528, 226.4940
2800, 82.1391, 226.7035
2801, 82.4204, 223.8991
2802, 82.7016, 221.0947
2803, 82.9828, 218.2904
2804, 83.2641, 215.4860
2805, 83.5453, 212.6816
2806, 83.8266, 209.8773
2807, 84.1078, 207.0729
2808, 84.3891, 204.2685
2809, 84.6703, 201.4641
2810, 84.9515, 198.6598
2811, 85.2328, 195.8554
2812, 85.5140, 193.0510
2813, 85.7953, 190.2466
2814, 86.0765, 187.4423
2815, 86.3578, 184.6379
2816, 86.6390, 181.8335
2817, 86.9203, 179.0292
2818, 87.2015, 176.2248
2819, 87.4827, 173.4204
2820, 87.7640, 170.6160
2821, 87.4945, 173.3454
2822, 87.2251, 176.0747
2823, 86.9556, 178.8040
2824, 86.6862, 181.5333
2825, 86.4167, 184.2626
2826, 86.1472, 186.9919
2827, 85.8778, 189.7213
2828, 85.6083, 192.4506
2829, 85.3389, 195.1799
2830, 85.0694, 197.9092
2831, 84.8000, 200.6385
2832, 84.5305, 203.3679
2833, 84.2610, 206.0972
2834, 83.9916, 208.8265
2835, 83.7221, 211.5558
2836, 83.4527, 214.2851
2837, 83.1832, 217.0145
2838, 82.9138, 219.7438
2839, 82.6443, 222.4731
2840, 82.3748, 225.2024
2841, 82.3696, 225.2043
2842, 82.3643, 225.2062
2843, 82.3591, 225.2080
2844, 82.3538, 225.2099
2845, 82.3486, 225.2118
2846, 82.3433, 225.2136
2847, 82.3381, 225.2155
2848, 82.3328, 225.2174
2849, 82.3276, 225.2192
2850, 82.3223, 225.2211
2851, 82.3171, 225.2230
2852, 82.3118, 225.2248
2853, 82.3066, 225.2267
2854, 82.3013, 225.2286
2855, 82.2961, 225.2305
2856, 82.2908, 225.2323
2857, 82.2855, 225.2342
2858, 82.2803, 225.2361
2859, 82.2750, 225.2379
2860, 82.2698, 225.2398
2861, 82.3089, 224.9615
2862, 82.3480, 224.6833
2863, 82.3871, 224.4050
2864, 82.4262, 224.1268
2865, 82.4653, 223.8485
2866, 82.5045, 223.5703
2867, 82.5436, 223.2920
2868, 82.5827, 223.0137
2869, 82.6218, 222.7355
2870, 82.6609, 222.4572
2871, 82.7000, 222.1789
2872, 82.7391, 221.9007
2873, 82.7782, 221.6224
2874, 82.8174, 221.3442
2875, 82.8565, 221.0659
2876, 82.8956, 220.7876
2877, 82.9347, 220.5094
2878, 82.9738, 220.2311
2879, 83.0129, 219.9529
2880, 83.0520, 219.6746
2881, 83.0547, 219.4824
2882, 83.0574, 219.2903
2883, 83.0600, 219.0981
2884, 83.0627, 218.9060
2885, 83.0654, 218.7138
2886, 83.0681, 218.5217
2887, 83.0707, 218.3295
2888, 83.0734, 218.1373
2889, 83.0761, 217.9452
2890, 83.0788, 217.7530
2891, 83.0814, 217.5609
2892, 83.0841, 217.3687
2893, 83.0868, 217.1765
2894, 83.0895, 216.9844
2895, 83.0921, 216.7922
2896, 83.0948, 216.6001
2897, 83.0975, 216.4079
2898, 83.1002, 216.2157
2899, 83.1028, 216.0236
2900, 83.1055, 215.8314
2901, 83.0739, 216.1903
2902, 83.0423, 216.5491
2903, 83.0107, 216.9080
2904, 82.9791, 217.2669
2905, 82.9475, 217.6257
2906, 82.9160, 217.9846
2907, 82.8844, 218.3434
2908, 82.8528, 218.7023
2909, 82.8212, 219.0612
2910, 82.7896, 219.4200
2911, 82.7580, 219.7789
2912, 82.7264, 220.1377
2913, 82.6948, 220.4966
2914, 82.6632, 220.8555
2915, 82.6316, 221.2143
2916, 82.6000, 221.5732
2917, 82.5684, 221.9320
2918, 82.5368, 222.2909
2919, 82.5052, 222.6498
2920, 82.4737, 223.0086
2921, 82.4490, 223.0932
2922, 82.4244, 223.1778
2923, 82.3998, 223.2624
2924, 82.3752, 223.3470
2925, 82.3506, 223.4316
2926, 82.3259, 223.5162
2927, 82.3013, 223.6008
2928, 82.2767, 223.6854
2929, 82.2521, 223.7700
2930, 82.2275, 223.8546
2931, 82.2028, 223.9392
2932, 82.1782, 224.0238
2933, 82.1536, 224.1084
2934, 82.1290, 224.1930
2935, 82.1044, 224.2776
2936, 82.0797, 224.3622
2937, 82.0551, 224.4468
2938, 82.0305, 224.5313
2939, 82.0059, 224.6159
2940, 81.9813, 224.7005
2941, 82.0053, 224.3420
2942, 82.0294, 223.9834
2943, 82.0535, 223.6248
2944, 82.0775, 223.2662
2945, 82.1016, 222.9077
2946, 82.1256, 222.5491
2947, 82.1497, 222.1905
2948, 82.1738, 221.8320
2949, 82.1978, 221.4734
2950, 82.2219, 221.1148
2951, 82.2460, 220.7563
2952, 82.2700, 220.3977
2953, 82.2941, 220.0391
2954, 82.3181, 219.6806
2955, 82.3422, 219.3220
2956, 82.3663, 218.9634
2957, 82.3903, 218.6048
2958, 82.4144, 218.2463
2959, 82.4384, 217.8877
2960, 82.4625, 217.5291
2961, 82.4691, 217.5527
2962, 82.4756, 217.5763
2963, 82.4822, 217.5999
2964, 82.4887, 217.6235
2965, 82.4953, 217.6471
2966, 82.5018, 217.6707
2967, 82.5084, 217.6943
2968, 82.5149, 217.7179
2969, 82.5214, 217.7415
2970, 82.5280, 217.7651
2971, 82.5345, 217.7887
2972, 82.5411, 217.8123
2973, 82.5476, 217.8358
2974, 82.5542, 217.8594
2975, 82.5607, 217.8830
2976, 82.5673, 217.9066
2977, 82.5738, 217.9302
2978, 82.5804, 217.9538
2979, 82.5869, 217.9774
2980, 82.5935, 218.0010
2981, 82.6042, 217.9325
2982, 82.6148, 217.8641
2983, 82.6255, 217.7956
2984, 82.6362, 217.7272
2985, 82.6469, 217.6587
2986, 82.6576, 217.5902
2987, 82.6683, 217.5218
2988, 82.6789, 217.4533
2989, 82.6896, 217.3848
2990, 82.7003, 217.3164
2991, 82.7110, 217.2479
2992, 82.7217, 217.1795
2993, 82.7323, 217.1110
2994, 82.7430, 217.0425
2995, 82.7537, 216.9741
2996, 82.7644, 216.9056
2997, 82.7751, 216.8371
2998, 82.7857, 216.7687
2999, 82.7964, 216.7002
3000, 82.8071, 216.6317
3001, 82.7376, 217.0895
3002, 82.6682, 217.5472
3003, 82.5987, 218.0049
3004, 82.5292, 218.4627
3005, 82.4598, 218.9204
3006, 82.3903, 219.3781
3007, 82.3208, 219.8359
3008, 82.2514, 220.2936
3009, 82.1819, 220.7514
3010, 82.1124, 221.2091
3011, 82.0430, 221.6668
3012, 81.9735, 222.1246
3013, 81.9040, 222.5823
3014, 81.8346, 223.0400
3015, 81.7651, 223.4978
3016, 81.6956, 223.9555
3017, 81.6262, 224.4133
3018, 81.5567, 224.8710
3019, 81.4872, 225.3287
3020, 81.4178, 225.7865
3021, 81.5297, 224.6482
3022, 81.6416, 223.5100
3023, 81.7535, 222.3717
3024, 81.8654, 221.2335
3025, 81.9773, 220.0953
3026, 82.0893, 218.9570
3027, 82.2012, 217.8188
3028, 82.3131, 216.6806
3029, 82.4250, 215.5423
3030, 82.5369, 214.4041
3031, 82.6488, 213.2659
3032, 82.7607, 212.1277
3033, 82.8726, 210.9894
3034, 82.9846, 209.8512
3035, 83.0965, 208.7129
3036, 83.2084, 207.5747
3037, 83.3203, 206.4365
3038, 83.4322, 205.2983
3039, 83.5441, 204.1600
3040, 83.6560, 203.0218
3041, 83.6402, 203.1745
3042, 83.6243, 203.3272
3043, 83.6085, 203.4799
3044, 83.5926, 203.6326
3045, 83.5767, 203.7853
3046, 83.5609, 203.9380
3047, 83.5450, 204.0907
3048, 83.5292, 204.2434
3049, 83.5133, 204.3961
3050, 83.4974, 204.5488
3051, 83.4816, 204.7015
3052, 83.4657, 204.8542
3053, 83.4499, 205.0069
3054, 83.4340, 205.1596
3055, 83.4182, 205.3123
3056, 83.4023, 205.4650
3057, 83.3864, 205.6177
3058, 83.3706, 205.7704
3059, 83.3547, 205.9231
3060, 83.3389, 206.0758
3061, 83.2392, 207.0548
3062, 83.1395, 208.0337
3063, 83.0398, 209.0126
3064, 82.9402, 209.9915
3065, 82.8405, 210.9704
3066, 82.7408, 211.9493
3067, 82.6412, 212.9282
3068, 82.5415, 213.9071
3069, 82.4418, 214.8860
3070, 82.3421, 215.8649
3071, 82.2425, 216.8438
3072, 82.1428, 217.8227
3073, 82.0431, 218.8016
3074, 81.9434, 219.7805
3075, 81.8438, 220.7594
3076, 81.7441, 221.7383
3077, 81.6444, 222.7172
3078, 81.5447, 223.6961
3079, 81.4451, 224.6750
3080, 81.3454, 225.6540
3081, 81.4475, 224.7085
3082, 81.5496, 223.7631
3083, 81.6516, 222.8176
3084, 81.7537, 221.8722
3085, 81.8558, 220.9268
3086, 81.9579, 219.9813
3087, 82.0599, 219.0359
3088, 82.1620, 218.0905
3089, 82.2641, 217.1450
3090, 82.3662, 216.1996
3091, 82.4683, 215.2541
3092, 82.5703, 214.3087
3093, 82.6724, 213.3633
3094, 82.7745, 212.4178
3095, 82.8766, 211.4724
3096, 82.9786, 210.5269
3097, 83.0807, 209.5815
3098, 83.1828, 208.6361
3099, 83.2849, 207.6906
3100, 83.3870, 206.7452
3101, 83.3720, 206.8046
3102, 83.3571, 206.8640
3103, 83.3421, 206.9234
3104, 83.3272, 206.9828
3105, 83.3123, 207.0422
3106, 83.2973, 207.1016
3107, 83.2824, 207.1610
3108, 83.2675, 207.2204
3109, 83.2525, 207.2798
3110, 83.2376, 207.3392
3111, 83.2226, 207.3986
3112, 83.2077, 207.4580
3113, 83.1928, 207.5174
3114, 83.1778, 207.5768
3115, 83.1629, 207.6362
3116, 83.1480, 207.6956
3117, 83.1330, 207.7550
3118, 83.1181, 207.8144
3119, 83.1031, 207.8738
3120, 83.0882, 207.9332
3121, 83.1814, 206.9688
3122, 83.2745, 206.0044
3123, 83.3677, 205.0400
3124, 83.4609, 204.0756
3125, 83.5540, 203.1113
3126, 83.6472, 202.1469
3127, 83.7403, 201.1825
3128, 83.8335, 200.2181
3129, 83.9267, 199.2537
3130, 84.0198, 198.2893
3131, 84.1130, 197.3249
3132, 84.2061, 196.3605
3133, 84.2993, 195.3961
3134, 84.3925, 194.4317
3135, 84.4856, 193.4673
3136, 84.5788, 192.5029
3137, 84.6720, 191.5385
3138, 84.7651, 190.5742
3139, 84.8583, 189.6098
3140, 84.9514, 188.6454
3141, 84.9047, 188.9869
3142, 84.8580, 189.3283
3143, 84.8113, 189.6698
3144, 84.7646, 190.0113
3145, 84.7179, 190.3528
3146, 84.6712, 190.6943
3147, 84.6245, 191.0357
3148, 84.5778, 191.3772
3149, 84.5311, 191.7187
3150, 84.4844, 192.0602
3151, 84.4376, 192.4016
3152, 84.3909, 192.7431
3153, 84.3442, 193.0846
3154, 84.2975, 193.4261
3155, 84.2508, 193.7676
3156, 84.2041, 194.1091
3157, 84.1574, 194.4505
3158, 84.1107, 194.7920
3159, 84.0640, 195.1335
3160, 84.0173, 195.4750
3161, 84.0850, 195.0318
3162, 84.1528, 194.5886
3163, 84.2205, 194.1454
3164, 84.2883, 193.7023
3165, 84.3561, 193.2591
3166, 84.4238, 192.8159
3167, 84.4916, 192.3727
3168, 84.5593, 191.9296
3169, 84.6271, 191.4864
3170, 84.6949, 191.0432
3171, 84.7626, 190.6000
3172, 84.8304, 190.1568
3173, 84.8981, 189.7137
3174, 84.9659, 189.2705
3175, 85.0337, 188.8273
3176, 85.1014, 188.3841
3177, 85.1692, 187.9410
3178, 85.2369, 187.4978
3179, 85.3047, 187.0546
3180, 85.3725, 186.6114
3181, 85.2438, 187.5019
3182, 85.1151, 188.3923
3183, 84.9864, 189.2828
3184, 84.8577, 190.1732
3185, 84.7290, 191.0637
3186, 84.6003, 191.9541
3187, 84.4716, 192.8446
3188, 84.3429, 193.7350
3189, 84.2142, 194.6255
3190, 84.0855, 195.5159
3191, 83.9568, 196.4064
3192, 83.8281, 197.2968
3193, 83.6994, 198.1873
3194, 83.5707, 199.0777
3195, 83.4420, 199.9682
3196, 83.3133, 200.8586
3197, 83.1846, 201.7491
3198, 83.0559, 202.6395
3199, 82.9272, 203.5300
3200, 82.7985, 204.4204
3201, 82.8326, 204.0691
3202, 82.8666, 203.7178
3203, 82.9007, 203.3665
3204, 82.9347, 203.0152
3205, 82.9688, 202.6639
3206, 83.0028, 202.3126
3207, 83.0369, 201.9613
3208, 83.0709, 201.6099
3209, 83.1050, 201.2586
3210, 83.1390, 200.9073
3211, 83.1731, 200.5560
3212, 83.2072, 200.2047
3213, 83.2412, 199.8534
3214, 83.2753, 199.5021
3215, 83.3093, 199.1508
3216, 83.3434, 198.7995
3217, 83.3774, 198.4482
3218, 83.4115, 198.0969
3219, 83.4455, 197.7455
3220, 83.4796, 197.3942
3221, 83.4044, 198.1088
3222, 83.3293, 198.8234
3223, 83.2541, 199.5380
3224, 83.1789, 200.2525
3225, 83.1038, 200.9671
3226, 83.0286, 201.6817
3227, 82.9534, 202.3963
3228, 82.8783, 203.1108
3229, 82.8031, 203.8254
3230, 82.7280, 204.5400
3231, 82.6528, 205.2545
3232, 82.5776, 205.9691
3233, 82.5025, 206.6837
3234, 82.4273, 207.3983
3235, 82.3521, 208.1129
3236, 82.2770, 208.8274
3237, 82.2018, 209.5420
3238, 82.1266, 210.2566
3239, 82.0515, 210.9711
3240, 81.9763, 211.6857
3241, 82.1162, 210.4644
3242, 82.2561, 209.2431
3243, 82.3959, 208.0219
3244, 82.5358, 206.8005
3245, 82.6757, 205.5792
3246, 82.8156, 204.3580
3247, 82.9554, 203.1367
3248, 83.0953, 201.9154
3249, 83.2352, 200.6941
3250, 83.3751, 199.4728
3251, 83.5149, 198.2515
3252, 83.6548, 197.0302
3253, 83.7947, 195.8089
3254, 83.9346, 194.5876
3255, 84.0744, 193.3663
3256, 84.2143, 192.1450
3257, 84.3542, 190.9237
3258, 84.4941, 189.7025
3259, 84.6339, 188.4812
3260, 84.7738, 187.2599
3261, 84.6799, 187.9285
3262, 84.5859, 188.5971
3263, 84.4920, 189.2657
3264, 84.3981, 189.9343
3265, 84.3041, 190.6030
3266, 84.2102, 191.2716
3267, 84.1163, 191.9402
3268, 84.0223, 192.6088
3269, 83.9284, 193.2774
3270, 83.8344, 193.9461
3271, 83.7405, 194.6147
3272, 83.6466, 195.2833
3273, 83.5526, 195.9519
3274, 83.4587, 196.6205
3275, 83.3648, 197.2892
3276, 83.2708, 197.9578
3277, 83.1769, 198.6264
3278, 83.0830, 199.2950
3279, 82.9890, 199.9636
3280, 82.8951, 200.6323
3281, 83.0186, 199.5274
3282, 83.1422, 198.4225
3283, 83.2657, 197.3176
3284, 83.3893, 196.2127
3285, 83.5128, 195.1078
3286, 83.6364, 194.0029
3287, 83.7599, 192.8980
3288, 83.8834, 191.7931
3289, 84.0070, 190.6882
3290, 84.1305, 189.5833
3291, 84.2541, 188.4784
3292, 84.3776, 187.3735
3293, 84.5012, 186.2686
3294, 84.6247, 185.1636
3295, 84.7482, 184.0588
3296, 84.8718, 182.9539
3297, 84.9953, 181.8490
3298, 85.1189, 180.7440
3299, 85.2424, 179.6392
3300, 85.3660, 178.5342
3301, 85.4017, 178.0505
3302, 85.4374, 177.5668
3303, 85.4731, 177.0830
3304, 85.5088, 176.5993
3305, 85.5445, 176.1156
3306, 85.5802, 175.6318
3307, 85.6158, 175.1481
3308, 85.6515, 174.6643
3309, 85.6872, 174.1806
3310, 85.7229, 173.6968
3311, 85.7586, 173.2131
3312, 85.7943, 172.7294
3313, 85.8300, 172.2456
3314, 85.8657, 171.7619
3315, 85.9014, 171.2781
3316, 85.9371, 170.7944
3317, 85.9728, 170.3107
3318, 86.0085, 169.8269
3319, 86.0442, 169.3432
3320, 86.0799, 168.8594
3321, 86.0743, 168.9360
3322, 86.0688, 169.0125
3323, 86.0632, 169.0890
3324, 86.0576, 169.1656
3325, 86.0520, 169.2421
3326, 86.0464, 169.3186
3327, 86.0408, 169.3951
3328, 86.0353, 169.4717
3329, 86.0297, 169.5482
3330, 86.0241, 169.6247
3331, 86.0185, 169.7013
3332, 86.0129, 169.7778
3333, 86.0073, 169.8543
3334, 86.0017, 169.9309
3335, 85.9962, 170.0074
3336, 85.9906, 170.0839
3337, 85.9850, 170.1605
3338, 85.9794, 170.2370
3339, 85.9738, 170.3135
3340, 85.9682, 170.3900
3341, 85.9131, 170.7828
3342, 85.8579, 171.1755
3343, 85.8028, 171.5682
3344, 85.7476, 171.9610
3345, 85.6925, 172.3537
3346, 85.6373, 172.7464
3347, 85.5821, 173.1392
3348, 85.5270, 173.5319
3349, 85.4718, 173.9247
3350, 85.4167, 174.3174
3351, 85.3615, 174.7101
3352, 85.3064, 175.1029
3353, 85.2512, 175.4956
3354, 85.1960, 175.8883
3355, 85.1409, 176.2811
3356, 85.0857, 176.6738
3357, 85.0306, 177.0665
3358, 84.9754, 177.4593
3359, 84.9203, 177.8520
3360, 84.8651, 178.2447
3361, 85.0289, 176.6364
3362, 85.1926, 175.0282
3363, 85.3564, 173.4199
3364, 85.5202, 171.8116
3365, 85.6839, 170.2033
3366, 85.8477, 168.5950
3367, 86.0115, 166.9867
3368, 86.1753, 165.3784
3369, 86.3390, 163.7702
3370, 86.5028, 162.1618
3371, 86.6666, 160.5536
3372, 86.8303, 158.9453
3373, 86.9941, 157.3370
3374, 87.1579, 155.7287
3375, 87.3216, 154.1204
3376, 87.4854, 152.5121
3377, 87.6492, 150.9038
3378, 87.8129, 149.2956
3379, 87.9767, 147.6873
3380, 88.1405, 146.0790
3381, 88.0573, 146.7527
3382, 87.9742, 147.4263
3383, 87.8911, 148.1000
3384, 87.8079, 148.7737
3385, 87.7248, 149.4474
3386, 87.6416, 150.1211
3387, 87.5585, 150.7948
3388, 87.4754, 151.4684
3389, 87.3922, 152.1421
3390, 87.3091, 152.8158
3391, 87.2259, 153.4895
3392, 87.1428, 154.1632
3393, 87.0597, 154.8368
3394, 86.9765, 155.5105
3395, 86.8934, 156.1842
3396, 86.8102, 156.8579
3397, 86.7271, 157.5316
3398, 86.6440, 158.2053
3399, 86.5608, 158.8789
3400, 86.4777, 159.5526
3401, 86.4292, 160.0850
3402, 86.3806, 160.6174
3403, 86.3321, 161.1498
3404, 86.2836, 161.6822
3405, 86.2351, 162.2146
3406, 86.1866, 162.7470
3407, 86.1381, 163.2794
3408, 86.0895, 163.8118
3409, 86.0410, 164.3442
3410, 85.9925, 164.8766
3411, 85.9440, 165.4090
3412, 85.8955, 165.9414
3413, 85.8469, 166.4738
3414, 85.7984, 167.0062
3415, 85.7499, 167.5386
3416, 85.7014, 168.0710
3417, 85.6529, 168.6034
3418, 85.6043, 169.1358
3419, 85.5558, 169.6682
3420, 85.5073, 170.2006
3421, 85.5328, 169.7653
3422, 85.5583, 169.3300
3423, 85.5838, 168.8947
3424, 85.6093, 168.4594
3425, 85.6349, 168.0241
3426, 85.6604, 167.5888
3427, 85.6859, 167.1535
3428, 85.7114, 166.7183
3429, 85.7369, 166.2829
3430, 85.7624, 165.8477
3431, 85.7879, 165.4124
3432, 85.8134, 164.9771
3433, 85.8389, 164.5417
3434, 85.8644, 164.1064
3435, 85.8899, 163.6711
3436, 85.9155, 163.2359
3437, 85.9410, 162.8006
3438, 85.9665, 162.3653
3439, 85.9920, 161.9300
3440, 86.0175, 161.4947
3441, 85.9842, 161.8154
3442, 85.9510, 162.1362
3443, 85.9177, 162.4570
3444, 85.8844, 162.7778
3445, 85.8512, 163.0985
3446, 85.8179, 163.4193
3447, 85.7846, 163.7401
3448, 85.7514, 164.0608
3449, 85.7181, 164.3816
3450, 85.6849, 164.7024
3451, 85.6516, 165.0232
3452, 85.6183, 165.3439
3453, 85.5851, 165.6647
3454, 85.5518, 165.9855
3455, 85.5185, 166.3062
3456, 85.4853, 166.6270
3457, 85.4520, 166.9478
3458, 85.4187, 167.2686
3459, 85.3855, 167.5893
3460, 85.3522, 167.9101
3461, 85.4955, 166.4216
3462, 85.6387, 164.9332
3463, 85.7820, 163.4447
3464, 85.9252, 161.9562
3465, 86.0684, 160.4678
3466, 86.2117, 158.9793
3467, 86.3549, 157.4908
3468, 86.4982, 156.0024
3469, 86.6414, 154.5139
3470, 86.7847, 153.0254
3471, 86.9279, 151.5370
3472, 87.0711, 150.0485
3473, 87.2144, 148.5600
3474, 87.3576, 147.0716
3475, 87.5009, 145.5831
3476, 87.6441, 144.0946
3477, 87.7874, 142.6062
3478, 87.9306, 141.1177
3479, 88.0739, 139.6292
3480, 88.2171, 138.1407
3481, 88.2230, 138.0883
3482, 88.2289, 138.0358
3483, 88.2348, 137.9833
3484, 88.2407, 137.9308
3485, 88.2465, 137.8783
3486, 88.2524, 137.8259
3487, 88.2583, 137.7734
3488, 88.2642, 137.7209
3489, 88.2701, 137.6684
3490, 88.2760, 137.6159
3491, 88.2819, 137.5634
3492, 88.2878, 137.5110
3493, 88.2937, 137.4585
3494, 88.2995, 137.4060
3495, 88.3054, 137.3535
3496, 88.3113, 137.3010
3497, 88.3172, 137.2486
3498, 88.3231, 137.1961
3499, 88.3290, 137.1436
3500, 88.3349, 137.0911
3501, 88.2678, 137.5280
3502, 88.2007, 137.9649
3503, 88.1336, 138.4018
3504, 88.0665, 138.8387
3505, 87.9994, 139.2756
3506, 87.9323, 139.7125
3507, 87.8652, 140.1494
3508, 87.7981, 140.5864
3509, 87.7310, 141.0233
3510, 87.6639, 141.4602
3511, 87.5968, 141.8971
3512, 87.5297, 142.3339
3513, 87.4626, 142.7709
3514, 87.3955, 143.2078
3515, 87.3284, 143.6447
3516, 87.2613, 144.0816
3517, 87.1943, 144.5185
3518, 87.1272, 144.9554
3519, 87.0601, 145.3923
3520, 86.9930, 145.8292
3521, 87.0591, 145.2440
3522, 87.1252, 144.6589
3523, 87.1913, 144.0737
3524, 87.2573, 143.4886
3525, 87.3234, 142.9035
3526, 87.3895, 142.3183
3527, 87.4556, 141.7331
3528, 87.5217, 141.1480
3529, 87.5878, 140.5628
3530, 87.6539, 139.9777
3531, 87.7200, 139.3925
3532, 87.7861, 138.8074
3533, 87.8522, 138.2222
3534, 87.9183, 137.6371
3535, 87.9844, 137.0519
3536, 88.0505, 136.4668
3537, 88.1166, 135.8816
3538, 88.1827, 135.2965
3539, 88.2488, 134.7113
3540, 88.3148, 134.1262
3541, 88.2865, 134.2455
3542, 88.2581, 134.3647
3543, 88.2297, 134.4839
3544, 88.2013, 134.6032
3545, 88.1730, 134.7225
3546, 88.1446, 134.8417
3547, 88.1162, 134.9610
3548, 88.0879, 135.0802
3549, 88.0595, 135.1995
3550, 88.0311, 135.3188
3551, 88.0027, 135.4380
3552, 87.9744, 135.5573
3553, 87.9460, 135.6765
3554, 87.9176, 135.7958
3555, 87.8892, 135.9151
3556, 87.8609, 136.0343
3557, 87.8325, 136.1536
3558, 87.8041, 136.2728
3559, 87.7757, 136.3921
3560, 87.7474, 136.5113
3561, 87.6982, 137.0285
3562, 87.6490, 137.5456
3563, 87.5998, 138.0628
3564, 87.5506, 138.5799
3565, 87.5014, 139.0971
3566, 87.4523, 139.6142
3567, 87.4031, 140.1313
3568, 87.3539, 140.6485
3569, 87.3047, 141.1656
3570, 87.2555, 141.6828
3571, 87.2063, 142.1999
3572, 87.1571, 142.7171
3573, 87.1080, 143.2342
3574, 87.0588, 143.7513
3575, 87.0096, 144.2685
3576, 86.9604, 144.7856
3577, 86.9112, 145.3028
3578, 86.8620, 145.8199
3579, 86.8129, 146.3371
3580, 86.7637, 146.8542
3581, 86.8028, 146.6161
3582, 86.8419, 146.3780
3583, 86.8810, 146.1399
3584, 86.9201, 145.9018
3585, 86.9592, 145.6636
3586, 86.9982, 145.4255
3587, 87.0373, 145.1874
3588, 87.0764, 144.9493
3589, 87.1155, 144.7112
3590, 87.1546, 144.4731
3591, 87.1937, 144.2350
3592, 87.2328, 143.9969
3593, 87.2719, 143.7588
3594, 87.3110, 143.5206
3595, 87.3501, 143.2826
3596, 87.3892, 143.0445
3597, 87.4283, 142.8063
3598, 87.4674, 142.5682
3599, 87.5065, 142.3301
3600, 87.5456, 142.0920
3601, 87.5671, 141.7009
3602, 87.5886, 141.3097
3603, 87.6100, 140.9186
3604, 87.6315, 140.5275
3605, 87.6530, 140.1364
3606, 87.6745, 139.7453
3607, 87.6959, 139.3541
3608, 87.7174, 138.9630
3609, 87.7389, 138.5719
3610, 87.7604, 138.1808
3611, 87.7819, 137.7897
3612, 87.8033, 137.3985
3613, 87.8248, 137.0074
3614, 87.8463, 136.6163
3615, 87.8678, 136.2252
3616, 87.8893, 135.8341
3617, 87.9107, 135.4429
3618, 87.9322, 135.0518
3619, 87.9537, 134.6607
3620, 87.9752, 134.2696
3621, 87.9543, 134.4698
3622, 87.9334, 134.6701
3623, 87.9125, 134.8703
3624, 87.8916, 135.0705
3625, 87.8707, 135.2708
3626, 87.8498, 135.4710
3627, 87.8289, 135.6712
3628, 87.8080, 135.8715
3629, 87.7871, 136.0717
3630, 87.7662, 136.2720
3631, 87.7453, 136.4722
3632, 87.7244, 136.6724
3633, 87.7035, 136.8727
3634, 87.6826, 137.0729
3635, 87.6617, 137.2731
3636, 87.6408, 137.4734
3637, 87.6199, 137.6736
3638, 87.5990, 137.8738
3639, 87.5781, 138.0741
3640, 87.5572, 138.2743
3641, 87.5985, 138.0925
3642, 87.6398, 137.9107
3643, 87.6811, 137.7289
3644, 87.7224, 137.5471
3645, 87.7637, 137.3653
3646, 87.8049, 137.1834
3647, 87.8462, 137.0017
3648, 87.8875, 136.8198
3649, 87.9288, 136.6380
3650, 87.9701, 136.4562
3651, 88.0113, 136.2744
3652, 88.0526, 136.0926
3653, 88.0939, 135.9108
3654, 88.1352, 135.7290
3655, 88.1765, 135.5472
3656, 88.2178, 135.3654
3657, 88.2590, 135.1835
3658, 88.3003, 135.0017
3659, 88.3416, 134.8199
3660, 88.3829, 134.6381
3661, 88.3604, 134.7949
3662, 88.3379, 134.9516
3663, 88.3154, 135.1084
3664, 88.2929, 135.2652
3665, 88.2704, 135.4220
3666, 88.2480, 135.5787
3667, 88.2255, 135.7355
3668, 88.2030, 135.8923
3669, 88.1805, 136.0491
3670, 88.1580, 136.2058
3671, 88.1355, 136.3626
3672, 88.1131, 136.5194
3673, 88.0906, 136.6761
3674, 88.0681, 136.8329
3675, 88.0456, 136.9897
3676, 88.0231, 137.1465
3677, 88.0006, 137.3032
3678, 87.9781, 137.4600
3679, 87.9557, 137.6168
3680, 87.9332, 137.7735
3681, 87.9265, 137.9002
3682, 87.9199, 138.0268
3683, 87.9132, 138.1535
3684, 87.9065, 138.2802
3685, 87.8999, 138.4069
3686, 87.8932, 138.5335
3687, 87.8866, 138.6601
3688, 87.8799, 138.7868
3689, 87.8733, 138.9135
3690, 87.8666, 139.0401
3691, 87.8599, 139.1668
3692, 87.8533, 139.2935
3693, 87.8466, 139.4201
3694, 87.8400, 139.5468
3695, 87.8333, 139.6734
3696, 87.8267, 139.8001
3697, 87.8200, 139.9268
3698, 87.8133, 140.0534
3699, 87.8067, 140.1801
3700, 87.8000, 140.3067
3701, 87.8777, 139.3911
3702, 87.9553, 138.4754
3703, 88.0330, 137.5598
3704, 88.1106, 136.6441
3705, 88.1882, 135.7285
3706, 88.2659, 134.8128
3707, 88.3435, 133.8972
3708, 88.4212, 132.9815
3709, 88.4988, 132.0658
3710, 88.5764, 131.1502
3711, 88.6541, 130.2345
3712, 88.7317, 129.3189
3713, 88.8094, 128.4032
3714, 88.8870, 127.4876
3715, 88.9647, 126.5719
3716, 89.0423, 125.6563
3717, 89.1199, 124.7406
3718, 89.1976, 123.8250
3719, 89.2752, 122.9093
3720, 89.3529, 121.9937
3721, 89.3057, 122.6720
3722, 89.2585, 123.3503
3723, 89.2113, 124.0286
3724, 89.1641, 124.7069
3725, 89.1169, 125.3852
3726, 89.0697, 126.0635
3727, 89.0226, 126.7418
3728, 88.9754, 127.4201
3729, 88.9282, 128.0985
3730, 88.8810, 128.7767
3731, 88.8338, 129.4551
3732, 88.7866, 130.1334
3733, 88.7394, 130.8117
3734, 88.6922, 131.4900
3735, 88.6451, 132.1683
3736, 88.5979, 132.8466
3737, 88.5507, 133.5249
3738, 88.5035, 134.2032
3739, 88.4563, 134.8815
3740, 88.4091, 135.5598
3741, 88.4456, 135.1412
3742, 88.4822, 134.7226
3743, 88.5187, 134.3040
3744, 88.5553, 133.8854
3745, 88.5918, 133.4668
3746, 88.6284, 133.0482
3747, 88.6649, 132.6295
3748, 88.7014, 132.2109
3749, 88.7380, 131.7923
3750, 88.7745, 131.3737
3751, 88.8111, 130.9551
3752, 88.8476, 130.5365
3753, 88.8841, 130.1179
3754, 88.9207, 129.6992
3755, 88.9572, 129.2806
3756, 88.9938, 128.8620
3757, 89.0303, 128.4434
3758, 89.0668, 128.0248
3759, 89.1034, 127.6061
3760, 89.1399, 127.1876
3761, 89.1084, 127.4179
3762, 89.0769, 127.6482
3763, 89.0454, 127.8785
3764, 89.0139, 128.1088
3765, 88.9824, 128.3391
3766, 88.9509, 128.5694
3767, 88.9194, 128.7997
3768, 88.8879, 129.0300
3769, 88.8564, 129.2603
3770, 88.8249, 129.4907
3771, 88.7934, 129.7210
3772, 88.7619, 129.9513
3773, 88.7304, 130.1816
3774, 88.6989, 130.4119
3775, 88.6674, 130.6422
3776, 88.6359, 130.8725
3777, 88.6044, 131.1029
3778, 88.5729, 131.3332
3779, 88.5414, 131.5634
3780, 88.5099, 131.7938
3781, 88.5120, 131.8470
3782, 88.5141, 131.9004
3783, 88.5162, 131.9537
3784, 88.5183, 132.0070
3785, 88.5204, 132.0603
3786, 88.5224, 132.1136
3787, 88.5245, 132.1669
3788, 88.5266, 132.2202
3789, 88.5287, 132.2735
3790, 88.5308, 132.3268
3791, 88.5329, 132.3801
3792, 88.5350, 132.4334
3793, 88.5371, 132.4867
3794, 88.5392, 132.5400
3795, 88.5413, 132.5933
3796, 88.5434, 132.6466
3797, 88.5455, 132.6999
3798, 88.5476, 132.7532
3799, 88.5497, 132.8065
3800, 88.5518, 132.8598
3801, 88.5180, 133.0496
3802, 88.4842, 133.2394
3803, 88.4503, 133.4293
3804, 88.4165, 133.6191
3805, 88.3827, 133.8089
3806, 88.3489, 133.9988
3807, 88.3151, 134.1886
3808, 88.2813, 134.3784
3809, 88.2475, 134.5682
3810, 88.2136, 134.7580
3811, 88.1798, 134.9478
3812, 88.1460, 135.1377
3813, 88.1122, 135.3275
3814, 88.0784, 135.5173
3815, 88.0446, 135.7072
3816, 88.0107, 135.8970
3817, 87.9769, 136.0868
3818, 87.9431, 136.2766
3819, 87.9093, 136.4664
3820, 87.8755, 136.6563
3821, 87.8496, 137.0263
3822, 87.8236, 137.3963
3823, 87.7977, 137.7662
3824, 87.7718, 138.1362
3825, 87.7459, 138.5062
3826, 87.7199, 138.8762
3827, 87.6940, 139.2462
3828, 87.6681, 139.6162
3829, 87.6422, 139.9862
3830, 87.6162, 140.3561
3831, 87.5903, 140.7262
3832, 87.5644, 141.0961
3833, 87.5385, 141.4661
3834, 87.5125, 141.8361
3835, 87.4866, 142.2061
3836, 87.4607, 142.5761
3837, 87.4348, 142.9461
3838, 87.4088, 143.3161
3839, 87.3829, 143.6860
3840, 87.3570, 144.0561
3841, 87.4214, 143.2766
3842, 87.4859, 142.4971
3843, 87.5503, 141.7177
3844, 87.6147, 140.9382
3845, 87.6791, 140.1588
3846, 87.7436, 139.3793
3847, 87.8080, 138.5999
3848, 87.8724, 137.8204
3849, 87.9369, 137.0410
3850, 88.0013, 136.2616
3851, 88.0657, 135.4821
3852, 88.1302, 134.7026
3853, 88.1946, 133.9232
3854, 88.2590, 133.1437
3855, 88.3234, 132.3643
3856, 88.3879, 131.5848
3857, 88.4523, 130.8054
3858, 88.5167, 130.0259
3859, 88.5812, 129.2465
3860, 88.6456, 128.4670
3861, 88.5530, 129.2273
3862, 88.4605, 129.9875
3863, 88.3679, 130.7478
3864, 88.2754, 131.5080
3865, 88.1828, 132.2682
3866, 88.0902, 133.0285
3867, 87.9977, 133.7888
3868, 87.9051, 134.5490
3869, 87.8126, 135.3092
3870, 87.7200, 136.0695
3871, 87.6274, 136.8297
3872, 87.5349, 137.5900
3873, 87.4423, 138.3502
3874, 87.3498, 139.1104
3875, 87.2572, 139.8707
3876, 87.1646, 140.6309
3877, 87.0721, 141.3912
3878, 86.9795, 142.1514
3879, 86.8870, 142.9116
3880, 86.7944, 143.6719
3881, 86.8329, 143.4866
3882, 86.8714, 143.3013
3883, 86.9098, 143.1160
3884, 86.9483, 142.9307
3885, 86.9868, 142.7455
3886, 87.0252, 142.5602
3887, 87.0637, 142.3749
3888, 87.1022, 142.1896
3889, 87.1406, 142.0043
3890, 87.1791, 141.8190
3891, 87.2176, 141.6337
3892, 87.2561, 141.4484
3893, 87.2945, 141.2631
3894, 87.3330, 141.0778
3895, 87.3715, 140.8926
3896, 87.4099, 140.7072
3897, 87.4484, 140.5220
3898, 87.4869, 140.3367
3899, 87.5254, 140.1514
3900, 87.5638, 139.9661
3901, 87.6341, 139.1267
3902, 87.7044, 138.2874
3903, 87.7747, 137.4481
3904, 87.8450, 136.6088
3905, 87.9153, 135.7694
3906, 87.9855, 134.9301
3907, 88.0558, 134.0908
3908, 88.1261, 133.2515
3909, 88.1964, 132.4121
3910, 88.2667, 131.5728
3911, 88.3370, 130.7335
3912, 88.4073, 129.8941
3913, 88.4776, 129.0548
3914, 88.5478, 128.2155
3915, 88.6181, 127.3762
3916, 88.6884, 126.5368
3917, 88.7587, 125.6975
3918, 88.8290, 124.8582
3919, 88.8993, 124.0189
3920, 88.9696, 123.1795
3921, 88.9670, 123.2961
3922, 88.9644, 123.4126
3923, 88.9619, 123.5292
3924, 88.9593, 123.6458
3925, 88.9567, 123.7623
3926, 88.9541, 123.8789
3927, 88.9516, 123.9954
3928, 88.9490, 124.1120
3929, 88.9464, 124.2285
3930, 88.9439, 124.3451
3931, 88.9413, 124.4616
3932, 88.9387, 124.5782
3933, 88.9362, 124.6948
3934, 88.9336, 124.8113
3935, 88.9310, 124.9279
3936, 88.9284, 125.0444
3937, 88.9259, 125.1610
3938, 88.9233, 125.2775
3939, 88.9207, 125.3941
3940, 88.9182, 125.5106
3941, 88.9593, 125.0459
3942, 89.0005, 124.5812
3943, 89.0417, 124.1164
3944, 89.0829, 123.6517
3945, 89.1241, 123.1870
3946, 89.1653, 122.7222
3947, 89.2065, 122.2575
3948, 89.2476, 121.7927
3949, 89.2888, 121.3280
3950, 89.3300, 120.8633
3951, 89.3712, 120.3985
3952, 89.4124, 119.9338
3953, 89.4536, 119.4691
3954, 89.4947, 119.0043
3955, 89.5359, 118.5396
3956, 89.5771, 118.0748
3957, 89.6183, 117.6101
3958, 89.6595, 117.1454
3959, 89.7007, 116.6806
3960, 89.7418, 116.2159
3961, 89.6506, 117.0680
3962, 89.5594, 117.9200
3963, 89.4682, 118.7721
3964, 89.3770, 119.6242
3965, 89.2858, 120.4762
3966, 89.1946, 121.3283
3967, 89.1034, 122.1803
3968, 89.0122, 123.0324
3969, 88.9210, 123.8845
3970, 88.8298, 124.7365
3971, 88.7386, 125.5886
3972, 88.6474, 126.4407
3973, 88.5562, 127.2927
3974, 88.4650, 128.1448
3975, 88.3738, 128.9969
3976, 88.2826, 129.8489
3977, 88.1914, 130.7010
3978, 88.1002, 131.5530
3979, 88.0090, 132.4051
3980, 87.9178, 133.2572
3981, 87.9108, 133.2259
3982, 87.9039, 133.1945
3983, 87.8969, 133.1632
3984, 87.8900, 133.1319
3985, 87.8830, 133.1006
3986, 87.8761, 133.0692
3987, 87.8691, 133.0379
3988, 87.8622, 133.0066
3989, 87.8552, 132.9753
3990, 87.8483, 132.9440
3991, 87.8413, 132.9126
3992, 87.8344, 132.8813
3993, 87.8274, 132.8500
3994, 87.8204, 132.8187
3995, 87.8135, 132.7873
3996, 87.8065, 132.7560
3997, 87.7996, 132.7247
3998, 87.7926, 132.6934
3999, 87.7857, 132.6620
4000, 87.7787, 132.6307
4001, 87.7524, 132.9083
4002, 87.7261, 133.1858
4003, 87.6998, 133.4634
4004, 87.6735, 133.7410
4005, 87.6471, 134.0185
4006, 87.6208, 134.2961
4007, 87.5945, 134.5736
4008, 87.5682, 134.8512
4009, 87.5419, 135.1287
4010, 87.5155, 135.4063
4011, 87.4892, 135.6839
4012, 87.4629, 135.9614
4013, 87.4366, 136.2390
4014, 87.4103, 136.5165
4015, 87.3839, 136.7941
4016, 87.3576, 137.0716
4017, 87.3313, 137.3492
4018, 87.3050, 137.6268
4019, 87.2787, 137.9043
4020, 87.2523, 138.1819
4021, 87.2425, 138.3363
4022, 87.2326, 138.4909
4023, 87.2228, 138.6453
4024, 87.2129, 138.7998
4025, 87.2031, 138.9543
4026, 87.1932, 139.1088
4027, 87.1834, 139.2633
4028, 87.1735, 139.4178
4029, 87.1637, 139.5723
4030, 87.1538, 139.7268
4031, 87.1440, 139.8813
4032, 87.1341, 140.0358
4033, 87.1243, 140.1903
4034, 87.1144, 140.3448
4035, 87.1046, 140.4993
4036, 87.0947, 140.6538
4037, 87.0849, 140.8082
4038, 87.0750, 140.9628
4039, 87.0652, 141.1172
4040, 87.0553, 141.2717
4041, 87.0641, 141.1662
4042, 87.0730, 141.0607
4043, 87.0818, 140.9552
4044, 87.0906, 140.8497
4045, 87.0994, 140.7442
4046, 87.1082, 140.6387
4047, 87.1170, 140.5332
4048, 87.1259, 140.4277
4049, 87.1347, 140.3222
4050, 87.1435, 140.2166
4051, 87.1523, 140.1111
4052, 87.1611, 140.0056
4053, 87.1699, 139.9001
4054, 87.1788, 139.7946
4055, 87.1876, 139.6891
4056, 87.1964, 139.5836
4057, 87.2052, 139.4781
4058, 87.2140, 139.3726
4059, 87.2229, 139.2671
4060, 87.2317, 139.1616
4061, 87.2741, 138.8543
4062, 87.3165, 138.5470
4063, 87.3590, 138.2397
4064, 87.4014, 137.9324
4065, 87.4438, 137.6250
4066, 87.4863, 137.3177
4067, 87.5287, 137.0104
4068, 87.5712, 136.7031
4069, 87.6136, 136.3958
4070, 87.6560, 136.0885
4071, 87.6985, 135.7812
4072, 87.7409, 135.4739
4073, 87.7833, 135.1666
4074, 87.8258, 134.8592
4075, 87.8682, 134.5520
4076, 87.9106, 134.2446
4077, 87.9531, 133.9373
4078, 87.9955, 133.6300
4079, 88.0379, 133.3227
4080, 88.0804, 133.0154
4081, 88.1727, 132.1631
4082, 88.2650, 131.3108
4083, 88.3572, 130.4585
4084, 88.4495, 129.6062
4085, 88.5418, 128.7539
4086, 88.6341, 127.9016
4087, 88.7264, 127.0493
4088, 88.8187, 126.1970
4089, 88.9110, 125.3447
4090, 89.0033, 124.4924
4091, 89.0955, 123.6401
4092, 89.1878, 122.7878
4093, 89.2801, 121.9355
4094, 89.3724, 121.0832
4095, 89.4647, 120.2309
4096, 89.5570, 119.3786
4097, 89.6493, 118.5263
4098, 89.7416, 117.6740
4099, 89.8338, 116.8217
4100, 89.9261, 115.9694
4101, 89.8246, 116.9301
4102, 89.7231, 117.8908
4103, 89.6217, 118.8515
4104, 89.5202, 119.8122
4105, 89.4187, 120.7729
4106, 89.3172, 121.7336
4107, 89.2157, 122.6943
4108, 89.1142, 123.6550
4109, 89.0127, 124.6157
4110, 88.9112, 125.5764
4111, 88.8097, 126.5372
4112, 88.7082, 127.4978
4113, 88.6067, 128.4586
4114, 88.5052, 129.4192
4115, 88.4037, 130.3800
4116, 88.3022, 131.3406
4117, 88.2007, 132.3014
4118, 88.0992, 133.2621
4119, 87.9977, 134.2228
4120, 87.8962, 135.1835
4121, 87.9353, 134.8673
4122, 87.9744, 134.5510
4123, 88.0134, 134.2347
4124, 88.0525, 133.9185
4125, 88.0916, 133.6022
4126, 88.1306, 133.2860
4127, 88.1697, 132.9697
4128, 88.2087, 132.6535
4129, 88.2478, 132.3372
4130, 88.2869, 132.0210
4131, 88.3259, 131.7047
4132, 88.3650, 131.3885
4133, 88.4040, 131.0722
4134, 88.4431, 130.7560
4135, 88.4822, 130.4397
4136, 88.5212, 130.1235
4137, 88.5603, 129.8072
4138, 88.5994, 129.4910
4139, 88.6384, 129.1747
4140, 88.6775, 128.8585
4141, 88.5910, 129.5593
4142, 88.5045, 130.2602
4143, 88.4179, 130.9611
4144, 88.3314, 131.6619
4145, 88.2449, 132.3628
4146, 88.1584, 133.0636
4147, 88.0719, 133.7645
4148, 87.9854, 134.4653
4149, 87.8989, 135.1662
4150, 87.8124, 135.8670
4151, 87.7259, 136.5679
4152, 87.6394, 137.2688
4153, 87.5529, 137.9696
4154, 87.4663, 138.6705
4155, 87.3798, 139.3713
4156, 87.2933, 140.0722
4157, 87.2068, 140.7730
4158, 87.1203, 141.4739
4159, 87.0338, 142.1748
4160, 86.9473, 142.8756
4161, 87.0692, 141.8151
4162, 87.1912, 140.7546
4163, 87.3131, 139.6941
4164, 87.4350, 138.6336
4165, 87.5570, 137.5731
4166, 87.6789, 136.5126
4167, 87.8008, 135.4520
4168, 87.9228, 134.3915
4169, 88.0447, 133.3310
4170, 88.1667, 132.2705
4171, 88.2886, 131.2100
4172, 88.4105, 130.1495
4173, 88.5325, 129.0889
4174, 88.6544, 128.0284
4175, 88.7764, 126.9679
4176, 88.8983, 125.9074
4177, 89.0202, 124.8469
4178, 89.1422, 123.7864
4179, 89.2641, 122.7259
4180, 89.3860, 121.6654
4181, 89.3307, 122.1679
4182, 89.2753, 122.6705
4183, 89.2199, 123.1731
4184, 89.1645, 123.6757
4185, 89.1091, 124.1782
4186, 89.0537, 124.6808
4187, 88.9983, 125.1834
4188, 88.9430, 125.6860
4189, 88.8876, 126.1885
4190, 88.8322, 126.6911
4191, 88.7768, 127.1937
4192, 88.7214, 127.6963
4193, 88.6660, 128.1988
4194, 88.6106, 128.7014
4195, 88.5553, 129.2040
4196, 88.4999, 129.7066
4197, 88.4445, 130.2092
4198, 88.3891, 130.7117
4199, 88.3337, 131.2143
4200, 88.2783, 131.7169
4201, 88.2349, 132.0190
4202, 88.1915, 132.3211
4203, 88.1480, 132.6232
4204, 88.1046, 132.9253
4205, 88.0612, 133.2274
4206, 88.0177, 133.5294
4207, 87.9743, 133.8316
4208, 87.9309, 134.1336
4209, 87.8874, 134.4358
4210, 87.8440, 134.7378
4211, 87.8006, 135.0399
4212, 87.7571, 135.3420
4213, 87.7137, 135.6441
4214, 87.6703, 135.9462
4215, 87.6269, 136.2483
4216, 87.5834, 136.5504
4217, 87.5400, 136.8525
4218, 87.4966, 137.1546
4219, 87.4531, 137.4567
4220, 87.4097, 137.7588
4221, 87.4438, 137.4898
4222, 87.4778, 137.2208
4223, 87.5119, 136.9518
4224, 87.5459, 136.6828
4225, 87.5800, 136.4138
4226, 87.6140, 136.1449
4227, 87.6481, 135.8758
4228, 87.6821, 135.6069
4229, 87.7162, 135.3379
4230, 87.7502, 135.0689
4231, 87.7843, 134.7999
4232, 87.8183, 134.5309
4233, 87.8524, 134.2619
4234, 87.8864, 133.9929
4235, 87.9205, 133.7239
4236, 87.9545, 133.4549
4237, 87.9886, 133.1859
4238, 88.0227, 132.9169
4239, 88.0567, 132.6479
4240, 88.0908, 132.3790
4241, 88.0600, 132.7219
4242, 88.0293, 133.0649
4243, 87.9986, 133.4079
4244, 87.9679, 133.7508
4245, 87.9371, 134.0937
4246, 87.9064, 134.4367
4247, 87.8757, 134.7797
4248, 87.8450, 135.1226
4249, 87.8143, 135.4656
4250, 87.7835, 135.8085
4251, 87.7528, 136.1515
4252, 87.7221, 136.4945
4253, 87.6914, 136.8374
4254, 87.6606, 137.1804
4255, 87.6299, 137.5234
4256, 87.5992, 137.8663
4257, 87.5685, 138.2093
4258, 87.5377, 138.5522
4259, 87.5070, 138.8952
4260, 87.4763, 139.2381
4261, 87.4985, 138.8928
4262, 87.5206, 138.5475
4263, 87.5428, 138.2022
4264, 87.5650, 137.8568
4265, 87.5871, 137.5115
4266, 87.6093, 137.1661
4267, 87.6315, 136.8208
4268, 87.6537, 136.4754
4269, 87.6758, 136.1301
4270, 87.6980, 135.7848
4271, 87.7202, 135.4394
4272, 87.7423, 135.0941
4273, 87.7645, 134.7488
4274, 87.7867, 134.4034
4275, 87.8089, 134.0581
4276, 87.8310, 133.7127
4277, 87.8532, 133.3674
4278, 87.8754, 133.0221
4279, 87.8975, 132.6767
4280, 87.9197, 132.3314
4281, 87.9146, 132.5691
4282, 87.9096, 132.8069
4283, 87.9045, 133.0446
4284, 87.8995, 133.2823
4285, 87.8944, 133.5200
4286, 87.8893, 133.7578
4287, 87.8843, 133.9955
4288, 87.8792, 134.2332
4289, 87.8742, 134.4710
4290, 87.8691, 134.7087
4291, 87.8641, 134.9464
4292, 87.8590, 135.1842
4293, 87.8539, 135.4219
4294, 87.8489, 135.6596
4295, 87.8438, 135.8973
4296, 87.8388, 136.1350
4297, 87.8337, 136.3728
4298, 87.8286, 136.6105
4299, 87.8236, 136.8482
4300, 87.8185, 137.0860
4301, 87.8664, 136.4279
4302, 87.9143, 135.7698
4303, 87.9622, 135.1117
4304, 88.0101, 134.4536
4305, 88.0580, 133.7956
4306, 88.1059, 133.1375
4307, 88.1538, 132.4794
4308, 88.2017, 131.8213
4309, 88.2496, 131.1632
4310, 88.2975, 130.5051
4311, 88.3454, 129.8471
4312, 88.3933, 129.1890
4313, 88.4412, 128.5309
4314, 88.4891, 127.8728
4315, 88.5370, 127.2147
4316, 88.5849, 126.5567
4317, 88.6328, 125.8986
4318, 88.6807, 125.2405
4319, 88.7286, 124.5824
4320, 88.7765, 123.9244
4321, 88.7998, 123.7170
4322, 88.8231, 123.5096
4323, 88.8463, 123.3022
4324, 88.8696, 123.0948
4325, 88.8929, 122.8875
4326, 88.9162, 122.6801
4327, 88.9395, 122.4727
4328, 88.9628, 122.2653
4329, 88.9860, 122.0580
4330, 89.0093, 121.8506
4331, 89.0326, 121.6432
4332, 89.0559, 121.4358
4333, 89.0792, 121.2285
4334, 89.1025, 121.0211
4335, 89.1257, 120.8137
4336, 89.1490, 120.6063
4337, 89.1723, 120.3989
4338, 89.1956, 120.1916
4339, 89.2189, 119.9842
4340, 89.2421, 119.7768
4341, 89.2430, 119.8166
4342, 89.2438, 119.8564
4343, 89.2447, 119.8961
4344, 89.2455, 119.9359
4345, 89.2463, 119.9757
4346, 89.2472, 120.0155
4347, 89.2480, 120.0552
4348, 89.2489, 120.0950
4349, 89.2497, 120.1348
4350, 89.2505, 120.1746
4351, 89.2514, 120.2143
4352, 89.2522, 120.2541
4353, 89.2531, 120.2939
4354, 89.2539, 120.3337
4355, 89.2547, 120.3734
4356, 89.2556, 120.4132
4357, 89.2564, 120.4530
4358, 89.2573, 120.4928
4359, 89.2581, 120.5325
4360, 89.2589, 120.5723
4361, 89.2949, 120.1937
4362, 89.3309, 119.8150
4363, 89.3669, 119.4364
4364, 89.4028, 119.0578
4365, 89.4388, 118.6791
4366, 89.4748, 118.3005
4367, 89.5107, 117.9219
4368, 89.5467, 117.5432
4369, 89.5827, 117.1646
4370, 89.6186, 116.7860
4371, 89.6546, 116.4074
4372, 89.6906, 116.0287
4373, 89.7266, 115.6501
4374, 89.7625, 115.2714
4375, 89.7985, 114.8928
4376, 89.8345, 114.5142
4377, 89.8705, 114.1355
4378, 89.9064, 113.7569
4379, 89.9424, 113.3783
4380, 89.9784, 112.9997
4381, 90.0492, 112.2132
4382, 90.1200, 111.4267
4383, 90.1908, 110.6402
4384, 90.2616, 109.8537
4385, 90.3324, 109.0672
4386, 90.4032, 108.2808
4387, 90.4740, 107.4943
4388, 90.5448, 106.7078
4389, 90.6156, 105.9213
4390, 90.6864, 105.1348
4391, 90.7572, 104.3483
4392, 90.8280, 103.5618
4393, 90.8988, 102.7754
4394, 90.9696, 101.9889
4395, 91.0404, 101.2024
4396, 91.1112, 100.4159
4397, 91.1820, 99.6294
4398, 91.2528, 98.8429
4399, 91.3236, 98.0565
4400, 91.3944, 97.2700
4401, 91.3160, 98.2591
4402, 91.2377, 99.2483
4403, 91.1594, 100.2374
4404, 91.0810, 101.2266
4405, 91.0027, 102.2157
4406, 90.9243, 103.2049
4407, 90.8460, 104.1940
4408, 90.7677, 105.1832
4409, 90.6893, 106.1723
4410, 90.6110, 107.1615
4411, 90.5326, 108.1506
4412, 90.4543, 109.1397
4413, 90.3760, 110.1289
4414, 90.2976, 111.1180
4415, 90.2193, 112.1072
4416, 90.1410, 113.0963
4417, 90.0626, 114.0855
4418, 89.9843, 115.0746
4419, 89.9059, 116.0638
4420, 89.8276, 117.0529
4421, 89.7732, 117.3710
4422, 89.7188, 117.6890
4423, 89.6643, 118.0071
4424, 89.6099, 118.3252
4425, 89.5555, 118.6432
4426, 89.5011, 118.9613
4427, 89.4467, 119.2794
4428, 89.3923, 119.5974
4429, 89.3378, 119.9155
4430, 89.2834, 120.2335
4431, 89.2290, 120.5516
4432, 89.1746, 120.8696
4433, 89.1202, 121.1877
4434, 89.0658, 121.5057
4435, 89.0113, 121.8238
4436, 88.9569, 122.1418
4437, 88.9025, 122.4599
4438, 88.8481, 122.7779
4439, 88.7937, 123.0960
4440, 88.7393, 123.4141
4441, 88.8240, 122.6681
4442, 88.9088, 121.9221
4443, 88.9936, 121.1761
4444, 89.0783, 120.4300
4445, 89.1631, 119.6841
4446, 89.2479, 118.9380
4447, 89.3327, 118.1920
4448, 89.4174, 117.4460
4449, 89.5022, 116.7000
4450, 89.5870, 115.9541
4451, 89.6718, 115.2080
4452, 89.7565, 114.4620
4453, 89.8413, 113.7160
4454, 89.9261, 112.9700
4455, 90.0108, 112.2240
4456, 90.0956, 111.4780
4457, 90.1804, 110.7320
4458, 90.2652, 109.9860
4459, 90.3499, 109.2400
4460, 90.4347, 108.4940
4461, 90.5792, 107.0596
4462, 90.7236, 105.6252
4463, 90.8680, 104.1908
4464, 91.0125, 102.7563
4465, 91.1569, 101.3219
4466, 91.3014, 99.8875
4467, 91.4458, 98.4531
4468, 91.5903, 97.0186
4469, 91.7347, 95.5842
4470, 91.8792, 94.1498
4471, 92.0236, 92.7154
4472, 92.1680, 91.2810
4473, 92.3125, 89.8465
4474, 92.4569, 88.4121
4475, 92.6014, 86.9777
4476, 92.7458, 85.5433
4477, 92.8903, 84.1089
4478, 93.0347, 82.6744
4479, 93.1792, 81.2401
4480, 93.3236, 79.8056
4481, 93.0564, 82.3617
4482, 92.7891, 84.9178
4483, 92.5219, 87.4740
4484, 92.2546, 90.0301
4485, 91.9874, 92.5863
4486, 91.7201, 95.1424
4487, 91.4529, 97.6985
4488, 91.1857, 100.2547
4489, 90.9184, 102.8108
4490, 90.6512, 105.3669
4491, 90.3839, 107.9230
4492, 90.1167, 110.4791
4493, 89.8494, 113.0353
4494, 89.5822, 115.5914
4495, 89.3150, 118.1475
4496, 89.0477, 120.7036
4497, 88.7805, 123.2598
4498, 88.5132, 125.8159
4499, 88.2460, 128.3720
4500, 87.9787, 130.9282
4501, 88.0316, 130.3159
4502, 88.0845, 129.7037
4503, 88.1374, 129.0915
4504, 88.1903, 128.4793
4505, 88.2432, 127.8671
4506, 88.2961, 127.2549
4507, 88.3490, 126.6427
4508, 88.4020, 126.0305
4509, 88.4549, 125.4182
4510, 88.5078, 124.8060
4511, 88.5607, 124.1938
4512, 88.6136, 123.5816
4513, 88.6665, 122.9694
4514, 88.7194, 122.3572
4515, 88.7723, 121.7450
4516, 88.8252, 121.1328
4517, 88.8781, 120.5205
4518, 88.9310, 119.9083
4519, 88.9839, 119.2961
4520, 89.0368, 118.6839
4521, 89.0193, 118.9477
4522, 89.0019, 119.2114
4523, 88.9845, 119.4752
4524, 88.9670, 119.7390
4525, 88.9496, 120.0027
4526, 88.9321, 120.2665
4527, 88.9147, 120.5302
4528, 88.8973, 120.7940
4529, 88.8798, 121.0578
4530, 88.8624, 121.3215
4531, 88.8450, 121.5853
4532, 88.8275, 121.8490
4533, 88.8101, 122.1128
4534, 88.7926, 122.3765
4535, 88.7752, 122.6403
4536, 88.7578, 122.9040
4537, 88.7403, 123.1678
4538, 88.7229, 123.4316
4539, 88.7054, 123.6954
4540, 88.6880, 123.9591
4541, 88.7944, 122.8157
4542, 88.9007, 121.6723
4543, 89.0071, 120.5289
4544, 89.1134, 119.3855
4545, 89.2197, 118.2420
4546, 89.3261, 117.0986
4547, 89.4324, 115.9552
4548, 89.5388, 114.8118
4549, 89.6451, 113.6684
4550, 89.7515, 112.5249
4551, 89.8578, 111.3815
4552, 89.9642, 110.2381
4553, 90.0705, 109.0947
4554, 90.1769, 107.9512
4555, 90.2832, 106.8078
4556, 90.3896, 105.6644
4557, 90.4959, 104.5210
4558, 90.6023, 103.3776
4559, 90.7086, 102.2342
4560, 90.8150, 101.0908
4561, 90.7216, 102.0919
4562, 90.6282, 103.0930
4563, 90.5348, 104.0941
4564, 90.4414, 105.0952
4565, 90.3480, 106.0963
4566, 90.2547, 107.0973
4567, 90.1613, 108.0985
4568, 90.0679, 109.0995
4569, 89.9745, 110.1006
4570, 89.8811, 111.1017
4571, 89.7877, 112.1028
4572, 89.6944, 113.1040
4573, 89.6010, 114.1050
4574, 89.5076, 115.1061
4575, 89.4142, 116.1072
4576, 89.3208, 117.1083
4577, 89.2274, 118.1094
4578, 89.1341, 119.1105
4579, 89.0407, 120.1116
4580, 88.9473, 121.1127
4581, 88.9554, 121.0374
4582, 88.9636, 120.9621
4583, 88.9717, 120.8868
4584, 88.9799, 120.8115
4585, 88.9880, 120.7362
4586, 88.9962, 120.6609
4587, 89.0043, 120.5856
4588, 89.0124, 120.5103
4589, 89.0206, 120.4350
4590, 89.0287, 120.3597
4591, 89.0369, 120.2844
4592, 89.0450, 120.2091
4593, 89.0532, 120.1338
4594, 89.0613, 120.0585
4595, 89.0694, 119.9832
4596, 89.0776, 119.9079
4597, 89.0857, 119.8326
4598, 89.0939, 119.7573
4599, 89.1020, 119.6820
4600, 89.1102, 119.6067
4601, 89.2085, 118.6000
4602, 89.3069, 117.5934
4603, 89.4053, 116.5868
4604, 89.5037, 115.5801
4605, 89.6020, 114.5734
4606, 89.7004, 113.5668
4607, 89.7988, 112.5602
4608, 89.8972, 111.5535
4609, 89.9955, 110.5468
4610, 90.0939, 109.5402
4611, 90.1923, 108.5335
4612, 90.2907, 107.5269
4613, 90.3890, 106.5202
4614, 90.4874, 105.5136
4615, 90.5858, 104.5069
4616, 90.6842, 103.5003
4617, 90.7825, 102.4936
4618, 90.8809, 101.4870
4619, 90.9793, 100.4803
4620, 91.0777, 99.4737
4621, 90.9542, 100.7118
4622, 90.8307, 101.9500
4623, 90.7072, 103.1881
4624, 90.5837, 104.4262
4625, 90.4603, 105.6643
4626, 90.3368, 106.9025
4627, 90.2133, 108.1406
4628, 90.0898, 109.3787
4629, 89.9664, 110.6169
4630, 89.8429, 111.8550
4631, 89.7194, 113.0931
4632, 89.5959, 114.3312
4633, 89.4724, 115.5694
4634, 89.3490, 116.8075
4635, 89.2255, 118.0456
4636, 89.1020, 119.2838
4637, 88.9785, 120.5219
4638, 88.8550, 121.7601
4639, 88.7316, 122.9982
4640, 88.6081, 124.2363
4641, 88.6192, 124.0596
4642, 88.6302, 123.8828
4643, 88.6413, 123.7060
4644, 88.6524, 123.5292
4645, 88.6634, 123.3525
4646, 88.6745, 123.1758
4647, 88.6856, 122.9990
4648, 88.6966, 122.8222
4649, 88.7077, 122.6455
4650, 88.7188, 122.4687
4651, 88.7299, 122.2920
4652, 88.7409, 122.1152
4653, 88.7520, 121.9384
4654, 88.7631, 121.7616
4655, 88.7741, 121.5849
4656, 88.7852, 121.4082
4657, 88.7963, 121.2314
4658, 88.8074, 121.0546
4659, 88.8184, 120.8779
4660, 88.8295, 120.7011
4661, 88.8704, 120.2963
4662, 88.9114, 119.8913
4663, 88.9524, 119.4865
4664, 88.9933, 119.0816
4665, 89.0343, 118.6767
4666, 89.0752, 118.2719
4667, 89.1162, 117.8670
4668, 89.1571, 117.4621
4669, 89.1981, 117.0573
4670, 89.2390, 116.6524
4671, 89.2800, 116.2475
4672, 89.3209, 115.8426
4673, 89.3619, 115.4377
4674, 89.4029, 115.0329
4675, 89.4438, 114.6280
4676, 89.4848, 114.2231
4677, 89.5257, 113.8182
4678, 89.5667, 113.4134
4679, 89.6076, 113.0085
4680, 89.6486, 112.6036
4681, 89.6127, 112.8435
4682, 89.5769, 113.0834
4683, 89.5410, 113.3233
4684, 89.5051, 113.5631
4685, 89.4693, 113.8031
4686, 89.4334, 114.0429
4687, 89.3976, 114.2828
4688, 89.3617, 114.5227
4689, 89.3258, 114.7626
4690, 89.2900, 115.0025
4691, 89.2541, 115.2424
4692, 89.2183, 115.4822
4693, 89.1824, 115.7221
4694, 89.1465, 115.9620
4695, 89.1107, 116.2019
4696, 89.0748, 116.4418
4697, 89.0390, 116.6816
4698, 89.0031, 116.9215
4699, 88.9672, 117.1614
4700, 88.9314, 117.4013
4701, 88.9718, 117.0415
4702, 89.0122, 116.6817
4703, 89.0526, 116.3219
4704, 89.0931, 115.9620
4705, 89.1335, 115.6022
4706, 89.1739, 115.2424
4707, 89.2143, 114.8826
4708, 89.2547, 114.5228
4709, 89.2951, 114.1630
4710, 89.3356, 113.8032
4711, 89.3760, 113.4434
4712, 89.4164, 113.0836
4713, 89.4568, 112.7238
4714, 89.4972, 112.3639
4715, 89.5376, 112.0041
4716, 89.5781, 111.6443
4717, 89.6185, 111.2845
4718, 89.6589, 110.9247
4719, 89.6993, 110.5649
4720, 89.7397, 110.2051
4721, 89.7745, 109.8424
4722, 89.8093, 109.4797
4723, 89.8440, 109.1170
4724, 89.8788, 108.7543
4725, 89.9136, 108.3917
4726, 89.9484, 108.0290
4727, 89.9831, 107.6663
4728, 90.0179, 107.3036
4729, 90.0527, 106.9409
4730, 90.0874, 106.5783
4731, 90.1222, 106.2156
4732, 90.1570, 105.8529
4733, 90.1917, 105.4902
4734, 90.2265, 105.1275
4735, 90.2613, 104.7649
4736, 90.2961, 104.4022
4737, 90.3308, 104.0395
4738, 90.3656, 103.6768
4739, 90.4004, 103.3141
4740, 90.4351, 102.9514
4741, 90.3515, 103.6745
4742, 90.2678, 104.3976
4743, 90.1842, 105.1207
4744, 90.1006, 105.8437
4745, 90.0169, 106.5668
4746, 89.9333, 107.2899
4747, 89.8496, 108.0130
4748, 89.7660, 108.7360
4749, 89.6823, 109.4591
4750, 89.5987, 110.1822
4751, 89.5150, 110.9053
4752, 89.4314, 111.6284
4753, 89.3477, 112.3514
4754, 89.2641, 113.0745
4755, 89.1804, 113.7976
4756, 89.0968, 114.5207
4757, 89.0131, 115.2437
4758, 88.9295, 115.9668
4759, 88.8458, 116.6899
4760, 88.7622, 117.4130
4761, 88.8186, 116.9189
4762, 88.8749, 116.4248
4763, 88.9313, 115.9307
4764, 88.9876, 115.4366
4765, 89.0440, 114.9425
4766, 89.1004, 114.4484
4767, 89.1567, 113.9544
4768, 89.2131, 113.4603
4769, 89.2694, 112.9662
4770, 89.3258, 112.4721
4771, 89.3822, 111.9780
4772, 89.4385, 111.4839
4773, 89.4949, 110.9899
4774, 89.5512, 110.4958
4775, 89.6076, 110.0017
4776, 89.6640, 109.5076
4777, 89.7203, 109.0135
4778, 89.7767, 108.5195
4779, 89.8331, 108.0254
4780, 89.8894, 107.5313
4781, 89.8917, 107.6190
4782, 89.8940, 107.7068
4783, 89.8962, 107.7946
4784, 89.8985, 107.8823
4785, 89.9008, 107.9701
4786, 89.9031, 108.0578
4787, 89.9053, 108.1456
4788, 89.9076, 108.2333
4789, 89.9099, 108.3211
4790, 89.9122, 108.4089
4791, 89.9144, 108.4966
4792, 89.9167, 108.5844
4793, 89.9190, 108.6721
4794, 89.9213, 108.7599
4795, 89.9236, 108.8476
4796, 89.9258, 108.9354
4797, 89.9281, 109.0231
4798, 89.9304, 109.1109
4799, 89.9327, 109.1987
4800, 89.9349, 109.2864
4801, 89.8861, 109.6530
4802, 89.8372, 110.0196
4803, 89.7883, 110.3861
4804, 89.7394, 110.7528
4805, 89.6905, 111.1193
4806, 89.6416, 111.4859
4807, 89.5928, 111.8525
4808, 89.5439, 112.2191
4809, 89.4950, 112.5857
4810, 89.4461, 112.9523
4811, 89.3972, 113.3188
4812, 89.3484, 113.6854
4813, 89.2995, 114.0520
4814, 89.2506, 114.4186
4815, 89.2017, 114.7852
4816, 89.1528, 115.1518
4817, 89.1040, 115.5184
4818, 89.0551, 115.8850
4819, 89.0062, 116.2515
4820, 88.9573, 116.6181
4821, 88.9128, 116.9756
4822, 88.8683, 117.3330
4823, 88.8238, 117.6905
4824, 88.7794, 118.0480
4825, 88.7349, 118.4055
4826, 88.6904, 118.7629
4827, 88.6459, 119.1204
4828, 88.6014, 119.4779
4829, 88.5569, 119.8354
4830, 88.5124, 120.1928
4831, 88.4679, 120.5503
4832, 88.4234, 120.9078
4833, 88.3789, 121.2652
4834, 88.3345, 121.6227
4835, 88.2900, 121.9802
4836, 88.2455, 122.3377
4837, 88.2010, 122.6951
4838, 88.1565, 123.0526
4839, 88.1120, 123.4101
4840, 88.0675, 123.7676
4841, 88.1046, 123.4747
4842, 88.1417, 123.1818
4843, 88.1787, 122.8889
4844, 88.2158, 122.5961
4845, 88.2529, 122.3032
4846, 88.2899, 122.0103
4847, 88.3270, 121.7174
4848, 88.3641, 121.4245
4849, 88.4012, 121.1317
4850, 88.4382, 120.8388
4851, 88.4753, 120.5459
4852, 88.5124, 120.2530
4853, 88.5495, 119.9602
4854, 88.5865, 119.6673
4855, 88.6236, 119.3744
4856, 88.6607, 119.0816
4857, 88.6978, 118.7887
4858, 88.7348, 118.4958
4859, 88.7719, 118.2029
4860, 88.8090, 117.9101
4861, 88.8679, 117.3184
4862, 88.9269, 116.7267
4863, 88.9859, 116.1350
4864, 89.0448, 115.5433
4865, 89.1038, 114.9516
4866, 89.1627, 114.3599
4867, 89.2217, 113.7682
4868, 89.2807, 113.1764
4869, 89.3396, 112.5847
4870, 89.3986, 111.9931
4871, 89.4576, 111.4014
4872, 89.5165, 110.8097
4873, 89.5755, 110.2179
4874, 89.6344, 109.6262
4875, 89.6934, 109.0345
4876, 89.7524, 108.4428
4877, 89.8113, 107.8511
4878, 89.8703, 107.2594
4879, 89.9292, 106.6677
4880, 89.9882, 106.0761
4881, 90.0358, 105.6651
4882, 90.0835, 105.2542
4883, 90.1311, 104.8433
4884, 90.1787, 104.4323
4885, 90.2264, 104.0214
4886, 90.2740, 103.6104
4887, 90.3216, 103.1995
4888, 90.3692, 102.7886
4889, 90.4169, 102.3776
4890, 90.4645, 101.9667
4891, 90.5121, 101.5558
4892, 90.5598, 101.1448
4893, 90.6074, 100.7339
4894, 90.6550, 100.3230
4895, 90.7026, 99.9120
4896, 90.7503, 99.5011
4897, 90.7979, 99.0902
4898, 90.8455, 98.6792
4899, 90.8932, 98.2683
4900, 90.9408, 97.8574
4901, 90.7549, 99.5097
4902, 90.5690, 101.1619
4903, 90.3832, 102.8142
4904, 90.1973, 104.4665
4905, 90.0114, 106.1188
4906, 89.8255, 107.7711
4907, 89.6396, 109.4234
4908, 89.4538, 111.0756
4909, 89.2679, 112.7279
4910, 89.0820, 114.3802
4911, 88.8961, 116.0325
4912, 88.7102, 117.6848
4913, 88.5244, 119.3371
4914, 88.3385, 120.9893
4915, 88.1526, 122.6416
4916, 87.9667, 124.2939
4917, 87.7808, 125.9462
4918, 87.5950, 127.5985
4919, 87.4091, 129.2507
4920, 87.2232, 130.9030
4921, 87.3478, 129.6128
4922, 87.4724, 128.3226
4923, 87.5970, 127.0324
4924, 87.7216, 125.7422
4925, 87.8462, 124.4520
4926, 87.9708, 123.1618
4927, 88.0954, 121.8716
4928, 88.2200, 120.5814
4929, 88.3446, 119.2912
4930, 88.4692, 118.0010
4931, 88.5938, 116.7108
4932, 88.7183, 115.4206
4933, 88.8429, 114.1304
4934, 88.9675, 112.8402
4935, 89.0921, 111.5500
4936, 89.2167, 110.2598
4937, 89.3413, 108.9696
4938, 89.4659, 107.6794
4939, 89.5905, 106.3892
4940, 89.7151, 105.0990
4941, 89.7397, 105.0547
4942, 89.7643, 105.0104
4943, 89.7889, 104.9661
4944, 89.8135, 104.9218
4945, 89.8380, 104.8775
4946, 89.8626, 104.8332
4947, 89.8872, 104.7889
4948, 89.9118, 104.7446
4949, 89.9364, 104.7003
4950, 89.9610, 104.6560
4951, 89.9856, 104.6117
4952, 90.0102, 104.5674
4953, 90.0347, 104.5231
4954, 90.0593, 104.4789
4955, 90.0839, 104.4345
4956, 90.1085, 104.3902
4957, 90.1331, 104.3460
4958, 90.1577, 104.3017
4959, 90.1823, 104.2573
4960, 90.2069, 104.2130
4961, 90.2319, 103.9184
4962, 90.2569, 103.6238
4963, 90.2819, 103.3292
4964, 90.3070, 103.0345
4965, 90.3320, 102.7399
4966, 90.3570, 102.4453
4967, 90.3821, 102.1507
4968, 90.4071, 101.8560
4969, 90.4321, 101.5614
4970, 90.4572, 101.2668
4971, 90.4822, 100.9721
4972, 90.5072, 100.6775
4973, 90.5322, 100.3829
4974, 90.5573, 100.0882
4975, 90.5823, 99.7936
4976, 90.6073, 99.4990
4977, 90.6324, 99.2044
4978, 90.6574, 98.9097
4979, 90.6824, 98.6151
4980, 90.7075, 98.3205
4981, 90.6119, 99.0212
4982, 90.5164, 99.7219
4983, 90.4208, 100.4226
4984, 90.3253, 101.1233
4985, 90.2297, 101.8240
4986, 90.1342, 102.5247
4987, 90.0387, 103.2255
4988, 89.9431, 103.9262
4989, 89.8476, 104.6269
4990, 89.7520, 105.3276
4991, 89.6565, 106.0283
4992, 89.5609, 106.7290
4993, 89.4654, 107.4297
4994, 89.3698, 108.1304
4995, 89.2743, 108.8311
4996, 89.1788, 109.5318
4997, 89.0832, 110.2325
4998, 88.9877, 110.9333
4999, 88.8921, 111.6339
5000, 88.7966, 112.3347
5001, 88.8384, 111.9337
5002, 88.8801, 111.5327
5003, 88.9219, 111.1317
5004, 88.9637, 110.7307
5005, 89.0054, 110.3297
5006, 89.0472, 109.9287
5007, 89.0889, 109.5277
5008, 89.1307, 109.1267
5009, 89.1725, 108.7257
5010, 89.2142, 108.3247
5011, 89.2560, 107.9237
5012, 89.2978, 107.5227
5013, 89.3395, 107.1217
5014, 89.3813, 106.7207
5015, 89.4231, 106.3197
5016, 89.4648, 105.9187
5017, 89.5066, 105.5177
5018, 89.5484, 105.1167
5019, 89.5901, 104.7157
5020, 89.6319, 104.3147
5021, 89.6109, 104.6519
5022, 89.5900, 104.9890
5023, 89.5690, 105.3261
5024, 89.5480, 105.6632
5025, 89.5270, 106.0004
5026, 89.5061, 106.3375
5027, 89.4851, 106.6746
5028, 89.4641, 107.0118
5029, 89.4431, 107.3489
5030, 89.4222, 107.6860
5031, 89.4012, 108.0231
5032, 89.3802, 108.3603
5033, 89.3592, 108.6974
5034, 89.3383, 109.0345
5035, 89.3173, 109.3717
5036, 89.2963, 109.7088
5037, 89.2753, 110.0459
5038, 89.2544, 110.3830
5039, 89.2334, 110.7202
5040, 89.2124, 111.0573
5041, 89.3157, 110.0440
5042, 89.4191, 109.0307
5043, 89.5224, 108.0174
5044, 89.6257, 107.0041
5045, 89.7290, 105.9908
5046, 89.8323, 104.9775
5047, 89.9357, 103.9642
5048, 90.0390, 102.9509
5049, 90.1423, 101.9376
5050, 90.2456, 100.9243
5051, 90.3489, 99.9110
5052, 90.4522, 98.8978
5053, 90.5556, 97.8844
5054, 90.6589, 96.8712
5055, 90.7622, 95.8579
5056, 90.8655, 94.8446
5057, 90.9688, 93.8313
5058, 91.0721, 92.8180
5059, 91.1755, 91.8047
5060, 91.2788, 90.7914
5061, 91.2054, 91.3918
5062, 91.1321, 91.9922
5063, 91.0588, 92.5926
5064, 90.9854, 93.1931
5065, 90.9121, 93.7934
5066, 90.8388, 94.3938
5067, 90.7654, 94.9943
5068, 90.6921, 95.5946
5069, 90.6188, 96.1951
5070, 90.5454, 96.7955
5071, 90.4721, 97.3959
5072, 90.3987, 97.9963
5073, 90.3254, 98.5967
5074, 90.2521, 99.1971
5075, 90.1787, 99.7975
5076, 90.1054, 100.3979
5077, 90.0321, 100.9984
5078, 89.9587, 101.5988
5079, 89.8854, 102.1992
5080, 89.8121, 102.7996
5081, 89.8041, 102.7872
5082, 89.7961, 102.7749
5083, 89.7881, 102.7626
5084, 89.7801, 102.7502
5085, 89.7721, 102.7378
5086, 89.7641, 102.7255
5087, 89.7562, 102.7132
5088, 89.7482, 102.7008
5089, 89.7402, 102.6885
5090, 89.7322, 102.6761
5091, 89.7242, 102.6638
5092, 89.7162, 102.6514
5093, 89.7082, 102.6391
5094, 89.7003, 102.6268
5095, 89.6923, 102.6144
5096, 89.6843, 102.6021
5097, 89.6763, 102.5897
5098, 89.6683, 102.5774
5099, 89.6603, 102.5650
5100, 89.6523, 102.5527
5101, 89.7531, 101.6604
5102, 89.8539, 100.7681
5103, 89.9546, 99.8758
5104, 90.0554, 98.9835
5105, 90.1562, 98.0912
5106, 90.2569, 97.1989
5107, 90.3577, 96.3066
5108, 90.4585, 95.4143
5109, 90.5592, 94.5220
5110, 90.6600, 93.6297
5111, 90.7608, 92.7374
5112, 90.8615, 91.8451
5113, 90.9623, 90.9527
5114, 91.0631, 90.0604
5115, 91.1639, 89.1681
5116, 91.2646, 88.2758
5117, 91.3654, 87.3835
5118, 91.4662, 86.4912
5119, 91.5669, 85.5989
5120, 91.6677, 84.7066
5121, 91.6813, 84.5563
5122, 91.6948, 84.4060
5123, 91.7084, 84.2557
5124, 91.7220, 84.1054
5125, 91.7355, 83.9551
5126, 91.7491, 83.8048
5127, 91.7626, 83.6545
5128, 91.7762, 83.5042
5129, 91.7898, 83.3539
5130, 91.8033, 83.2036
5131, 91.8169, 83.0533
5132, 91.8305, 82.9030
5133, 91.8440, 82.7527
5134, 91.8576, 82.6023
5135, 91.8712, 82.4520
5136, 91.8847, 82.3017
5137, 91.8983, 82.1514
5138, 91.9119, 82.0011
5139, 91.9254, 81.8508
5140, 91.9390, 81.7005
5141, 91.9043, 81.8623
5142, 91.8696, 82.0242
5143, 91.8350, 82.1860
5144, 91.8003, 82.3478
5145, 91.7656, 82.5096
5146, 91.7309, 82.6714
5147, 91.6963, 82.8333
5148, 91.6616, 82.9951
5149, 91.6269, 83.1569
5150, 91.5922, 83.3187
5151, 91.5575, 83.4806
5152, 91.5229, 83.6424
5153, 91.4882, 83.8042
5154, 91.4535, 83.9660
5155, 91.4188, 84.1278
5156, 91.3841, 84.2897
5157, 91.3495, 84.4515
5158, 91.3148, 84.6134
5159, 91.2801, 84.7752
5160, 91.2454, 84.9370
5161, 91.1980, 85.5400
5162, 91.1505, 86.1430
5163, 91.1031, 86.7460
5164, 91.0557, 87.3490
5165, 91.0082, 87.9520
5166, 90.9608, 88.5550
5167, 90.9133, 89.1579
5168, 90.8659, 89.7609
5169, 90.8185, 90.3640
5170, 90.7710, 90.9670
5171, 90.7236, 91.5699
5172, 90.6761, 92.1729
5173, 90.6287, 92.7759
5174, 90.5813, 93.3789
5175, 90.5338, 93.9819
5176, 90.4864, 94.5849
5177, 90.4389, 95.1879
5178, 90.3915, 95.7909
5179, 90.3441, 96.3939
5180, 90.2966, 96.9969
5181, 90.3225, 96.7116
5182, 90.3483, 96.4263
5183, 90.3741, 96.1410
5184, 90.4000, 95.8557
5185, 90.4258, 95.5703
5186, 90.4516, 95.2850
5187, 90.4775, 94.9997
5188, 90.5033, 94.7144
5189, 90.5291, 94.4291
5190, 90.5550, 94.1438
5191, 90.5808, 93.8584
5192, 90.6067, 93.5731
5193, 90.6325, 93.2878
5194, 90.6583, 93.0025
5195, 90.6842, 92.7172
5196, 90.7100, 92.4319
5197, 90.7358, 92.1465
5198, 90.7617, 91.8613
5199, 90.7875, 91.5759
5200, 90.8133, 91.2906
5201, 90.8529, 90.8809
5202, 90.8924, 90.4712
5203, 90.9319, 90.0615
5204, 90.9714, 89.6517
5205, 91.0109, 89.2420
5206, 91.0504, 88.8323
5207, 91.0899, 88.4226
5208, 91.1294, 88.0128
5209, 91.1690, 87.6031
5210, 91.2085, 87.1934
5211, 91.2480, 86.7836
5212, 91.2875, 86.3739
5213, 91.3270, 85.9642
5214, 91.3665, 85.5545
5215, 91.4060, 85.1447
5216, 91.4455, 84.7350
5217, 91.4850, 84.3253
5218, 91.5246, 83.9156
5219, 91.5641, 83.5059
5220, 91.6036, 83.0961
5221, 91.6300, 82.8128
5222, 91.6565, 82.5296
5223, 91.6829, 82.2463
5224, 91.7093, 81.9631
5225, 91.7358, 81.6798
5226, 91.7622, 81.3965
5227, 91.7886, 81.1133
5228, 91.8151, 80.8300
5229, 91.8415, 80.5467
5230, 91.8679, 80.2634
5231, 91.8944, 79.9802
5232, 91.9208, 79.6969
5233, 91.9472, 79.4137
5234, 91.9737, 79.1303
5235, 92.0001, 78.8471
5236, 92.0265, 78.5638
5237, 92.0530, 78.2806
5238, 92.0794, 77.9973
5239, 92.1058, 77.7140
5240, 92.1323, 77.4308
5241, 92.0836, 77.8188
5242, 92.0349, 78.2069
5243, 91.9862, 78.5949
5244, 91.9374, 78.9829
5245, 91.8887, 79.3709
5246, 91.8400, 79.7590
5247, 91.7913, 80.1471
5248, 91.7426, 80.5351
5249, 91.6939, 80.9231
5250, 91.6452, 81.3112
5251, 91.5965, 81.6992
5252, 91.5478, 82.0872
5253, 91.4991, 82.4753
5254, 91.4504, 82.8633
5255, 91.4016, 83.2514
5256, 91.3529, 83.6394
5257, 91.3042, 84.0274
5258, 91.2555, 84.4155
5259, 91.2068, 84.8035
5260, 91.1581, 85.1916
5261, 91.2026, 84.7372
5262, 91.2471, 84.2828
5263, 91.2916, 83.8284
5264, 91.3361, 83.3740
5265, 91.3806, 82.9196
5266, 91.4250, 82.4652
5267, 91.4695, 82.0108
5268, 91.5140, 81.5565
5269, 91.5585, 81.1021
5270, 91.6030, 80.6477
5271, 91.6475, 80.1933
5272, 91.6920, 79.7389
5273, 91.7365, 79.2845
5274, 91.7810, 78.8301
5275, 91.8255, 78.3757
5276, 91.8699, 77.9213
5277, 91.9144, 77.4669
5278, 91.9589, 77.0126
5279, 92.0034, 76.5582
5280, 92.0479, 76.1038
5281, 92.0137, 76.2921
5282, 91.9795, 76.4804
5283, 91.9452, 76.6687
5284, 91.9110, 76.8570
5285, 91.8768, 77.0452
5286, 91.8426, 77.2335
5287, 91.8083, 77.4218
5288, 91.7741, 77.6101
5289, 91.7399, 77.7984
5290, 91.7057, 77.9867
5291, 91.6714, 78.1750
5292, 91.6372, 78.3633
5293, 91.6030, 78.5516
5294, 91.5688, 78.7399
5295, 91.5346, 78.9282
5296, 91.5003, 79.1164
5297, 91.4661, 79.3047
5298, 91.4319, 79.4930
5299, 91.3977, 79.6813
5300, 91.3634, 79.8696
5301, 91.4196, 79.4658
5302, 91.4758, 79.0619
5303, 91.5320, 78.6581
5304, 91.5881, 78.2542
5305, 91.6443, 77.8504
5306, 91.7005, 77.4465
5307, 91.7566, 77.0427
5308, 91.8128, 76.6388
5309, 91.8690, 76.2350
5310, 91.9252, 75.8311
5311, 91.9813, 75.4273
5312, 92.0375, 75.0234
5313, 92.0937, 74.6196
5314, 92.1499, 74.2157
5315, 92.2060, 73.8119
5316, 92.2622, 73.4080
5317, 92.3184, 73.0042
5318, 92.3745, 72.6003
5319, 92.4307, 72.1964
5320, 92.4869, 71.7926
5321, 92.4230, 72.3624
5322, 92.3591, 72.9322
5323, 92.2952, 73.5020
5324, 92.2313, 74.0718
5325, 92.1674, 74.6416
5326, 92.1035, 75.2114
5327, 92.0396, 75.7812
5328, 91.9757, 76.3510
5329, 91.9118, 76.9208
5330, 91.8479, 77.4905
5331, 91.7840, 78.0604
5332, 91.7201, 78.6302
5333, 91.6562, 79.2000
5334, 91.5923, 79.7698
5335, 91.5285, 80.3395
5336, 91.4646, 80.9093
5337, 91.4007, 81.4792
5338, 91.3368, 82.0489
5339, 91.2729, 82.6187
5340, 91.2090, 83.1885
5341, 91.2061, 83.1676
5342, 91.2031, 83.1467
5343, 91.2002, 83.1257
5344, 91.1973, 83.1048
5345, 91.1944, 83.0839
5346, 91.1915, 83.0629
5347, 91.1886, 83.0420
5348, 91.1856, 83.0211
5349, 91.1827, 83.0001
5350, 91.1798, 82.9792
5351, 91.1769, 82.9582
5352, 91.1740, 82.9373
5353, 91.1711, 82.9163
5354, 91.1681, 82.8954
5355, 91.1652, 82.8745
5356, 91.1623, 82.8536
5357, 91.1594, 82.8326
5358, 91.1565, 82.8117
5359, 91.1535, 82.7908
5360, 91.1506, 82.7698
5361, 91.2222, 82.0863
5362, 91.2937, 81.4029
5363, 91.3653, 80.7194
5364, 91.4368, 80.0359
5365, 91.5083, 79.3524
5366, 91.5799, 78.6689
5367, 91.6514, 77.9854
5368, 91.7230, 77.3019
5369, 91.7945, 76.6184
5370, 91.8661, 75.9349
5371, 91.9376, 75.2515
5372, 92.0091, 74.5680
5373, 92.0807, 73.8845
5374, 92.1522, 73.2010
5375, 92.2238, 72.5175
5376, 92.2953, 71.8340
5377, 92.3669, 71.1505
5378, 92.4384, 70.4670
5379, 92.5099, 69.7836
5380, 92.5815, 69.1001
5381, 92.6135, 68.8911
5382, 92.6455, 68.6823
5383, 92.6775, 68.4733
5384, 92.7095, 68.2644
5385, 92.7415, 68.0555
5386, 92.7735, 67.8465
5387, 92.8055, 67.6376
5388, 92.8375, 67.4287
5389, 92.8696, 67.2198
5390, 92.9016, 67.0109
5391, 92.9336, 66.8019
5392, 92.9656, 66.5930
5393, 92.9976, 66.3841
5394, 93.0296, 66.1752
5395, 93.0616, 65.9662
5396, 93.0936, 65.7574
5397, 93.1256, 65.5484
5398, 93.1576, 65.3395
5399, 93.1896, 65.1306
5400, 93.2216, 64.9217
5401, 93.1413, 65.3354
5402, 93.0609, 65.7491
5403, 92.9805, 66.1628
5404, 92.9001, 66.5765
5405, 92.8198, 66.9902
5406, 92.7394, 67.4039
5407, 92.6590, 67.8176
5408, 92.5787, 68.2313
5409, 92.4983, 68.6451
5410, 92.4179, 69.0588
5411, 92.3375, 69.4725
5412, 92.2572, 69.8862
5413, 92.1768, 70.2999
5414, 92.0964, 70.7136
5415, 92.0161, 71.1273
5416, 91.9357, 71.5410
5417, 91.8553, 71.9547
5418, 91.7749, 72.3684
5419, 91.6946, 72.7821
5420, 91.6142, 73.1959
5421, 91.7118, 72.3838
5422, 91.8093, 71.5718
5423, 91.9069, 70.7597
5424, 92.0045, 69.9476
5425, 92.1020, 69.1356
5426, 92.1996, 68.3235
5427, 92.2971, 67.5115
5428, 92.3947, 66.6994
5429, 92.4923, 65.8874
5430, 92.5898, 65.0753
5431, 92.6874, 64.2633
5432, 92.7849, 63.4512
5433, 92.8825, 62.6392
5434, 92.9801, 61.8271
5435, 93.0776, 61.0151
5436, 93.1752, 60.2030
5437, 93.2727, 59.3910
5438, 93.3703, 58.5789
5439, 93.4679, 57.7668
5440, 93.5654, 56.9548
5441, 93.4585, 57.9795
5442, 93.3515, 59.0042
5443, 93.2445, 60.0289
5444, 93.1375, 61.0536
5445, 93.0306, 62.0783
5446, 92.9236, 63.1030
5447, 92.8166, 64.1277
5448, 92.7096, 65.1524
5449, 92.6027, 66.1772
5450, 92.4957, 67.2019
5451, 92.3887, 68.2266
5452, 92.2817, 69.2513
5453, 92.1748, 70.2760
5454, 92.0678, 71.3007
5455, 91.9608, 72.3254
5456, 91.8539, 73.3501
5457, 91.7469, 74.3748
5458, 91.6399, 75.3995
5459, 91.5329, 76.4242
5460, 91.4260, 77.4489
5461, 91.4836, 76.7277
5462, 91.5412, 76.0065
5463, 91.5988, 75.2853
5464, 91.6564, 74.5641
5465, 91.7140, 73.8429
5466, 91.7716, 73.1217
5467, 91.8292, 72.4005
5468, 91.8868, 71.6793
5469, 91.9444, 70.9581
5470, 92.0020, 70.2369
5471, 92.0596, 69.5157
5472, 92.1172, 68.7945
5473, 92.1748, 68.0734
5474, 92.2324, 67.3522
5475, 92.2900, 66.6310
5476, 92.3476, 65.9098
5477, 92.4052, 65.1886
5478, 92.4628, 64.4673
5479, 92.5204, 63.7462
5480, 92.5780, 63.0250
5481, 92.5874, 63.0651
5482, 92.5968, 63.1053
5483, 92.6061, 63.1454
5484, 92.6155, 63.1856
5485, 92.6248, 63.2258
5486, 92.6342, 63.2659
5487, 92.6435, 63.3061
5488, 92.6529, 63.3462
5489, 92.6623, 63.3864
5490, 92.6716, 63.4266
5491, 92.6810, 63.4667
5492, 92.6903, 63.5069
5493, 92.6997, 63.5470
5494, 92.7091, 63.5872
5495, 92.7184, 63.6273
5496, 92.7278, 63.6675
5497, 92.7371, 63.7077
5498, 92.7465, 63.7479
5499, 92.7558, 63.7880
5500, 92.7652, 63.8281
5501, 92.8020, 63.4675
5502, 92.8389, 63.1068
5503, 92.8757, 62.7461
5504, 92.9126, 62.3854
5505, 92.9494, 62.0248
5506, 92.9862, 61.6641
5507, 93.0231, 61.3034
5508, 93.0599, 60.9428
5509, 93.0968, 60.5821
5510, 93.1336, 60.2214
5511, 93.1704, 59.8608
5512, 93.2073, 59.5001
5513, 93.2441, 59.1394
5514, 93.2810, 58.7787
5515, 93.3178, 58.4181
5516, 93.3546, 58.0574
5517, 93.3915, 57.6967
5518, 93.4283, 57.3361
5519, 93.4652, 56.9754
5520, 93.5020, 56.6147
5521, 93.5664, 55.8763
5522, 93.6308, 55.1378
5523, 93.6952, 54.3994
5524, 93.7596, 53.6610
5525, 93.8240, 52.9225
5526, 93.8884, 52.1841
5527, 93.9528, 51.4457
5528, 94.0172, 50.7073
5529, 94.0816, 49.9688
5530, 94.1460, 49.2304
5531, 94.2104, 48.4919
5532, 94.2749, 47.7535
5533, 94.3393, 47.0151
5534, 94.4037, 46.2766
5535, 94.4681, 45.5382
5536, 94.5325, 44.7998
5537, 94.5969, 44.0613
5538, 94.6613, 43.3230
5539, 94.7257, 42.5845
5540, 94.7901, 41.8460
5541, 94.8318, 41.4427
5542, 94.8734, 41.0394
5543, 94.9151, 40.6361
5544, 94.9568, 40.2328
5545, 94.9985, 39.8295
5546, 95.0402, 39.4262
5547, 95.0819, 39.0229
5548, 95.1236, 38.6195
5549, 95.1652, 38.2162
5550, 95.2069, 37.8129
5551, 95.2486, 37.4096
5552, 95.2903, 37.0063
5553, 95.3320, 36.6030
5554, 95.3737, 36.1997
5555, 95.4154, 35.7964
5556, 95.4570, 35.3930
5557, 95.4987, 34.9898
5558, 95.5404, 34.5864
5559, 95.5821, 34.1831
5560, 95.6238, 33.7798
5561, 95.4627, 35.2894
5562, 95.3017, 36.7991
5563, 95.1406, 38.3088
5564, 94.9795, 39.8185
5565, 94.8185, 41.3282
5566, 94.6574, 42.8378
5567, 94.4963, 44.3475
5568, 94.3353, 45.8572
5569, 94.1742, 47.3669
5570, 94.0132, 48.8766
5571, 93.8521, 50.3862
5572, 93.6910, 51.8959
5573, 93.5300, 53.4056
5574, 93.3689, 54.9153
5575, 93.2078, 56.4249
5576, 93.0468, 57.9346
5577, 92.8857, 59.4443
5578, 92.7246, 60.9539
5579, 92.5636, 62.4636
5580, 92.4025, 63.9733
5581, 92.4982, 63.0720
5582, 92.5939, 62.1707
5583, 92.6896, 61.2694
5584, 92.7853, 60.3682
5585, 92.8809, 59.4669
5586, 92.9766, 58.5656
5587, 93.0723, 57.6643
5588, 93.1680, 56.7630
5589, 93.2637, 55.8617
5590, 93.3594, 54.9604
5591, 93.4551, 54.0591
5592, 93.5508, 53.1579
5593, 93.6464, 52.2566
5594, 93.7421, 51.3553
5595, 93.8378, 50.4540
5596, 93.9335, 49.5527
5597, 94.0292, 48.6514
5598, 94.1249, 47.7501
5599, 94.2206, 46.8489
5600, 94.3162, 45.9476
5601, 94.2494, 46.5624
5602, 94.1825, 47.1773
5603, 94.1156, 47.7922
5604, 94.0487, 48.4071
5605, 93.9818, 49.0220
5606, 93.9150, 49.6369
5607, 93.8481, 50.2518
5608, 93.7812, 50.8667
5609, 93.7143, 51.4816
5610, 93.6474, 52.0965
5611, 93.5805, 52.7114
5612, 93.5137, 53.3263
5613, 93.4468, 53.9412
5614, 93.3799, 54.5561
5615, 93.3130, 55.1710
5616, 93.2461, 55.7859
5617, 93.1793, 56.4007
5618, 93.1124, 57.0156
5619, 93.0455, 57.6305
5620, 92.9786, 58.2454
5621, 93.0101, 57.7696
5622, 93.0416, 57.2937
5623, 93.0732, 56.8179
5624, 93.1047, 56.3420
5625, 93.1362, 55.8662
5626, 93.1677, 55.3903
5627, 93.1992, 54.9145
5628, 93.2308, 54.4386
5629, 93.2623, 53.9628
5630, 93.2938, 53.4869
5631, 93.3253, 53.0111
5632, 93.3568, 52.5352
5633, 93.3884, 52.0594
5634, 93.4199, 51.5835
5635, 93.4514, 51.1077
5636, 93.4829, 50.6318
5637, 93.5144, 50.1560
5638, 93.5460, 49.6801
5639, 93.5775, 49.2042
5640, 93.6090, 48.7284
5641, 93.5919, 49.0200
5642, 93.5749, 49.3116
5643, 93.5579, 49.6032
5644, 93.5408, 49.8948
5645, 93.5238, 50.1864
5646, 93.5067, 50.4780
5647, 93.4897, 50.7696
5648, 93.4726, 51.0612
5649, 93.4556, 51.3528
5650, 93.4385, 51.6444
5651, 93.4215, 51.9360
5652, 93.4044, 52.2276
5653, 93.3874, 52.5192
5654, 93.3703, 52.8108
5655, 93.3533, 53.1024
5656, 93.3363, 53.3940
5657, 93.3192, 53.6856
5658, 93.3022, 53.9772
5659, 93.2851, 54.2688
5660, 93.2681, 54.5604
5661, 93.2850, 54.3449
5662, 93.3018, 54.1295
5663, 93.3187, 53.9140
5664, 93.3356, 53.6986
5665, 93.3525, 53.4831
5666, 93.3694, 53.2676
5667, 93.3863, 53.0522
5668, 93.4031, 52.8367
5669, 93.4200, 52.6213
5670, 93.4369, 52.4058
5671, 93.4538, 52.1903
5672, 93.4707, 51.9749
5673, 93.4876, 51.7594
5674, 93.5045, 51.5440
5675, 93.5213, 51.3285
5676, 93.5382, 51.1130
5677, 93.5551, 50.8976
5678, 93.5720, 50.6821
5679, 93.5889, 50.4667
5680, 93.6058, 50.2512
5681, 93.6695, 49.5457
5682, 93.7333, 48.8402
5683, 93.7971, 48.1346
5684, 93.8608, 47.4291
5685, 93.9246, 46.7236
5686, 93.9884, 46.0181
5687, 94.0521, 45.3126
5688, 94.1159, 44.6071
5689, 94.1797, 43.9016
5690, 94.2434, 43.1960
5691, 94.3072, 42.4905
5692, 94.3710, 41.7850
5693, 94.4347, 41.0795
5694, 94.4985, 40.3740
5695, 94.5623, 39.6685
5696, 94.6260, 38.9630
5697, 94.6898, 38.2575
5698, 94.7536, 37.5519
5699, 94.8174, 36.8464
5700, 94.8811, 36.1409
5701, 94.8181, 36.7775
5702, 94.7551, 37.4142
5703, 94.6922, 38.0508
5704, 94.6292, 38.6874
5705, 94.5662, 39.3240
5706, 94.5032, 39.9607
5707, 94.4402, 40.5973
5708, 94.3772, 41.2339
5709, 94.3142, 41.8706
5710, 94.2512, 42.5072
5711, 94.1882, 43.1438
5712, 94.1252, 43.7805
5713, 94.0623, 44.4171
5714, 93.9993, 45.0537
5715, 93.9363, 45.6904
5716, 93.8733, 46.3270
5717, 93.8103, 46.9636
5718, 93.7473, 47.6002
5719, 93.6843, 48.2369
5720, 93.6213, 48.8735
5721, 93.7459, 47.6990
5722, 93.8705, 46.5245
5723, 93.9950, 45.3499
5724, 94.1196, 44.1754
5725, 94.2441, 43.0009
5726, 94.3687, 41.8264
5727, 94.4933, 40.6518
5728, 94.6178, 39.4773
5729, 94.7424, 38.3028
5730, 94.8670, 37.1282
5731, 94.9915, 35.9537
5732, 95.1161, 34.7792
5733, 95.2407, 33.6047
5734, 95.3652, 32.4301
5735, 95.4898, 31.2556
5736, 95.6144, 30.0811
5737, 95.7389, 28.9066
5738, 95.8635, 27.7320
5739, 95.9880, 26.5575
5740, 96.1126, 25.3830
5741, 96.1735, 24.9016
5742, 96.2344, 24.4202
5743, 96.2953, 23.9388
5744, 96.3562, 23.4574
5745, 96.4170, 22.9760
5746, 96.4779, 22.4947
5747, 96.5388, 22.0133
5748, 96.5997, 21.5318
5749, 96.6606, 21.0504
5750, 96.7215, 20.5691
5751, 96.7823, 20.0877
5752, 96.8432, 19.6063
5753, 96.9041, 19.1249
5754, 96.9650, 18.6435
5755, 97.0259, 18.1621
5756, 97.0868, 17.6807
5757, 97.1477, 17.1993
5758, 97.2085, 16.7180
5759, 97.2694, 16.2366
5760, 97.3303, 15.7552
5761, 97.4240, 14.7825
5762, 97.5177, 13.8098
5763, 97.6115, 12.8370
5764, 97.7052, 11.8643
5765, 97.7989, 10.8916
5766, 97.8926, 9.9188
5767, 97.9863, 8.9461
5768, 98.0801, 7.9734
5769, 98.1738, 7.0007
5770, 98.2675, 6.0280
5771, 98.3612, 5.0553
5772, 98.4549, 4.0827
5773, 98.5487, 3.1098
5774, 98.6424, 2.1367
5775, 98.7361, 1.1644
5776, 98.8298, 0.1917
5777, 98.9235, -0.7811
5778, 99.0172, -1.7538
5779, 99.1110, -2.7267
5780, 99.2047, -3.6991
5781, 98.9316, -1.3193
5782, 98.6584, 1.0616
5783, 98.3853, 3.4412
5784, 98.1121, 5.8216
5785, 97.8390, 8.2017
5786, 97.5659, 10.5819
5787, 97.2927, 12.9621
5788, 97.0196, 15.3423
5789, 96.7465, 17.7225
5790, 96.4733, 20.1027
5791, 96.2002, 22.4829
5792, 95.9270, 24.8630
5793, 95.6539, 27.2432
5794, 95.3808, 29.6235
5795, 95.1076, 32.0036
5796, 94.8345, 34.3838
5797, 94.5614, 36.7640
5798, 94.2882, 39.1442
5799, 94.0151, 41.5244
5800, 93.7420, 43.9046
5801, 93.9982, 41.6481
5802, 94.2545, 39.3917
5803, 94.5108, 37.1352
5804, 94.7670, 34.8788
5805, 95.0233, 32.6224
5806, 95.2796, 30.3659
5807, 95.5359, 28.1095
5808, 95.7921, 25.8530
5809, 96.0484, 23.5966
5810, 96.3047, 21.3402
5811, 96.5609, 19.0837
5812, 96.8172, 16.8273
5813, 97.0735, 14.5708
5814, 97.3297, 12.3144
5815, 97.5860, 10.0580
5816, 97.8423, 7.8016
5817, 98.0986, 5.5451
5818, 98.3548, 3.2885
5819, 98.6111, 1.0325
5820, 98.8674, -1.2247
5821, 98.7721, -0.4173
5822, 98.6770, 0.3892
5823, 98.5817, 1.1968
5824, 98.4865, 2.0034
5825, 98.3912, 2.8104
5826, 98.2960, 3.6174
5827, 98.2008, 4.4243
5828, 98.1056, 5.2313
5829, 98.0103, 6.0382
5830, 97.9151, 6.8451
5831, 97.8199, 7.6521
5832, 97.7247, 8.4590
5833, 97.6294, 9.2659
5834, 97.5342, 10.0729
5835, 97.4390, 10.8798
5836, 97.3438, 11.6868
5837, 97.2485, 12.4937
5838, 97.1533, 13.3006
5839, 97.0581, 14.1076
5840, 96.9629, 14.9145
5841, 97.0386, 14.2782
5842, 97.1144, 13.6419
5843, 97.1901, 13.0056
5844, 97.2659, 12.3694
5845, 97.3416, 11.7331
5846, 97.4174, 11.0968
5847, 97.4931, 10.4605
5848, 97.5689, 9.8242
5849, 97.6446, 9.1879
5850, 97.7204, 8.5517
5851, 97.7961, 7.9154
5852, 97.8719, 7.2791
5853, 97.9476, 6.6428
5854, 98.0234, 6.0066
5855, 98.0992, 5.3702
5856, 98.1749, 4.7340
5857, 98.2507, 4.0977
5858, 98.3264, 3.4613
5859, 98.4022, 2.8250
5860, 98.4779, 2.1888
5861, 98.3775, 3.0417
5862, 98.2770, 3.8950
5863, 98.1766, 4.7480
5864, 98.0762, 5.6008
5865, 97.9757, 6.4540
5866, 97.8753, 7.3070
5867, 97.7749, 8.1600
5868, 97.6744, 9.0130
5869, 97.5740, 9.8660
5870, 97.4736, 10.7191
5871, 97.3731, 11.5721
5872, 97.2727, 12.4251
5873, 97.1722, 13.2781
5874, 97.0718, 14.1312
5875, 96.9714, 14.9842
5876, 96.8709, 15.8372
5877, 96.7705, 16.6902
5878, 96.6701, 17.5432
5879, 96.5696, 18.3963
5880, 96.4692, 19.2492
5881, 96.5527, 18.4297
5882, 96.6362, 17.6101
5883, 96.7198, 16.7905
5884, 96.8033, 15.9708
5885, 96.8868, 15.1512
5886, 96.9703, 14.3316
5887, 97.0539, 13.5120
5888, 97.1374, 12.6924
5889, 97.2209, 11.8728
5890, 97.3044, 11.0531
5891, 97.3880, 10.2335
5892, 97.4715, 9.4139
5893, 97.5550, 8.5943
5894, 97.6385, 7.7747
5895, 97.7221, 6.9551
5896, 97.8056, 6.1354
5897, 97.8891, 5.3158
5898, 97.9726, 4.4962
5899, 98.0562, 3.6766
5900, 98.1397, 2.8570
5901, 98.1346, 2.8342
5902, 98.1295, 2.8114
5903, 98.1244, 2.7887
5904, 98.1193, 2.7659
5905, 98.1143, 2.7431
5906, 98.1092, 2.7204
5907, 98.1041, 2.6976
5908, 98.0990, 2.6748
5909, 98.0939, 2.6521
5910, 98.0888, 2.6293
5911, 98.0837, 2.6065
5912, 98.0786, 2.5838
5913, 98.0736, 2.5610
5914, 98.0685, 2.5382
5915, 98.0634, 2.5155
5916, 98.0583, 2.4927
5917, 98.0532, 2.4699
5918, 98.0481, 2.4472
5919, 98.0430, 2.4244
5920, 98.0379, 2.4016
5921, 98.0707, 2.1113
5922, 98.1034, 1.8210
5923, 98.1361, 1.5307
5924, 98.1688, 1.2404
5925, 98.2016, 0.9501
5926, 98.2343, 0.6598
5927, 98.2670, 0.3695
5928, 98.2997, 0.0792
5929, 98.3325, -0.2111
5930, 98.3652, -0.5014
5931, 98.3979, -0.7917
5932, 98.4306, -1.0820
5933, 98.4634, -1.3723
5934, 98.4961, -1.6626
5935, 98.5288, -1.9529
5936, 98.5615, -2.2432
5937, 98.5943, -2.5335
5938, 98.6270, -2.8238
5939, 98.6597, -3.1141
5940, 98.6924, -3.4044
5941, 98.5284, -1.8819
5942, 98.3643, -0.3595
5943, 98.2003, 1.1630
5944, 98.0362, 2.6854
5945, 97.8722, 4.2079
5946, 97.7081, 5.7305
5947, 97.5441, 7.2528
5948, 97.3800, 8.7753
5949, 97.2160, 10.2977
5950, 97.0519, 11.8202
5951, 96.8879, 13.3426
5952, 96.7238, 14.8651
5953, 96.5598, 16.3876
5954, 96.3957, 17.9100
5955, 96.2317, 19.4325
5956, 96.0676, 20.9549
5957, 95.9036, 22.4774
5958, 95.7395, 23.9998
5959, 95.5755, 25.5223
5960, 95.4115, 27.0448
5961, 95.5971, 25.2954
5962, 95.7827, 23.5461
5963, 95.9684, 21.7968
5964, 96.1540, 20.0474
5965, 96.3397, 18.2981
5966, 96.5253, 16.5488
5967, 96.7110, 14.7994
5968, 96.8966, 13.0501
5969, 97.0823, 11.3007
5970, 97.2679, 9.5514
5971, 97.4536, 7.8021
5972, 97.6392, 6.0527
5973, 97.8249, 4.3034
5974, 98.0105, 2.5541
5975, 98.1962, 0.8047
5976, 98.3818, -0.9446
5977, 98.5675, -2.6939
5978, 98.7531, -4.4433
5979, 98.9388, -6.1926
5980, 99.1244, -7.9419
5981, 99.0543, -7.3038
5982, 98.9843, -6.6657
5983, 98.9142, -6.0275
5984, 98.8441, -5.3894
5985, 98.7740, -4.7513
5986, 98.7040, -4.1131
5987, 98.6339, -3.4750
5988, 98.5638, -2.8369
5989, 98.4937, -2.1988
5990, 98.4236, -1.5606
5991, 98.3536, -0.9225
5992, 98.2835, -0.2844
5993, 98.2134, 0.3538
5994, 98.1433, 0.9919
5995, 98.0732, 1.6300
5996, 98.0032, 2.2682
5997, 97.9331, 2.9063
5998, 97.8630, 3.5444
5999, 97.7929, 4.1826
6000, 97.7229, 4.8207
6001, 97.8185, 3.9389
6002, 97.9142, 3.0570
6003, 98.0098, 2.1752
6004, 98.1055, 1.2933
6005, 98.2012, 0.4115
6006, 98.2968, -0.4703
6007, 98.3925, -1.3522
6008, 98.4882, -2.2340
6009, 98.5838, -3.1159
6010, 98.6795, -3.9977
6011, 98.7751, -4.8795
6012, 98.8708, -5.7614
6013, 98.9665, -6.6432
6014, 99.0621, -7.5250
6015, 99.1578, -8.4069
6016, 99.2535, -9.2887
6017, 99.3491, -10.1706
6018, 99.4448, -11.0524
6019, 99.5405, -11.9342
6020, 99.6361, -12.8161
6021, 99.5238, -11.9702
6022, 99.4115, -11.1244
6023, 99.2992, -10.2785
6024, 99.1869, -9.4326
6025, 99.0746, -8.5868
6026, 98.9622, -7.7409
6027, 98.8499, -6.8951
6028, 98.7376, -6.0492
6029, 98.6253, -5.2034
6030, 98.5130, -4.3575
6031, 98.4007, -3.5116
6032, 98.2884, -2.6658
6033, 98.1760, -1.8199
6034, 98.0637, -0.9741
6035, 97.9514, -0.1282
6036, 97.8391, 0.7176
6037, 97.7268, 1.5635
6038, 97.6145, 2.4094
6039, 97.5022, 3.2552
6040, 97.3899, 4.1011
6041, 97.4823, 3.4238
6042, 97.5748, 2.7466
6043, 97.6674, 2.0688
6044, 97.7598, 1.3921
6045, 97.8523, 0.7148
6046, 97.9448, 0.0376
6047, 98.0373, -0.6397
6048, 98.1297, -1.3169
6049, 98.2222, -1.9942
6050, 98.3147, -2.6714
6051, 98.4072, -3.3487
6052, 98.4997, -4.0259
6053, 98.5922, -4.7032
6054, 98.6847, -5.3805
6055, 98.7772, -6.0577
6056, 98.8696, -6.7350
6057, 98.9621, -7.4122
6058, 99.0546, -8.0895
6059, 99.1471, -8.7667
6060, 99.2396, -9.4440
6061, 99.3867, -10.8825
6062, 99.5338, -12.3211
6063, 99.6809, -13.7597
6064, 99.8280, -15.1984
6065, 99.9750, -16.6369
6066, 100.1221, -18.0754
6067, 100.2692, -19.5140
6068, 100.4163, -20.9526
6069, 100.5634, -22.3912
6070, 100.7105, -23.8298
6071, 100.8576, -25.2683
6072, 101.0046, -26.7069
6073, 101.1517, -28.1455
6074, 101.2988, -29.5841
6075, 101.4459, -31.0227
6076, 101.5930, -32.4613
6077, 101.7401, -33.8998
6078, 101.8872, -35.3384
6079, 102.0343, -36.7770
6080, 102.1813, -38.2156
6081, 102.0651, -37.3117
6082, 101.9488, -36.4077
6083, 101.8325, -35.5037
6084, 101.7163, -34.5998
6085, 101.6000, -33.6958
6086, 101.4837, -32.7919
6087, 101.3675, -31.8879
6088, 101.2512, -30.9840
6089, 101.1349, -30.0800
6090, 101.0187, -29.1760
6091, 100.9024, -28.2721
6092, 100.7861, -27.3681
6093, 100.6698, -26.4642
6094, 100.5536, -25.5602
6095, 100.4373, -24.6563
6096, 100.3210, -23.7523
6097, 100.2048, -22.8484
6098, 100.0885, -21.9444
6099, 99.9722, -21.0405
6100, 99.8560, -20.1365
6101, 99.7618, -19.2359
6102, 99.6677, -18.3352
6103, 99.5735, -17.4346
6104, 99.4794, -16.5339
6105, 99.3852, -15.6333
6106, 99.2911, -14.7327
6107, 99.1969, -13.8320
6108, 99.1028, -12.9314
6109, 99.0086, -12.0307
6110, 98.9145, -11.1301
6111, 98.8203, -10.2294
6112, 98.7262, -9.3288
6113, 98.6320, -8.4282
6114, 98.5379, -7.5275
6115, 98.4437, -6.6269
6116, 98.3496, -5.7262
6117, 98.2554, -4.8256
6118, 98.1613, -3.9249
6119, 98.0671, -3.0243
6120, 97.9730, -2.1237
6121, 98.0779, -3.1351
6122, 98.1829, -4.1465
6123, 98.2879, -5.1578
6124, 98.3929, -6.1692
6125, 98.4979, -7.1806
6126, 98.6029, -8.1920
6127, 98.7079, -9.2034
6128, 98.8129, -10.2148
6129, 98.9179, -11.2262
6130, 99.0229, -12.2376
6131, 99.1279, -13.2490
6132, 99.2329, -14.2604
6133, 99.3378, -15.2718
6134, 99.4428, -16.2832
6135, 99.5478, -17.2946
6136, 99.6528, -18.3060
6137, 99.7578, -19.3174
6138, 99.8628, -20.3288
6139, 99.9678, -21.3401
6140, 100.0728, -22.3515
6141, 100.1861, -23.3803
6142, 100.2995, -24.4090
6143, 100.4128, -25.4377
6144, 100.5262, -26.4664
6145, 100.6395, -27.4951
6146, 100.7529, -28.5238
6147, 100.8662, -29.5525
6148, 100.9796, -30.5812
6149, 101.0929, -31.6099
6150, 101.2063, -32.6387
6151, 101.3196, -33.6674
6152, 101.4330, -34.6961
6153, 101.5463, -35.7248
6154, 101.6597, -36.7535
6155, 101.7730, -37.7822
6156, 101.8864, -38.8109
6157, 101.9997, -39.8396
6158, 102.1131, -40.8683
6159, 102.2264, -41.8971
6160, 102.3398, -42.9257
6161, 102.3759, -43.2173
6162, 102.4120, -43.5088
6163, 102.4481, -43.8004
6164, 102.4842, -44.0919
6165, 102.5204, -44.3834
6166, 102.5565, -44.6749
6167, 102.5926, -44.9665
6168, 102.6287, -45.2580
6169, 102.6648, -45.5495
6170, 102.7009, -45.8411
6171, 102.7370, -46.1326
6172, 102.7732, -46.4241
6173, 102.8093, -46.7157
6174, 102.8454, -47.0072
6175, 102.8815, -47.2987
6176, 102.9176, -47.5902
6177, 102.9537, -47.8818
6178, 102.9899, -48.1733
6179, 103.0260, -48.4648
6180, 103.0621, -48.7564
6181, 102.8909, -47.1731
6182, 102.7198, -45.5898
6183, 102.5486, -44.0066
6184, 102.3775, -42.4233
6185, 102.2064, -40.8400
6186, 102.0352, -39.2568
6187, 101.8641, -37.6735
6188, 101.6929, -36.0902
6189, 101.5218, -34.5069
6190, 101.3506, -32.9237
6191, 101.1795, -31.3404
6192, 101.0083, -29.7571
6193, 100.8372, -28.1739
6194, 100.6660, -26.5906
6195, 100.4949, -25.0074
6196, 100.3238, -23.4241
6197, 100.1526, -21.8408
6198, 99.9815, -20.2576
6199, 99.8103, -18.6743
6200, 99.6392, -17.0910
6201, 99.7171, -18.0017
6202, 99.7950, -18.9124
6203, 99.8730, -19.8230
6204, 99.9509, -20.7337
6205, 100.0288, -21.6444
6206, 100.1067, -22.5550
6207, 100.1847, -23.4657
6208, 100.2626, -24.3764
6209, 100.3405, -25.2870
6210, 100.4185, -26.1977
6211, 100.4964, -27.1084
6212, 100.5743, -28.0191
6213, 100.6523, -28.9297
6214, 100.7302, -29.8404
6215, 100.8081, -30.7511
6216, 100.8860, -31.6618
6217, 100.9640, -32.5724
6218, 101.0419, -33.4831
6219, 101.1198, -34.3937
6220, 101.1978, -35.3044
6221, 101.1702, -35.0805
6222, 101.1426, -34.8566
6223, 101.1151, -34.6328
6224, 101.0875, -34.4089
6225, 101.0600, -34.1850
6226, 101.0324, -33.9611
6227, 101.0048, -33.7373
6228, 100.9773, -33.5134
6229, 100.9497, -33.2895
6230, 100.9222, -33.0656
6231, 100.8946, -32.8417
6232, 100.8670, -32.6179
6233, 100.8395, -32.3940
6234, 100.8119, -32.1701
6235, 100.7844, -31.9462
6236, 100.7568, -31.7224
6237, 100.7292, -31.4985
6238, 100.7017, -31.2746
6239, 100.6741, -31.0507
6240, 100.6466, -30.8268
6241, 100.6493, -30.7955
6242, 100.6520, -30.7641
6243, 100.6547, -30.7327
6244, 100.6574, -30.7014
6245, 100.6601, -30.6700
6246, 100.6628, -30.6386
6247, 100.6655, -30.6072
6248, 100.6682, -30.5759
6249, 100.6709, -30.5445
6250, 100.6736, -30.5131
6251, 100.6764, -30.4818
6252, 100.6791, -30.4504
6253, 100.6818, -30.4190
6254, 100.6845, -30.3876
6255, 100.6872, -30.3563
6256, 100.6899, -30.3249
6257, 100.6926, -30.2935
6258, 100.6953, -30.2622
6259, 100.6980, -30.2308
6260, 100.7007, -30.1994
6261, 100.6850, -29.9926
6262, 100.6693, -29.7860
6263, 100.6536, -29.5793
6264, 100.6379, -29.3726
6265, 100.6222, -29.1659
6266, 100.6065, -28.9592
6267, 100.5907, -28.7524
6268, 100.5750, -28.5457
6269, 100.5593, -28.3390
6270, 100.5436, -28.1323
6271, 100.5279, -27.9256
6272, 100.5122, -27.7189
6273, 100.4965, -27.5122
6274, 100.4808, -27.3055
6275, 100.4650, -27.0988
6276, 100.4493, -26.8920
6277, 100.4336, -26.6853
6278, 100.4179, -26.4786
6279, 100.4022, -26.2719
6280, 100.3865, -26.0652
6281, 100.4719, -26.9402
6282, 100.5573, -27.8151
6283, 100.6427, -28.6900
6284, 100.7281, -29.5650
6285, 100.8135, -30.4399
6286, 100.8988, -31.3149
6287, 100.9842, -32.1898
6288, 101.0696, -33.0648
6289, 101.1550, -33.9397
6290, 101.2404, -34.8147
6291, 101.3258, -35.6896
6292, 101.4112, -36.5646
6293, 101.4966, -37.4395
6294, 101.5820, -38.3144
6295, 101.6674, -39.1894
6296, 101.7528, -40.0643
6297, 101.8382, -40.9393
6298, 101.9236, -41.8142
6299, 102.0090, -42.6892
6300, 102.0944, -43.5641
6301, 102.0427, -43.1166
6302, 101.9910, -42.6690
6303, 101.9393, -42.2215
6304, 101.8877, -41.7740
6305, 101.8360, -41.3264
6306, 101.7843, -40.8789
6307, 101.7327, -40.4314
6308, 101.6810, -39.9839
6309, 101.6293, -39.5363
6310, 101.5777, -39.0888
6311, 101.5260, -38.6413
6312, 101.4743, -38.1938
6313, 101.4226, -37.7462
6314, 101.3710, -37.2987
6315, 101.3193, -36.8512
6316, 101.2676, -36.4036
6317, 101.2160, -35.9561
6318, 101.1643, -35.5086
6319, 101.1126, -35.0611
6320, 101.0609, -34.6135
6321, 100.9368, -33.4947
6322, 100.8127, -32.3758
6323, 100.6886, -31.2570
6324, 100.5644, -30.1381
6325, 100.4403, -29.0193
6326, 100.3162, -27.9004
6327, 100.1921, -26.7816
6328, 100.0679, -25.6628
6329, 99.9438, -24.5439
6330, 99.8197, -23.4251
6331, 99.6956, -22.3062
6332, 99.5714, -21.1873
6333, 99.4473, -20.0685
6334, 99.3232, -18.9497
6335, 99.1991, -17.8308
6336, 99.0749, -16.7120
6337, 98.9508, -15.5931
6338, 98.8267, -14.4743
6339, 98.7026, -13.3554
6340, 98.5784, -12.2366
6341, 98.8131, -14.4211
6342, 99.0477, -16.6057
6343, 99.2823, -18.7903
6344, 99.5170, -20.9749
6345, 99.7516, -23.1594
6346, 99.9862, -25.3440
6347, 100.2209, -27.5286
6348, 100.4555, -29.7131
6349, 100.6901, -31.8977
6350, 100.9247, -34.0823
6351, 101.1594, -36.2669
6352, 101.3940, -38.4514
6353, 101.6286, -40.6360
6354, 101.8633, -42.8206
6355, 102.0979, -45.0052
6356, 102.3325, -47.1897
6357, 102.5672, -49.3743
6358, 102.8018, -51.5589
6359, 103.0364, -53.7434
6360, 103.2711, -55.9280
6361, 103.1857, -55.0561
6362, 103.1003, -54.1843
6363, 103.0149, -53.3124
6364, 102.9295, -52.4405
6365, 102.8441, -51.5686
6366, 102.7587, -50.6967
6367, 102.6733, -49.8249
6368, 102.5879, -48.9530
6369, 102.5025, -48.0811
6370, 102.4171, -47.2092
6371, 102.3317, -46.3373
6372, 102.2463, -45.4655
6373, 102.1609, -44.5936
6374, 102.0755, -43.7217
6375, 101.9901, -42.8498
6376, 101.9047, -41.9780
6377, 101.8193, -41.1061
6378, 101.7339, -40.2342
6379, 101.6485, -39.3623
6380, 101.5632, -38.4905
6381, 101.5295, -38.3210
6382, 101.4959, -38.1516
6383, 101.4623, -37.9821
6384, 101.4287, -37.8127
6385, 101.3951, -37.6432
6386, 101.3615, -37.4738
6387, 101.3279, -37.3044
6388, 101.2943, -37.1349
6389, 101.2606, -36.9655
6390, 101.2270, -36.7960
6391, 101.1934, -36.6265
6392, 101.1598, -36.4571
6393, 101.1262, -36.2877
6394, 101.0926, -36.1182
6395, 101.0590, -35.9488
6396, 101.0254, -35.7794
6397, 100.9917, -35.6099
6398, 100.9581, -35.4405
6399, 100.9245, -35.2710
6400, 100.8909, -35.1016
6401, 100.9366, -35.4446
6402, 100.9824, -35.7875
6403, 101.0281, -36.1305
6404, 101.0738, -36.4735
6405, 101.1195, -36.8165
6406, 101.1653, -37.1595
6407, 101.2110, -37.5025
6408, 101.2567, -37.8454
6409, 101.3025, -38.1884
6410, 101.3482, -38.5314
6411, 101.3939, -38.8744
6412, 101.4396, -39.2173
6413, 101.4854, -39.5603
6414, 101.5311, -39.9033
6415, 101.5768, -40.2463
6416, 101.6225, -40.5893
6417, 101.6683, -40.9323
6418, 101.7140, -41.2752
6419, 101.7597, -41.6182
6420, 101.8054, -41.9612
6421, 101.8058, -41.9855
6422, 101.8062, -42.0098
6423, 101.8066, -42.0341
6424, 101.8069, -42.0584
6425, 101.8073, -42.0827
6426, 101.8077, -42.1070
6427, 101.8081, -42.1313
6428, 101.8084, -42.1556
6429, 101.8088, -42.1799
6430, 101.8092, -42.2042
6431, 101.8096, -42.2285
6432, 101.8099, -42.2528
6433, 101.8103, -42.2771
6434, 101.8107, -42.3014
6435, 101.8111, -42.3257
6436, 101.8114, -42.3500
6437, 101.8118, -42.3742
6438, 101.8122, -42.3986
6439, 101.8126, -42.4229
6440, 101.8129, -42.4472
6441, 101.8950, -43.2419
6442, 101.9770, -44.0366
6443, 102.0590, -44.8314
6444, 102.1410, -45.6261
6445, 102.2231, -46.4208
6446, 102.3051, -47.2155
6447, 102.3871, -48.0103
6448, 102.4692, -48.8050
6449, 102.5512, -49.5997
6450, 102.6332, -50.3945
6451, 102.7152, -51.1892
6452, 102.7973, -51.9839
6453, 102.8793, -52.7786
6454, 102.9613, -53.5734
6455, 103.0434, -54.3681
6456, 103.1254, -55.1628
6457, 103.2074, -55.9575
6458, 103.2894, -56.7523
6459, 103.3715, -57.5470
6460, 103.4535, -58.3417
6461, 103.5329, -59.0871
6462, 103.6123, -59.8324
6463, 103.6917, -60.5778
6464, 103.7711, -61.3231
6465, 103.8505, -62.0684
6466, 103.9299, -62.8138
6467, 104.0093, -63.5591
6468, 104.0887, -64.3044
6469, 104.1681, -65.0498
6470, 104.2475, -65.7951
6471, 104.3269, -66.5404
6472, 104.4063, -67.2858
6473, 104.4857, -68.0311
6474, 104.5651, -68.7765
6475, 104.6445, -69.5218
6476, 104.7239, -70.2671
6477, 104.8033, -71.0125
6478, 104.8827, -71.7578
6479, 104.9621, -72.5031
6480, 105.0415, -73.2485
6481, 105.1905, -74.5333
6482, 105.3395, -75.8181
6483, 105.4885, -77.1028
6484, 105.6374, -78.3876
6485, 105.7864, -79.6724
6486, 105.9354, -80.9572
6487, 106.0843, -82.2420
6488, 106.2333, -83.5268
6489, 106.3823, -84.8116
6490, 106.5312, -86.0964
6491, 106.6802, -87.3812
6492, 106.8292, -88.6660
6493, 106.9781, -89.9507
6494, 107.1271, -91.2355
6495, 107.2761, -92.5203
6496, 107.4250, -93.8051
6497, 107.5740, -95.0899
6498, 107.7230, -96.3747
6499, 107.8720, -97.6595
6500, 108.0209, -98.9443
6501, 107.8516, -97.5371
6502, 107.6822, -96.1300
6503, 107.5129, -94.7229
6504, 107.3435, -93.3157
6505, 107.1741, -91.9086
6506, 107.0048, -90.5015
6507, 106.8354, -89.0944
6508, 106.6661, -87.6872
6509, 106.4967, -86.2801
6510, 106.3274, -84.8730
6511, 106.1580, -83.4658
6512, 105.9887, -82.0587
6513, 105.8193, -80.6516
6514, 105.6500, -79.2444
6515, 105.4806, -77.8373
6516, 105.3113, -76.4302
6517, 105.1419, -75.0230
6518, 104.9725, -73.6159
6519, 104.8032, -72.2088
6520, 104.6338, -70.8016
6521, 104.8620, -73.0679
6522, 105.0901, -75.3343
6523, 105.3182, -77.6006
6524, 105.5464, -79.8669
6525, 105.7745, -82.1332
6526, 106.0026, -84.3995
6527, 106.2307, -86.6658
6528, 106.4589, -88.9321
6529, 106.6870, -91.1985
6530, 106.9151, -93.4648
6531, 107.1433, -95.7311
6532, 107.3714, -97.9974
6533, 107.5995, -100.2637
6534, 107.8277, -102.5300
6535, 108.0558, -104.7963
6536, 108.2839, -107.0627
6537, 108.5120, -109.3290
6538, 108.7402, -111.5953
6539, 108.9683, -113.8616
6540, 109.1964, -116.1279
6541, 108.8485, -112.9151
6542, 108.5006, -109.7024
6543, 108.1527, -106.4896
6544, 107.8047, -103.2769
6545, 107.4568, -100.0641
6546, 107.1089, -96.8514
6547, 106.7610, -93.6386
6548, 106.4130, -90.4258
6549, 106.0651, -87.2131
6550, 105.7172, -84.0003
6551, 105.3693, -80.7876
6552, 105.0213, -77.5748
6553, 104.6734, -74.3621
6554, 104.3255, -71.1493
6555, 103.9776, -67.9366
6556, 103.6296, -64.7238
6557, 103.2817, -61.5110
6558, 102.9338, -58.2983
6559, 102.5859, -55.0855
6560, 102.2380, -51.8727
6561, 102.2179, -51.7951
6562, 102.1979, -51.7175
6563, 102.1778, -51.6399
6564, 102.1578, -51.5623
6565, 102.1377, -51.4847
6566, 102.1177, -51.4071
6567, 102.0976, -51.3295
6568, 102.0776, -51.2519
6569, 102.0575, -51.1743
6570, 102.0375, -51.0967
6571, 102.0174, -51.0191
6572, 101.9974, -50.9415
6573, 101.9774, -50.8639
6574, 101.9573, -50.7863
6575, 101.9373, -50.7087
6576, 101.9172, -50.6311
6577, 101.8972, -50.5535
6578, 101.8771, -50.4759
6579, 101.8571, -50.3983
6580, 101.8370, -50.3207
6581, 101.7536, -49.7012
6582, 101.6702, -49.0817
6583, 101.5867, -48.4621
6584, 101.5033, -47.8426
6585, 101.4199, -47.2231
6586, 101.3364, -46.6036
6587, 101.2530, -45.9840
6588, 101.1696, -45.3645
6589, 101.0861, -44.7450
6590, 101.0027, -44.1255
6591, 100.9193, -43.5059
6592, 100.8358, -42.8864
6593, 100.7524, -42.2669
6594, 100.6690, -41.6474
6595, 100.5855, -41.0279
6596, 100.5021, -40.4083
6597, 100.4187, -39.7888
6598, 100.3352, -39.1693
6599, 100.2518, -38.5497
6600, 100.1684, -37.9302
6601, 100.0246, -36.6634
6602, 99.8807, -35.3965
6603, 99.7369, -34.1297
6604, 99.5931, -32.8628
6605, 99.4493, -31.5960
6606, 99.3055, -30.3291
6607, 99.1617, -29.0623
6608, 99.0179, -27.7954
6609, 98.8741, -26.5285
6610, 98.7303, -25.2617
6611, 98.5865, -23.9948
6612, 98.4427, -22.7280
6613, 98.2989, -21.4611
6614, 98.1551, -20.1943
6615, 98.0113, -18.9274
6616, 97.8675, -17.6606
6617, 97.7236, -16.3937
6618, 97.5798, -15.1269
6619, 97.4360, -13.8600
6620, 97.2922, -12.5931
6621, 97.3688, -13.4510
6622, 97.4454, -14.3088
6623, 97.5219, -15.1666
6624, 97.5985, -16.0244
6625, 97.6751, -16.8822
6626, 97.7516, -17.7400
6627, 97.8282, -18.5979
6628, 97.9048, -19.4557
6629, 97.9813, -20.3135
6630, 98.0579, -21.1713
6631, 98.1345, -22.0291
6632, 98.2110, -22.8869
6633, 98.2876, -23.7447
6634, 98.3642, -24.6026
6635, 98.4407, -25.4604
6636, 98.5173, -26.3182
6637, 98.5939, -27.1760
6638, 98.6704, -28.0338
6639, 98.7470, -28.8916
6640, 98.8236, -29.7494
6641, 98.6691, -28.3072
6642, 98.5146, -26.8649
6643, 98.3601, -25.4226
6644, 98.2056, -23.9803
6645, 98.0511, -22.5380
6646, 97.8966, -21.0957
6647, 97.7421, -19.6534
6648, 97.5876, -18.2111
6649, 97.4331, -16.7688
6650, 97.2786, -15.3265
6651, 97.1242, -13.8843
6652, 96.9697, -12.4420
6653, 96.8152, -10.9997
6654, 96.6607, -9.5574
6655, 96.5062, -8.1151
6656, 96.3517, -6.6728
6657, 96.1972, -5.2305
6658, 96.0427, -3.7882
6659, 95.8882, -2.3459
6660, 95.7337, -0.9036
6661, 95.6728, -0.3053
6662, 95.6119, 0.2930
6663, 95.5511, 0.8914
6664, 95.4902, 1.4897
6665, 95.4293, 2.0880
6666, 95.3684, 2.6864
6667, 95.3075, 3.2847
6668, 95.2466, 3.8830
6669, 95.1857, 4.4814
6670, 95.1248, 5.0797
6671, 95.0640, 5.6781
6672, 95.0031, 6.2764
6673, 94.9422, 6.8747
6674, 94.8813, 7.4731
6675, 94.8204, 8.0714
6676, 94.7595, 8.6697
6677, 94.6986, 9.2681
6678, 94.6377, 9.8664
6679, 94.5769, 10.4647
6680, 94.5160, 11.0631
6681, 94.5547, 10.6405
6682, 94.5935, 10.2179
6683, 94.6322, 9.7954
6684, 94.6710, 9.3728
6685, 94.7097, 8.9502
6686, 94.7485, 8.5277
6687, 94.7872, 8.1051
6688, 94.8260, 7.6825
6689, 94.8647, 7.2600
6690, 94.9035, 6.8374
6691, 94.9423, 6.4148
6692, 94.9810, 5.9923
6693, 95.0198, 5.5697
6694, 95.0585, 5.1471
6695, 95.0973, 4.7246
6696, 95.1360, 4.3020
6697, 95.1748, 3.8794
6698, 95.2135, 3.4569
6699, 95.2523, 3.0343
6700, 95.2910, 2.6117
6701, 95.3567, 2.1076
6702, 95.4224, 1.6034
6703, 95.4880, 1.0993
6704, 95.5537, 0.5951
6705, 95.6193, 0.0910
6706, 95.6850, -0.4132
6707, 95.7507, -0.9173
6708, 95.8163, -1.4215
6709, 95.8820, -1.9256
6710, 95.9476, -2.4298
6711, 96.0133, -2.9339
6712, 96.0790, -3.4381
6713, 96.1446, -3.9422
6714, 96.2103, -4.4464
6715, 96.2760, -4.9505
6716, 96.3416, -5.4547
6717, 96.4073, -5.9588
6718, 96.4729, -6.4630
6719, 96.5386, -6.9671
6720, 96.6043, -7.4713
6721, 96.5379, -7.0558
6722, 96.4715, -6.6403
6723, 96.4051, -6.2249
6724, 96.3388, -5.8094
6725, 96.2724, -5.3939
6726, 96.2060, -4.9784
6727, 96.1397, -4.5629
6728, 96.0733, -4.1475
6729, 96.0069, -3.7320
6730, 95.9405, -3.3165
6731, 95.8742, -2.9010
6732, 95.8078, -2.4855
6733, 95.7414, -2.0701
6734, 95.6750, -1.6546
6735, 95.6087, -1.2391
6736, 95.5423, -0.8236
6737, 95.4759, -0.4081
6738, 95.4095, 0.0073
6739, 95.3432, 0.4228
6740, 95.2768, 0.8383
6741, 95.2329, 1.2473
6742, 95.1889, 1.6571
6743, 95.1449, 2.0665
6744, 95.1010, 2.4759
6745, 95.0570, 2.8854
6746, 95.0130, 3.2948
6747, 94.9691, 3.7042
6748, 94.9251, 4.1136
6749, 94.8811, 4.5230
6750, 94.8372, 4.9324
6751, 94.7932, 5.3418
6752, 94.7493, 5.7512
6753, 94.7053, 6.1606
6754, 94.6613, 6.5701
6755, 94.6174, 6.9795
6756, 94.5734, 7.3889
6757, 94.5294, 7.7983
6758, 94.4855, 8.2077
6759, 94.4415, 8.6171
6760, 94.3976, 9.0265
6761, 94.5345, 7.7688
6762, 94.6715, 6.5110
6763, 94.8085, 5.2533
6764, 94.9454, 3.9956
6765, 95.0824, 2.7378
6766, 95.2194, 1.4801
6767, 95.3563, 0.2224
6768, 95.4933, -1.0354
6769, 95.6303, -2.2931
6770, 95.7673, -3.5509
6771, 95.9042, -4.8086
6772, 96.0412, -6.0664
6773, 96.1782, -7.3241
6774, 96.3151, -8.5818
6775, 96.4521, -9.8395
6776, 96.5891, -11.0973
6777, 96.7261, -12.3550
6778, 96.8630, -13.6128
6779, 97.0000, -14.8705
6780, 97.1370, -16.1282
6781, 97.1470, -16.2183
6782, 97.1570, -16.3084
6783, 97.1671, -16.3984
6784, 97.1771, -16.4885
6785, 97.1871, -16.5786
6786, 97.1972, -16.6686
6787, 97.2072, -16.7587
6788, 97.2172, -16.8488
6789, 97.2273, -16.9388
6790, 97.2373, -17.0289
6791, 97.2474, -17.1190
6792, 97.2574, -17.2090
6793, 97.2674, -17.2991
6794, 97.2775, -17.3892
6795, 97.2875, -17.4792
6796, 97.2975, -17.5693
6797, 97.3076, -17.6594
6798, 97.3176, -17.7494
6799, 97.3276, -17.8395
6800, 97.3377, -17.9296
6801, 97.2796, -17.5213
6802, 97.2216, -17.1129
6803, 97.1636, -16.7045
6804, 97.1055, -16.2962
6805, 97.0475, -15.8879
6806, 96.9895, -15.4795
6807, 96.9314, -15.0712
6808, 96.8734, -14.6628
6809, 96.8154, -14.2545
6810, 96.7573, -13.8461
6811, 96.6993, -13.4378
6812, 96.6412, -13.0295
6813, 96.5832, -12.6211
6814, 96.5252, -12.2128
6815, 96.4671, -11.8044
6816, 96.4091, -11.3961
6817, 96.3511, -10.9877
6818, 96.2930, -10.5794
6819, 96.2350, -10.1711
6820, 96.1770, -9.7627
6821, 96.0831, -8.8152
6822, 95.9892, -7.8678
6823, 95.8953, -6.9203
6824, 95.8014, -5.9728
6825, 95.7075, -5.0253
6826, 95.6136, -4.0778
6827, 95.5197, -3.1303
6828, 95.4258, -2.1829
6829, 95.3319, -1.2354
6830, 95.2380, -0.2879
6831, 95.1441, 0.6596
6832, 95.0502, 1.6071
6833, 94.9563, 2.5546
6834, 94.8624, 3.5020
6835, 94.7685, 4.4495
6836, 94.6746, 5.3970
6837, 94.5807, 6.3445
6838, 94.4868, 7.2920
6839, 94.3929, 8.2395
6840, 94.2990, 9.1869
6841, 94.2155, 9.8586
6842, 94.1319, 10.5302
6843, 94.0483, 11.2018
6844, 93.9647, 11.8734
6845, 93.8812, 12.5450
6846, 93.7976, 13.2166
6847, 93.7140, 13.8882
6848, 93.6304, 14.5598
6849, 93.5469, 15.2313
6850, 93.4633, 15.9030
6851, 93.3797, 16.5746
6852, 93.2962, 17.2462
6853, 93.2126, 17.9178
6854, 93.1290, 18.5894
6855, 93.0454, 19.2610
6856, 92.9619, 19.9326
6857, 92.8783, 20.6042
6858, 92.7947, 21.2758
6859, 92.7112, 21.9474
6860, 92.6276, 22.6190
6861, 92.7445, 21.5380
6862, 92.8614, 20.4570
6863, 92.9784, 19.3760
6864, 93.0953, 18.2950
6865, 93.2123, 17.2140
6866, 93.3292, 16.1330
6867, 93.4461, 15.0520
6868, 93.5631, 13.9710
6869, 93.6800, 12.8900
6870, 93.7969, 11.8090
6871, 93.9139, 10.7280
6872, 94.0308, 9.6470
6873, 94.1477, 8.5659
6874, 94.2647, 7.4849
6875, 94.3816, 6.4039
6876, 94.4985, 5.3229
6877, 94.6155, 4.2419
6878, 94.7324, 3.1609
6879, 94.8493, 2.0799
6880, 94.9663, 0.9989
6881, 94.9935, 0.7552
6882, 95.0207, 0.5114
6883, 95.0479, 0.2677
6884, 95.0752, 0.0240
6885, 95.1024, -0.2197
6886, 95.1296, -0.4635
6887, 95.1568, -0.7072
6888, 95.1840, -0.9509
6889, 95.2112, -1.1946
6890, 95.2385, -1.4384
6891, 95.2657, -1.6821
6892, 95.2929, -1.9258
6893, 95.3201, -2.1695
6894, 95.3473, -2.4133
6895, 95.3745, -2.6570
6896, 95.4018, -2.9007
6897, 95.4290, -3.1445
6898, 95.4562, -3.3882
6899, 95.4834, -3.6319
6900, 95.5106, -3.8756
6901, 95.5244, -4.2474
6902, 95.5381, -4.6192
6903, 95.5518, -4.9909
6904, 95.5655, -5.3627
6905, 95.5792, -5.7344
6906, 95.5930, -6.1062
6907, 95.6067, -6.4780
6908, 95.6204, -6.8497
6909, 95.6341, -7.2215
6910, 95.6478, -7.5933
6911, 95.6616, -7.9650
6912, 95.6753, -8.3368
6913, 95.6890, -8.7086
6914, 95.7027, -9.0803
6915, 95.7164, -9.4521
6916, 95.7302, -9.8238
6917, 95.7439, -10.1956
6918, 95.7576, -10.5674
6919, 95.7713, -10.9391
6920, 95.7850, -11.3109
6921, 95.7920, -11.2332
6922, 95.7990, -11.1554
6923, 95.8061, -11.0777
6924, 95.8131, -10.9999
6925, 95.8201, -10.9222
6926, 95.8271, -10.8444
6927, 95.8341, -10.7667
6928, 95.8411, -10.6889
6929, 95.8481, -10.6112
6930, 95.8551, -10.5334
6931, 95.8621, -10.4557
6932, 95.8691, -10.3779
6933, 95.8761, -10.3002
6934, 95.8831, -10.2224
6935, 95.8901, -10.1447
6936, 95.8971, -10.0669
6937, 95.9041, -9.9892
6938, 95.9111, -9.9114
6939, 95.9181, -9.8337
6940, 95.9251, -9.7559
6941, 96.0322, -10.7860
6942, 96.1392, -11.8160
6943, 96.2463, -12.8461
6944, 96.3533, -13.8761
6945, 96.4604, -14.9062
6946, 96.5674, -15.9362
6947, 96.6745, -16.9663
6948, 96.7815, -17.9963
6949, 96.8886, -19.0264
6950, 96.9957, -20.0564
6951, 97.1027, -21.0865
6952, 97.2098, -22.1165
6953, 97.3168, -23.1466
6954, 97.4239, -24.1766
6955, 97.5309, -25.2067
6956, 97.6380, -26.2367
6957, 97.7450, -27.2668
6958, 97.8521, -28.2968
6959, 97.9591, -29.3269
6960, 98.0662, -30.3569
6961, 97.9918, -29.7787
6962, 97.9173, -29.2006
6963, 97.8429, -28.6224
6964, 97.7685, -28.0442
6965, 97.6941, -27.4660
6966, 97.6197, -26.8879
6967, 97.5453, -26.3097
6968, 97.4709, -25.7315
6969, 97.3965, -25.1534
6970, 97.3221, -24.5752
6971, 97.2477, -23.9970
6972, 97.1733, -23.4188
6973, 97.0989, -22.8407
6974, 97.0245, -22.2625
6975, 96.9501, -21.6843
6976, 96.8757, -21.1061
6977, 96.8013, -20.5280
6978, 96.7269, -19.9498
6979, 96.6525, -19.3716
6980, 96.5781, -18.7934
6981, 96.6061, -19.0377
6982, 96.6341, -19.2819
6983, 96.6621, -19.5262
6984, 96.6901, -19.7704
6985, 96.7181, -20.0146
6986, 96.7461, -20.2589
6987, 96.7741, -20.5031
6988, 96.8021, -20.7474
6989, 96.8301, -20.9916
6990, 96.8581, -21.2359
6991, 96.8861, -21.4801
6992, 96.9141, -21.7243
6993, 96.9422, -21.9686
6994, 96.9702, -22.2128
6995, 96.9982, -22.4571
6996, 97.0262, -22.7013
6997, 97.0542, -22.9455
6998, 97.0822, -23.1898
6999, 97.1102, -23.4340
7000, 97.1382, -23.6783
7001, 97.1482, -23.7443
7002, 97.1582, -23.8104
7003, 97.1683, -23.8765
7004, 97.1783, -23.9426
7005, 97.1883, -24.0086
7006, 97.1983, -24.0747
7007, 97.2083, -24.1408
7008, 97.2183, -24.2069
7009, 97.2284, -24.2729
7010, 97.2384, -24.3390
7011, 97.2484, -24.4051
7012, 97.2584, -24.4711
7013, 97.2684, -24.5372
7014, 97.2785, -24.6033
7015, 97.2885, -24.6693
7016, 97.2985, -24.7354
7017, 97.3085, -24.8015
7018, 97.3185, -24.8676
7019, 97.3286, -24.9336
7020, 97.3386, -24.9997
7021, 97.2798, -24.4994
7022, 97.2209, -23.9991
7023, 97.1621, -23.4988
7024, 97.1033, -22.9984
7025, 97.0445, -22.4981
7026, 96.9857, -21.9978
7027, 96.9269, -21.4975
7028, 96.8681, -20.9972
7029, 96.8092, -20.4968
7030, 96.7504, -19.9965
7031, 96.6916, -19.4962
7032, 96.6328, -18.9959
7033, 96.5740, -18.4956
7034, 96.5152, -17.9952
7035, 96.4563, -17.4949
7036, 96.3975, -16.9946
7037, 96.3387, -16.4943
7038, 96.2799, -15.9940
7039, 96.2211, -15.4936
7040, 96.1623, -14.9933
7041, 96.2091, -15.5482
7042, 96.2559, -16.1030
7043, 96.3027, -16.6579
7044, 96.3496, -17.2127
7045, 96.3964, -17.7675
7046, 96.4432, -18.3224
7047, 96.4900, -18.8772
7048, 96.5368, -19.4321
7049, 96.5837, -19.9869
7050, 96.6305, -20.5418
7051, 96.6773, -21.0966
7052, 96.7241, -21.6515
7053, 96.7709, -22.2063
7054, 96.8178, -22.7611
7055, 96.8646, -23.3160
7056, 96.9114, -23.8708
7057, 96.9582, -24.4257
7058, 97.0051, -24.9805
7059, 97.0519, -25.5354
7060, 97.0987, -26.0902
7061, 97.0718, -25.8839
7062, 97.0449, -25.6776
7063, 97.0179, -25.4713
7064, 96.9910, -25.2651
7065, 96.9641, -25.0588
7066, 96.9372, -24.8525
7067, 96.9103, -24.6462
7068, 96.8833, -24.4399
7069, 96.8564, -24.2336
7070, 96.8295, -24.0273
7071, 96.8026, -23.8210
7072, 96.7757, -23.6148
7073, 96.7488, -23.4085
7074, 96.7218, -23.2022
7075, 96.6949, -22.9959
7076, 96.6680, -22.7896
7077, 96.6411, -22.5833
7078, 96.6142, -22.3770
7079, 96.5872, -22.1707
7080, 96.5603, -21.9644
7081, 96.6047, -22.4323
7082, 96.6491, -22.9002
7083, 96.6934, -23.3681
7084, 96.7378, -23.8359
7085, 96.7822, -24.3038
7086, 96.8265, -24.7717
7087, 96.8709, -25.2395
7088, 96.9153, -25.7074
7089, 96.9597, -26.1753
7090, 97.0040, -26.6432
7091, 97.0484, -27.1110
7092, 97.0928, -27.5789
7093, 97.1371, -28.0468
7094, 97.1815, -28.5146
7095, 97.2259, -28.9825
7096, 97.2702, -29.4504
7097, 97.3146, -29.9183
7098, 97.3590, -30.3861
7099, 97.4034, -30.8540
7100, 97.4477, -31.3219
7101, 97.4958, -31.7736
7102, 97.5440, -32.2253
7103, 97.5921, -32.6769
7104, 97.6402, -33.1286
7105, 97.6883, -33.5803
7106, 97.7364, -34.0320
7107, 97.7845, -34.4837
7108, 97.8327, -34.9354
7109, 97.8808, -35.3871
7110, 97.9289, -35.8388
7111, 97.9770, -36.2905
7112, 98.0251, -36.7422
7113, 98.0733, -37.1939
7114, 98.1214, -37.6455
7115, 98.1695, -38.0972
7116, 98.2176, -38.5489
7117, 98.2657, -39.0006
7118, 98.3138, -39.4523
7119, 98.3620, -39.9040
7120, 98.4101, -40.3557
7121, 98.2155, -38.5072
7122, 98.0210, -36.6586
7123, 97.8265, -34.8101
7124, 97.6319, -32.9615
7125, 97.4374, -31.1130
7126, 97.2429, -29.2644
7127, 97.0483, -27.4159
7128, 96.8538, -25.5673
7129, 96.6593, -23.7188
7130, 96.4647, -21.8703
7131, 96.2702, -20.0217
7132, 96.0757, -18.1732
7133, 95.8811, -16.3246
7134, 95.6866, -14.4761
7135, 95.4921, -12.6275
7136, 95.2975, -10.7790
7137, 95.1030, -8.9304
7138, 94.9085, -7.0819
7139, 94.7139, -5.2334
7140, 94.5194, -3.3848
7141, 94.6940, -5.1387
7142, 94.8685, -6.8926
7143, 95.0431, -8.6465
7144, 95.2176, -10.4004
7145, 95.3922, -12.1543
7146, 95.5667, -13.9082
7147, 95.7413, -15.6621
7148, 95.9159, -17.4160
7149, 96.0904, -19.1699
7150, 96.2650, -20.9238
7151, 96.4395, -22.6777
7152, 96.6141, -24.4316
7153, 96.7886, -26.1855
7154, 96.9632, -27.9394
7155, 97.1377, -29.6933
7156, 97.3123, -31.4472
7157, 97.4869, -33.2011
7158, 97.6614, -34.9550
7159, 97.8360, -36.7089
7160, 98.0105, -38.4628
7161, 97.9733, -38.2184
7162, 97.9361, -37.9740
7163, 97.8988, -37.7296
7164, 97.8616, -37.4852
7165, 97.8243, -37.2407
7166, 97.7871, -36.9963
7167, 97.7499, -36.7519
7168, 97.7126, -36.5075
7169, 97.6754, -36.2631
7170, 97.6382, -36.0187
7171, 97.6009, -35.7743
7172, 97.5637, -35.5299
7173, 97.5265, -35.2855
7174, 97.4892, -35.0411
7175, 97.4520, -34.7966
7176, 97.4147, -34.5522
7177, 97.3775, -34.3078
7178, 97.3403, -34.0634
7179, 97.3030, -33.8190
7180, 97.2658, -33.5746
7181, 97.2104, -33.1462
7182, 97.1549, -32.7178
7183, 97.0995, -32.2894
7184, 97.0441, -31.8610
7185, 96.9886, -31.4326
7186, 96.9332, -31.0042
7187, 96.8778, -30.5758
7188, 96.8224, -30.1475
7189, 96.7669, -29.7191
7190, 96.7115, -29.2907
7191, 96.6561, -28.8623
7192, 96.6006, -28.4339
7193, 96.5452, -28.0055
7194, 96.4898, -27.5771
7195, 96.4343, -27.1487
7196, 96.3789, -26.7203
7197, 96.3235, -26.2919
7198, 96.2680, -25.8635
7199, 96.2126, -25.4351
7200, 96.1572, -25.0067
7201, 96.2323, -25.6828
7202, 96.3073, -26.3590
7203, 96.3824, -27.0351
7204, 96.4575, -27.7112
7205, 96.5326, -28.3873
7206, 96.6077, -29.0634
7207, 96.6828, -29.7395
7208, 96.7578, -30.4156
7209, 96.8329, -31.0917
7210, 96.9080, -31.7678
7211, 96.9831, -32.4440
7212, 97.0582, -33.1201
7213, 97.1332, -33.7962
7214, 97.2083, -34.4723
7215, 97.2834, -35.1484
7216, 97.3585, -35.8245
7217, 97.4336, -36.5006
7218, 97.5087, -37.1767
7219, 97.5837, -37.8529
7220, 97.6588, -38.5290
7221, 97.7300, -39.3375
7222, 97.8012, -40.1461
7223, 97.8724, -40.9547
7224, 97.9436, -41.7632
7225, 98.0147, -42.5718
7226, 98.0859, -43.3804
7227, 98.1571, -44.1889
7228, 98.2283, -44.9975
7229, 98.2995, -45.8060
7230, 98.3707, -46.6146
7231, 98.4418, -47.4232
7232, 98.5130, -48.2317
7233, 98.5842, -49.0403
7234, 98.6554, -49.8489
7235, 98.7266, -50.6574
7236, 98.7978, -51.4660
7237, 98.8689, -52.2746
7238, 98.9401, -53.0831
7239, 99.0113, -53.8917
7240, 99.0825, -54.7003
7241, 99.1185, -54.9619
7242, 99.1546, -55.2235
7243, 99.1906, -55.4851
7244, 99.2267, -55.7467
7245, 99.2627, -56.0083
7246, 99.2988, -56.2699
7247, 99.3348, -56.5315
7248, 99.3708, -56.7931
7249, 99.4069, -57.0547
7250, 99.4429, -57.3163
7251, 99.4790, -57.5779
7252, 99.5150, -57.8395
7253, 99.5510, -58.1011
7254, 99.5871, -58.3627
7255, 99.6231, -58.6243
7256, 99.6592, -58.8859
7257, 99.6952, -59.1475
7258, 99.7313, -59.4091
7259, 99.7673, -59.6708
7260, 99.8033, -59.9324
7261, 99.7698, -59.5273
7262, 99.7362, -59.1223
7263, 99.7027, -58.7173
7264, 99.6691, -58.3123
7265, 99.6356, -57.9073
7266, 99.6020, -57.5022
7267, 99.5685, -57.0972
7268, 99.5349, -56.6922
7269, 99.5014, -56.2872
7270, 99.4678, -55.8821
7271, 99.4343, -55.4771
7272, 99.4007, -55.0721
7273, 99.3672, -54.6671
7274, 99.3336, -54.2621
7275, 99.3001, -53.8570
7276, 99.2665, -53.4520
7277, 99.2330, -53.0470
7278, 99.1994, -52.6420
7279, 99.1659, -52.2370
7280, 99.1323, -51.8319
7281, 99.0451, -51.2127
7282, 98.9579, -50.5934
7283, 98.8706, -49.9741
7284, 98.7834, -49.3549
7285, 98.6961, -48.7356
7286, 98.6089, -48.1163
7287, 98.5217, -47.4971
7288, 98.4344, -46.8778
7289, 98.3472, -46.2585
7290, 98.2600, -45.6393
7291, 98.1727, -45.0200
7292, 98.0855, -44.4008
7293, 97.9982, -43.7815
7294, 97.9110, -43.1622
7295, 97.8238, -42.5430
7296, 97.7365, -41.9237
7297, 97.6493, -41.3044
7298, 97.5620, -40.6852
7299, 97.4748, -40.0659
7300, 97.3876, -39.4466
7301, 97.2772, -38.4602
7302, 97.1669, -37.4738
7303, 97.0566, -36.4873
7304, 96.9462, -35.5009
7305, 96.8359, -34.5145
7306, 96.7256, -33.5280
7307, 96.6152, -32.5416
7308, 96.5049, -31.5552
7309, 96.3946, -30.5688
7310, 96.2842, -29.5823
7311, 96.1739, -28.5959
7312, 96.0635, -27.6094
7313, 95.9532, -26.6230
7314, 95.8429, -25.6366
7315, 95.7325, -24.6502
7316, 95.6222, -23.6638
7317, 95.5119, -22.6773
7318, 95.4015, -21.6909
7319, 95.2912, -20.7045
7320, 95.1809, -19.7180
7321, 95.2638, -20.5946
7322, 95.3468, -21.4713
7323, 95.4297, -22.3479
7324, 95.5127, -23.2245
7325, 95.5957, -24.1011
7326, 95.6786, -24.9777
7327, 95.7616, -25.8543
7328, 95.8446, -26.7309
7329, 95.9275, -27.6076
7330, 96.0105, -28.4842
7331, 96.0934, -29.3608
7332, 96.1764, -30.2374
7333, 96.2594, -31.1140
7334, 96.3423, -31.9906
7335, 96.4253, -32.8672
7336, 96.5083, -33.7439
7337, 96.5912, -34.6205
7338, 96.6742, -35.4971
7339, 96.7571, -36.3737
7340, 96.8401, -37.2503
7341, 96.9005, -38.0205
7342, 96.9610, -38.7907
7343, 97.0214, -39.5609
7344, 97.0818, -40.3311
7345, 97.1423, -41.1013
7346, 97.2027, -41.8715
7347, 97.2631, -42.6417
7348, 97.3236, -43.4119
7349, 97.3840, -44.1821
7350, 97.4444, -44.9523
7351, 97.5049, -45.7225
7352, 97.5653, -46.4927
7353, 97.6257, -47.2629
7354, 97.6862, -48.0331
7355, 97.7466, -48.8033
7356, 97.8070, -49.5735
7357, 97.8675, -50.3437
7358, 97.9279, -51.1139
7359, 97.9883, -51.8841
7360, 98.0488, -52.6543
7361, 97.9686, -51.7667
7362, 97.8885, -50.8791
7363, 97.8084, -49.9915
7364, 97.7282, -49.1039
7365, 97.6481, -48.2163
7366, 97.5680, -47.3287
7367, 97.4878, -46.4411
7368, 97.4077, -45.5536
7369, 97.3276, -44.6660
7370, 97.2474, -43.7784
7371, 97.1673, -42.8908
7372, 97.0872, -42.0032
7373, 97.0071, -41.1156
7374, 96.9269, -40.2280
7375, 96.8468, -39.3404
7376, 96.7667, -38.4528
7377, 96.6865, -37.5652
7378, 96.6064, -36.6776
7379, 96.5263, -35.7900
7380, 96.4461, -34.9024
7381, 96.5034, -35.4854
7382, 96.5606, -36.0684
7383, 96.6178, -36.6513
7384, 96.6750, -37.2343
7385, 96.7322, -37.8172
7386, 96.7895, -38.4002
7387, 96.8467, -38.9832
7388, 96.9039, -39.5661
7389, 96.9611, -40.1491
7390, 97.0183, -40.7320
7391, 97.0756, -41.3150
7392, 97.1328, -41.8980
7393, 97.1900, -42.4809
7394, 97.2472, -43.0639
7395, 97.3044, -43.6469
7396, 97.3617, -44.2298
7397, 97.4189, -44.8128
7398, 97.4761, -45.3957
7399, 97.5333, -45.9787
7400, 97.5905, -46.5617
7401, 97.5495, -46.2020
7402, 97.5084, -45.8422
7403, 97.4674, -45.4825
7404, 97.4263, -45.1228
7405, 97.3852, -44.7631
7406, 97.3442, -44.4034
7407, 97.3031, -44.0437
7408, 97.2621, -43.6840
7409, 97.2210, -43.3243
7410, 97.1800, -42.9646
7411, 97.1389, -42.6049
7412, 97.0978, -42.2452
7413, 97.0568, -41.8854
7414, 97.0157, -41.5257
7415, 96.9747, -41.1660
7416, 96.9336, -40.8063
7417, 96.8925, -40.4466
7418, 96.8515, -40.0869
7419, 96.8104, -39.7272
7420, 96.7694, -39.3675
7421, 96.7694, -39.4528
7422, 96.7694, -39.5382
7423, 96.7694, -39.6235
7424, 96.7693, -39.7089
7425, 96.7693, -39.7942
7426, 96.7693, -39.8796
7427, 96.7693, -39.9649
7428, 96.7693, -40.0503
7429, 96.7693, -40.1356
7430, 96.7693, -40.2210
7431, 96.7693, -40.3063
7432, 96.7693, -40.3917
7433, 96.7693, -40.4770
7434, 96.7693, -40.5624
7435, 96.7693, -40.6477
7436, 96.7693, -40.7331
7437, 96.7693, -40.8184
7438, 96.7693, -40.9038
7439, 96.7693, -40.9891
7440, 96.7693, -41.0745
7441, 96.8483, -41.8018
7442, 96.9272, -42.5291
7443, 97.0062, -43.2565
7444, 97.0851, -43.9838
7445, 97.1641, -44.7111
7446, 97.2431, -45.4385
7447, 97.3220, -46.1658
7448, 97.4010, -46.8931
7449, 97.4799, -47.6205
7450, 97.5589, -48.3478
7451, 97.6379, -49.0751
7452, 97.7168, -49.8025
7453, 97.7958, -50.5298
7454, 97.8748, -51.2571
7455, 97.9537, -51.9845
7456, 98.0327, -52.7118
7457, 98.1116, -53.4391
7458, 98.1906, -54.1665
7459, 98.2696, -54.8938
7460, 98.3485, -55.6211
7461, 98.2851, -55.1771
7462, 98.2216, -54.7331
7463, 98.1582, -54.2891
7464, 98.0947, -53.8450
7465, 98.0313, -53.4010
7466, 97.9678, -52.9570
7467, 97.9044, -52.5130
7468, 97.8410, -52.0690
7469, 97.7775, -51.6250
7470, 97.7141, -51.1809
7471, 97.6506, -50.7369
7472, 97.5872, -50.2929
7473, 97.5237, -49.8489
7474, 97.4603, -49.4049
7475, 97.3968, -48.9608
7476, 97.3334, -48.5168
7477, 97.2699, -48.0728
7478, 97.2065, -47.6288
7479, 97.1430, -47.1848
7480, 97.0796, -46.7408
7481, 97.0789, -46.7869
7482, 97.0781, -46.8330
7483, 97.0774, -46.8791
7484, 97.0766, -46.9252
7485, 97.0759, -46.9713
7486, 97.0752, -47.0174
7487, 97.0744, -47.0635
7488, 97.0737, -47.1096
7489, 97.0729, -47.1557
7490, 97.0722, -47.2018
7491, 97.0715, -47.2479
7492, 97.0707, -47.2940
7493, 97.0700, -47.3401
7494, 97.0692, -47.3862
7495, 97.0685, -47.4323
7496, 97.0678, -47.4784
7497, 97.0670, -47.5245
7498, 97.0663, -47.5706
7499, 97.0655, -47.6167
7500, 97.0648, -47.6628
7501, 97.0561, -47.5244
7502, 97.0474, -47.3859
7503, 97.0386, -47.2475
7504, 97.0299, -47.1090
7505, 97.0212, -46.9706
7506, 97.0125, -46.8321
7507, 97.0038, -46.6937
7508, 96.9950, -46.5552
7509, 96.9863, -46.4168
7510, 96.9776, -46.2784
7511, 96.9689, -46.1399
7512, 96.9602, -46.0015
7513, 96.9514, -45.8630
7514, 96.9427, -45.7246
7515, 96.9340, -45.5861
7516, 96.9253, -45.4477
7517, 96.9165, -45.3093
7518, 96.9078, -45.1708
7519, 96.8991, -45.0324
7520, 96.8904, -44.8939
7521, 96.7668, -43.8690
7522, 96.6431, -42.8442
7523, 96.5195, -41.8193
7524, 96.3959, -40.7944
7525, 96.2723, -39.7695
7526, 96.1486, -38.7446
7527, 96.0250, -37.7197
7528, 95.9014, -36.6948
7529, 95.7778, -35.6700
7530, 95.6541, -34.6451
7531, 95.5305, -33.6202
7532, 95.4069, -32.5953
7533, 95.2833, -31.5704
7534, 95.1596, -30.5455
7535, 95.0360, -29.5207
7536, 94.9124, -28.4958
7537, 94.7888, -27.4709
7538, 94.6652, -26.4460
7539, 94.5415, -25.4211
7540, 94.4179, -24.3962
7541, 94.6068, -26.1686
7542, 94.7957, -27.9410
7543, 94.9846, -29.7134
7544, 95.1735, -31.4857
7545, 95.3624, -33.2581
7546, 95.5513, -35.0305
7547, 95.7402, -36.8029
7548, 95.9291, -38.5752
7549, 96.1181, -40.3476
7550, 96.3070, -42.1200
7551, 96.4959, -43.8924
7552, 96.6848, -45.6647
7553, 96.8737, -47.4371
7554, 97.0626, -49.2095
7555, 97.2515, -50.9819
7556, 97.4404, -52.7542
7557, 97.6293, -54.5266
7558, 97.8182, -56.2990
7559, 98.0071, -58.0714
7560, 98.1960, -59.8437
7561, 98.1915, -59.8170
7562, 98.1871, -59.7902
7563, 98.1826, -59.7634
7564, 98.1781, -59.7367
7565, 98.1737, -59.7099
7566, 98.1692, -59.6832
7567, 98.1647, -59.6564
7568, 98.1603, -59.6296
7569, 98.1558, -59.6029
7570, 98.1513, -59.5761
7571, 98.1469, -59.5493
7572, 98.1424, -59.5226
7573, 98.1379, -59.4958
7574, 98.1335, -59.4690
7575, 98.1290, -59.4423
7576, 98.1245, -59.4155
7577, 98.1201, -59.3888
7578, 98.1156, -59.3620
7579, 98.1111, -59.3352
7580, 98.1067, -59.3085
7581, 98.0996, -59.2275
7582, 98.0925, -59.1466
7583, 98.0853, -59.0656
7584, 98.0782, -58.9847
7585, 98.0711, -58.9037
7586, 98.0640, -58.8228
7587, 98.0569, -58.7419
7588, 98.0498, -58.6609
7589, 98.0427, -58.5800
7590, 98.0356, -58.4990
7591, 98.0284, -58.4181
7592, 98.0213, -58.3371
7593, 98.0142, -58.2562
7594, 98.0071, -58.1752
7595, 98.0000, -58.0943
7596, 97.9929, -58.0134
7597, 97.9858, -57.9324
7598, 97.9787, -57.8515
7599, 97.9716, -57.7705
7600, 97.9644, -57.6896
7601, 97.9472, -57.6316
7602, 97.9300, -57.5737
7603, 97.9128, -57.5158
7604, 97.8955, -57.4578
7605, 97.8783, -57.3999
7606, 97.8611, -57.3419
7607, 97.8438, -57.2840
7608, 97.8266, -57.2260
7609, 97.8094, -57.1681
7610, 97.7922, -57.1102
7611, 97.7749, -57.0522
7612, 97.7577, -56.9943
7613, 97.7405, -56.9363
7614, 97.7232, -56.8784
7615, 97.7060, -56.8204
7616, 97.6888, -56.7625
7617, 97.6716, -56.7046
7618, 97.6543, -56.6466
7619, 97.6371, -56.5887
7620, 97.6199, -56.5307
7621, 97.5828, -56.2652
7622, 97.5456, -55.9996
7623, 97.5085, -55.7340
7624, 97.4714, -55.4684
7625, 97.4343, -55.2029
7626, 97.3972, -54.9373
7627, 97.3601, -54.6717
7628, 97.3230, -54.4062
7629, 97.2858, -54.1406
7630, 97.2487, -53.8750
7631, 97.2116, -53.6095
7632, 97.1745, -53.3439
7633, 97.1374, -53.0783
7634, 97.1003, -52.8128
7635, 97.0632, -52.5472
7636, 97.0260, -52.2816
7637, 96.9889, -52.0160
7638, 96.9518, -51.7505
7639, 96.9147, -51.4849
7640, 96.8776, -51.2193
7641, 96.9186, -51.5844
7642, 96.9595, -51.9494
7643, 97.0005, -52.3144
7644, 97.0415, -52.6795
7645, 97.0824, -53.0445
7646, 97.1234, -53.4096
7647, 97.1644, -53.7746
7648, 97.2054, -54.1396
7649, 97.2463, -54.5047
7650, 97.2873, -54.8697
7651, 97.3283, -55.2347
7652, 97.3692, -55.5998
7653, 97.4102, -55.9648
7654, 97.4512, -56.3299
7655, 97.4922, -56.6949
7656, 97.5331, -57.0599
7657, 97.5741, -57.4250
7658, 97.6151, -57.7900
7659, 97.6560, -58.1550
7660, 97.6970, -58.5201
7661, 97.6893, -58.6121
7662, 97.6816, -58.7042
7663, 97.6739, -58.7963
7664, 97.6663, -58.8883
7665, 97.6586, -58.9804
7666, 97.6509, -59.0725
7667, 97.6432, -59.1645
7668, 97.6355, -59.2566
7669, 97.6278, -59.3487
7670, 97.6201, -59.4407
7671, 97.6124, -59.5328
7672, 97.6047, -59.6248
7673, 97.5970, -59.7169
7674, 97.5894, -59.8090
7675, 97.5817, -59.9010
7676, 97.5740, -59.9931
7677, 97.5663, -60.0852
7678, 97.5586, -60.1772
7679, 97.5509, -60.2693
7680, 97.5432, -60.3614
7681, 97.5446, -60.3145
7682, 97.5460, -60.2676
7683, 97.5474, -60.2208
7684, 97.5488, -60.1739
7685, 97.5502, -60.1271
7686, 97.5516, -60.0802
7687, 97.5530, -60.0334
7688, 97.5544, -59.9865
7689, 97.5558, -59.9397
7690, 97.5572, -59.8928
7691, 97.5585, -59.8460
7692, 97.5599, -59.7991
7693, 97.5613, -59.7523
7694, 97.5627, -59.7054
7695, 97.5641, -59.6586
7696, 97.5655, -59.6117
7697, 97.5669, -59.5649
7698, 97.5683, -59.5180
7699, 97.5697, -59.4711
7700, 97.5711, -59.4243
7701, 97.5403, -59.1750
7702, 97.5094, -58.9258
7703, 97.4786, -58.6765
7704, 97.4478, -58.4273
7705, 97.4170, -58.1780
7706, 97.3862, -57.9288
7707, 97.3554, -57.6795
7708, 97.3245, -57.4303
7709, 97.2937, -57.1810
7710, 97.2629, -56.9318
7711, 97.2321, -56.6825
7712, 97.2013, -56.4333
7713, 97.1704, -56.1840
7714, 97.1396, -55.9348
7715, 97.1088, -55.6855
7716, 97.0780, -55.4363
7717, 97.0472, -55.1870
7718, 97.0163, -54.9378
7719, 96.9855, -54.6885
7720, 96.9547, -54.4393
7721, 96.9458, -54.3792
7722, 96.9369, -54.3191
7723, 96.9280, -54.2590
7724, 96.9191, -54.1989
7725, 96.9102, -54.1389
7726, 96.9013, -54.0788
7727, 96.8924, -54.0187
7728, 96.8835, -53.9586
7729, 96.8746, -53.8985
7730, 96.8657, -53.8384
7731, 96.8569, -53.7783
7732, 96.8480, -53.7183
7733, 96.8391, -53.6582
7734, 96.8302, -53.5981
7735, 96.8213, -53.5380
7736, 96.8124, -53.4779
7737, 96.8035, -53.4178
7738, 96.7946, -53.3577
7739, 96.7857, -53.2977
7740, 96.7768, -53.2376
7741, 96.8154, -53.7282
7742, 96.8540, -54.2187
7743, 96.8927, -54.7093
7744, 96.9313, -55.1999
7745, 96.9699, -55.6905
7746, 97.0085, -56.1811
7747, 97.0472, -56.6717
7748, 97.0858, -57.1622
7749, 97.1244, -57.6528
7750, 97.1630, -58.1434
7751, 97.2017, -58.6340
7752, 97.2403, -59.1246
7753, 97.2789, -59.6151
7754, 97.3175, -60.1057
7755, 97.3562, -60.5963
7756, 97.3948, -61.0869
7757, 97.4334, -61.5775
7758, 97.4720, -62.0681
7759, 97.5106, -62.5586
7760, 97.5493, -63.0492
7761, 97.5059, -62.6435
7762, 97.4626, -62.2378
7763, 97.4193, -61.8321
7764, 97.3760, -61.4263
7765, 97.3326, -61.0206
7766, 97.2893, -60.6149
7767, 97.2460, -60.2092
7768, 97.2027, -59.8034
7769, 97.1593, -59.3977
7770, 97.1160, -58.9920
7771, 97.0727, -58.5863
7772, 97.0294, -58.1806
7773, 96.9860, -57.7748
7774, 96.9427, -57.3691
7775, 96.8994, -56.9634
7776, 96.8560, -56.5577
7777, 96.8127, -56.1520
7778, 96.7694, -55.7462
7779, 96.7261, -55.3405
7780, 96.6827, -54.9348
7781, 96.7728, -55.8640
7782, 96.8629, -56.7932
7783, 96.9530, -57.7224
7784, 97.0431, -58.6517
7785, 97.1332, -59.5809
7786, 97.2233, -60.5101
7787, 97.3133, -61.4393
7788, 97.4034, -62.3685
7789, 97.4935, -63.2977
7790, 97.5836, -64.2270
7791, 97.6737, -65.1562
7792, 97.7638, -66.0854
7793, 97.8539, -67.0146
7794, 97.9439, -67.9438
7795, 98.0340, -68.8730
7796, 98.1241, -69.8022
7797, 98.2142, -70.7315
7798, 98.3043, -71.6607
7799, 98.3944, -72.5899
7800, 98.4845, -73.5191
7801, 98.4809, -73.4663
7802, 98.4773, -73.4135
7803, 98.4738, -73.3608
7804, 98.4702, -73.3080
7805, 98.4667, -73.2552
7806, 98.4631, -73.2024
7807, 98.4596, -73.1496
7808, 98.4560, -73.0968
7809, 98.4525, -73.0441
7810, 98.4489, -72.9913
7811, 98.4453, -72.9385
7812, 98.4418, -72.8857
7813, 98.4382, -72.8329
7814, 98.4347, -72.7801
7815, 98.4311, -72.7274
7816, 98.4276, -72.6746
7817, 98.4240, -72.6218
7818, 98.4204, -72.5690
7819, 98.4169, -72.5162
7820, 98.4133, -72.4634
7821, 98.4352, -72.6786
7822, 98.4572, -72.8937
7823, 98.4791, -73.1089
7824, 98.5010, -73.3241
7825, 98.5229, -73.5392
7826, 98.5448, -73.7544
7827, 98.5667, -73.9695
7828, 98.5886, -74.1847
7829, 98.6105, -74.3998
7830, 98.6324, -74.6150
7831, 98.6543, -74.8302
7832, 98.6762, -75.0453
7833, 98.6981, -75.2605
7834, 98.7200, -75.4756
7835, 98.7419, -75.6908
7836, 98.7638, -75.9059
7837, 98.7858, -76.1211
7838, 98.8077, -76.3363
7839, 98.8296, -76.5514
7840, 98.8515, -76.7666
7841, 98.8375, -76.6979
7842, 98.8235, -76.6292
7843, 98.8096, -76.5605
7844, 98.7956, -76.4919
7845, 98.7816, -76.4232
7846, 98.7677, -76.3545
7847, 98.7537, -76.2858
7848, 98.7398, -76.2171
7849, 98.7258, -76.1485
7850, 98.7118, -76.0798
7851, 98.6979, -76.0111
7852, 98.6839, -75.9424
7853, 98.6699, -75.8738
7854, 98.6560, -75.8051
7855, 98.6420, -75.7364
7856, 98.6280, -75.6677
7857, 98.6141, -75.5991
7858, 98.6001, -75.5304
7859, 98.5862, -75.4617
7860, 98.5722, -75.3930
7861, 98.6300, -76.1166
7862, 98.6877, -76.8401
7863, 98.7455, -77.5637
7864, 98.8033, -78.2872
7865, 98.8610, -79.0108
7866, 98.9188, -79.7344
7867, 98.9766, -80.4579
7868, 99.0344, -81.1815
7869, 99.0921, -81.9050
7870, 99.1499, -82.6285
7871, 99.2077, -83.3521
7872, 99.2655, -84.0757
7873, 99.3232, -84.7992
7874, 99.3810, -85.5228
7875, 99.4388, -86.2463
7876, 99.4965, -86.9699
7877, 99.5543, -87.6934
7878, 99.6121, -88.4170
7879, 99.6699, -89.1405
7880, 99.7276, -89.8641
7881, 99.6201, -88.8977
7882, 99.5125, -87.9314
7883, 99.4050, -86.9650
7884, 99.2974, -85.9987
7885, 99.1899, -85.0324
7886, 99.0823, -84.0660
7887, 98.9747, -83.0996
7888, 98.8672, -82.1333
7889, 98.7596, -81.1669
7890, 98.6521, -80.2006
7891, 98.5445, -79.2342
7892, 98.4370, -78.2679
7893, 98.3294, -77.3015
7894, 98.2219, -76.3352
7895, 98.1143, -75.3688
7896, 98.0067, -74.4025
7897, 97.8992, -73.4361
7898, 97.7916, -72.4698
7899, 97.6841, -71.5034
7900, 97.5765, -70.5371
7901, 97.6810, -71.5490
7902, 97.7855, -72.5608
7903, 97.8899, -73.5727
7904, 97.9944, -74.5846
7905, 98.0989, -75.5965
7906, 98.2034, -76.6084
7907, 98.3078, -77.6202
7908, 98.4123, -78.6321
7909, 98.5168, -79.6440
7910, 98.6212, -80.6559
7911, 98.7257, -81.6677
7912, 98.8302, -82.6796
7913, 98.9347, -83.6915
7914, 99.0391, -84.7034
7915, 99.1436, -85.7152
7916, 99.2481, -86.7271
7917, 99.3525, -87.7390
7918, 99.4570, -88.7509
7919, 99.5615, -89.7627
7920, 99.6660, -90.7746
7921, 99.7131, -91.2355
7922, 99.7602, -91.6963
7923, 99.8074, -92.1571
7924, 99.8545, -92.6179
7925, 99.9016, -93.0788
7926, 99.9487, -93.5396
7927, 99.9959, -94.0004
7928, 100.0430, -94.4613
7929, 100.0901, -94.9221
7930, 100.1373, -95.3829
7931, 100.1844, -95.8438
7932, 100.2315, -96.3046
7933, 100.2786, -96.7654
7934, 100.3258, -97.2263
7935, 100.3729, -97.6871
7936, 100.4200, -98.1479
7937, 100.4672, -98.6088
7938, 100.5143, -99.0696
7939, 100.5614, -99.5304
7940, 100.6086, -99.9912
7941, 100.3090, -97.3090
7942, 100.0095, -94.6268
7943, 99.7100, -91.9446
7944, 99.4105, -89.2624
7945, 99.1110, -86.5802
7946, 98.8114, -83.8980
7947, 98.5119, -81.2158
7948, 98.2124, -78.5336
7949, 97.9129, -75.8514
7950, 97.6134, -73.1692
7951, 97.3138, -70.4870
7952, 97.0143, -67.8048
7953, 96.7148, -65.1226
7954, 96.4153, -62.4404
7955, 96.1158, -59.7582
7956, 95.8162, -57.0760
7957, 95.5167, -54.3938
7958, 95.2172, -51.7116
7959, 94.9177, -49.0294
7960, 94.6182, -46.3472
7961, 94.8963, -49.0067
7962, 95.1744, -51.6662
7963, 95.4525, -54.3257
7964, 95.7306, -56.9852
7965, 96.0087, -59.6447
7966, 96.2869, -62.3042
7967, 96.5650, -64.9638
7968, 96.8431, -67.6232
7969, 97.1212, -70.2827
7970, 97.3993, -72.9423
7971, 97.6775, -75.6018
7972, 97.9556, -78.2613
7973, 98.2337, -80.9208
7974, 98.5118, -83.5803
7975, 98.7899, -86.2398
7976, 99.0680, -88.8993
7977, 99.3462, -91.5588
7978, 99.6243, -94.2183
7979, 99.9024, -96.8778
7980, 100.1805, -99.5373
7981, 100.0916, -98.6551
7982, 100.0027, -97.7729
7983, 99.9137, -96.8907
7984, 99.8248, -96.0084
7985, 99.7358, -95.1262
7986, 99.6469, -94.2440
7987, 99.5580, -93.3618
7988, 99.4690, -92.4796
7989, 99.3801, -91.5974
7990, 99.2912, -90.7152
7991, 99.2022, -89.8329
7992, 99.1133, -88.9507
7993, 99.0244, -88.0685
7994, 98.9354, -87.1863
7995, 98.8465, -86.3041
7996, 98.7575, -85.4219
7997, 98.6686, -84.5397
7998, 98.5797, -83.6574
7999, 98.4907, -82.7752
8000, 98.4018, -81.8930
8001, 98.4933, -82.9745
8002, 98.5849, -84.0559
8003, 98.6764, -85.1373
8004, 98.7680, -86.2188
8005, 98.8595, -87.3002
8006, 98.9511, -88.3816
8007, 99.0426, -89.4631
8008, 99.1341, -90.5445
8009, 99.2257, -91.6259
8010, 99.3172, -92.7074
8011, 99.4088, -93.7888
8012, 99.5003, -94.8702
8013, 99.5919, -95.9517
8014, 99.6834, -97.0331
8015, 99.7750, -98.1145
8016, 99.8665, -99.1960
8017, 99.9580, -100.2774
8018, 100.0496, -101.3588
8019, 100.1411, -102.4403
8020, 100.2327, -103.5217
8021, 100.1100, -102.4079
8022, 99.9873, -101.2940
8023, 99.8646, -100.1802
8024, 99.7419, -99.0664
8025, 99.6192, -97.9526
8026, 99.4965, -96.8387
8027, 99.3738, -95.7249
8028, 99.2511, -94.6111
8029, 99.1284, -93.4973
8030, 99.0057, -92.3834
8031, 98.8830, -91.2696
8032, 98.7603, -90.1558
8033, 98.6376, -89.0419
8034, 98.5149, -87.9281
8035, 98.3922, -86.8143
8036, 98.2695, -85.7005
8037, 98.1468, -84.5866
8038, 98.0241, -83.4728
8039, 97.9014, -82.3590
8040, 97.7787, -81.2452
8041, 97.8481, -81.9556
8042, 97.9174, -82.6660
8043, 97.9868, -83.3764
8044, 98.0561, -84.0869
8045, 98.1255, -84.7973
8046, 98.1948, -85.5077
8047, 98.2641, -86.2181
8048, 98.3335, -86.9285
8049, 98.4028, -87.6390
8050, 98.4722, -88.3494
8051, 98.5415, -89.0598
8052, 98.6109, -89.7702
8053, 98.6802, -90.4806
8054, 98.7495, -91.1911
8055, 98.8189, -91.9015
8056, 98.8882, -92.6119
8057, 98.9576, -93.3223
8058, 99.0269, -94.0327
8059, 99.0963, -94.7432
8060, 99.1656, -95.4536
8061, 99.2183, -95.8739
8062, 99.2710, -96.2942
8063, 99.3237, -96.7145
8064, 99.3764, -97.1348
8065, 99.4291, -97.5551
8066, 99.4818, -97.9754
8067, 99.5345, -98.3956
8068, 99.5872, -98.8159
8069, 99.6399, -99.2362
8070, 99.6926, -99.6565
8071, 99.7453, -100.0768
8072, 99.7980, -100.4971
8073, 99.8507, -100.9174
8074, 99.9034, -101.3377
8075, 99.9561, -101.7580
8076, 100.0088, -102.1783
8077, 100.0615, -102.5986
8078, 100.1142, -103.0189
8079, 100.1669, -103.4392
8080, 100.2196, -103.8595
8081, 100.0888, -102.7970
8082, 99.9580, -101.7346
8083, 99.8272, -100.6722
8084, 99.6964, -99.6097
8085, 99.5656, -98.5473
8086, 99.4349, -97.4848
8087, 99.3041, -96.4224
8088, 99.1733, -95.3600
8089, 99.0425, -94.2975
8090, 98.9117, -93.2351
8091, 98.7809, -92.1727
8092, 98.6502, -91.1102
8093, 98.5194, -90.0478
8094, 98.3886, -88.9854
8095, 98.2578, -87.9229
8096, 98.1270, -86.8605
8097, 97.9962, -85.7980
8098, 97.8655, -84.7356
8099, 97.7347, -83.6732
8100, 97.6039, -82.6107
8101, 97.7524, -84.0804
8102, 97.9009, -85.5501
8103, 98.0494, -87.0198
8104, 98.1979, -88.4895
8105, 98.3464, -89.9592
8106, 98.4950, -91.4289
8107, 98.6435, -92.8986
8108, 98.7920, -94.3683
8109, 98.9405, -95.8380
8110, 99.0890, -97.3077
8111, 99.2375, -98.7774
8112, 99.3860, -100.2471
8113, 99.5345, -101.7168
8114, 99.6830, -103.1865
8115, 99.8316, -104.6562
8116, 99.9801, -106.1259
8117, 100.1286, -107.5956
8118, 100.2771, -109.0653
8119, 100.4256, -110.5350
8120, 100.5741, -112.0047
8121, 100.4839, -111.2413
8122, 100.3937, -110.4778
8123, 100.3035, -109.7143
8124, 100.2133, -108.9508
8125, 100.1231, -108.1873
8126, 100.0328, -107.4239
8127, 99.9426, -106.6604
8128, 99.8524, -105.8969
8129, 99.7622, -105.1334
8130, 99.6720, -104.3700
8131, 99.5818, -103.6065
8132, 99.4916, -102.8430
8133, 99.4014, -102.0795
8134, 99.3111, -101.3161
8135, 99.2209, -100.5526
8136, 99.1307, -99.7891
8137, 99.0405, -99.0256
8138, 98.9503, -98.2621
8139, 98.8601, -97.4987
8140, 98.7699, -96.7352
8141, 98.8641, -97.5514
8142, 98.9584, -98.3677
8143, 99.0526, -99.1839
8144, 99.1469, -100.0002
8145, 99.2412, -100.8164
8146, 99.3354, -101.6327
8147, 99.4297, -102.4489
8148, 99.5239, -103.2652
8149, 99.6182, -104.0814
8150, 99.7124, -104.8977
8151, 99.8067, -105.7139
8152, 99.9009, -106.5302
8153, 99.9952, -107.3464
8154, 100.0895, -108.1626
8155, 100.1837, -108.9789
8156, 100.2780, -109.7951
8157, 100.3722, -110.6114
8158, 100.4665, -111.4276
8159, 100.5607, -112.2439
8160, 100.6550, -113.0601
8161, 100.6151, -112.6609
8162, 100.5753, -112.2618
8163, 100.5354, -111.8626
8164, 100.4955, -111.4634
8165, 100.4557, -111.0642
8166, 100.4158, -110.6650
8167, 100.3759, -110.2658
8168, 100.3361, -109.8666
8169, 100.2962, -109.4674
8170, 100.2564, -109.0682
8171, 100.2165, -108.6690
8172, 100.1766, -108.2698
8173, 100.1368, -107.8707
8174, 100.0969, -107.4715
8175, 100.0570, -107.0723
8176, 100.0172, -106.6731
8177, 99.9773, -106.2739
8178, 99.9375, -105.8747
8179, 99.8976, -105.4755
8180, 99.8577, -105.0763
8181, 99.6939, -103.5861
8182, 99.5301, -102.0958
8183, 99.3663, -100.6056
8184, 99.2025, -99.1153
8185, 99.0387, -97.6251
8186, 98.8748, -96.1348
8187, 98.7110, -94.6446
8188, 98.5472, -93.1543
8189, 98.3834, -91.6641
8190, 98.2196, -90.1738
8191, 98.0558, -88.6836
8192, 97.8920, -87.1933
8193, 97.7281, -85.7031
8194, 97.5643, -84.2128
8195, 97.4005, -82.7226
8196, 97.2367, -81.2323
8197, 97.0729, -79.7421
8198, 96.9091, -78.2518
8199, 96.7453, -76.7616
8200, 96.5814, -75.2713
8201, 96.6675, -76.1336
8202, 96.7536, -76.9958
8203, 96.8397, -77.8580
8204, 96.9258, -78.7202
8205, 97.0119, -79.5824
8206, 97.0979, -80.4446
8207, 97.1840, -81.3068
8208, 97.2701, -82.1690
8209, 97.3562, -83.0312
8210, 97.4423, -83.8935
8211, 97.5284, -84.7557
8212, 97.6144, -85.6179
8213, 97.7005, -86.4801
8214, 97.7866, -87.3423
8215, 97.8727, -88.2045
8216, 97.9588, -89.0667
8217, 98.0448, -89.9289
8218, 98.1309, -90.7911
8219, 98.2170, -91.6533
8220, 98.3031, -92.5156
8221, 98.3337, -92.7627
8222, 98.3643, -93.0099
8223, 98.3949, -93.2570
8224, 98.4255, -93.5041
8225, 98.4561, -93.7513
8226, 98.4867, -93.9984
8227, 98.5173, -94.2456
8228, 98.5479, -94.4927
8229, 98.5785, -94.7399
8230, 98.6091, -94.9870
8231, 98.6397, -95.2342
8232, 98.6703, -95.4813
8233, 98.7008, -95.7285
8234, 98.7314, -95.9756
8235, 98.7620, -96.2228
8236, 98.7926, -96.4699
8237, 98.8232, -96.7171
8238, 98.8538, -96.9642
8239, 98.8844, -97.2114
8240, 98.9150, -97.4585
8241, 98.9461, -97.9191
8242, 98.9773, -98.3797
8243, 99.0084, -98.8402
8244, 99.0395, -99.3008
8245, 99.0706, -99.7614
8246, 99.1018, -100.2220
8247, 99.1329, -100.6825
8248, 99.1640, -101.1431
8249, 99.1951, -101.6037
8250, 99.2263, -102.0643
8251, 99.2574, -102.5248
8252, 99.2885, -102.9854
8253, 99.3196, -103.4460
8254, 99.3507, -103.9066
8255, 99.3819, -104.3671
8256, 99.4130, -104.8277
8257, 99.4441, -105.2883
8258, 99.4752, -105.7489
8259, 99.5064, -106.2094
8260, 99.5375, -106.6700
8261, 99.5603, -106.8110
8262, 99.5832, -106.9519
8263, 99.6060, -107.0929
8264, 99.6289, -107.2339
8265, 99.6517, -107.3748
8266, 99.6746, -107.5158
8267, 99.6974, -107.6568
8268, 99.7203, -107.7978
8269, 99.7431, -107.9387
8270, 99.7660, -108.0797
8271, 99.7888, -108.2207
8272, 99.8117, -108.3616
8273, 99.8345, -108.5026
8274, 99.8574, -108.6436
8275, 99.8802, -108.7845
8276, 99.9031, -108.9255
8277, 99.9259, -109.0665
8278, 99.9488, -109.2074
8279, 99.9716, -109.3484
8280, 99.9945, -109.4894
8281, 99.9229, -108.8346
8282, 99.8513, -108.1798
8283, 99.7797, -107.5250
8284, 99.7081, -106.8702
8285, 99.6365, -106.2155
8286, 99.5649, -105.5607
8287, 99.4933, -104.9059
8288, 99.4217, -104.2511
8289, 99.3501, -103.5963
8290, 99.2785, -102.9416
8291, 99.2069, -102.2868
8292, 99.1353, -101.6320
8293, 99.0637, -100.9772
8294, 98.9921, -100.3224
8295, 98.9205, -99.6677
8296, 98.8489, -99.0129
8297, 98.7773, -98.3581
8298, 98.7057, -97.7033
8299, 98.6341, -97.0485
8300, 98.5625, -96.3938
8301, 98.4752, -95.4878
8302, 98.3879, -94.5818
8303, 98.3006, -93.6759
8304, 98.2133, -92.7699
8305, 98.1260, -91.8640
8306, 98.0387, -90.9580
8307, 97.9514, -90.0521
8308, 97.8641, -89.1461
8309, 97.7768, -88.2402
8310, 97.6895, -87.3342
8311, 97.6022, -86.4283
8312, 97.5149, -85.5223
8313, 97.4277, -84.6163
8314, 97.3404, -83.7104
8315, 97.2531, -82.8044
8316, 97.1658, -81.8985
8317, 97.0785, -80.9925
8318, 96.9912, -80.0865
8319, 96.9039, -79.1806
8320, 96.8166, -78.2746
8321, 96.9413, -79.3742
8322, 97.0660, -80.4738
8323, 97.1907, -81.5733
8324, 97.3154, -82.6729
8325, 97.4400, -83.7725
8326, 97.5647, -84.8720
8327, 97.6894, -85.9716
8328, 97.8141, -87.0711
8329, 97.9388, -88.1707
8330, 98.0635, -89.2703
8331, 98.1882, -90.3698
8332, 98.3129, -91.4694
8333, 98.4376, -92.5690
8334, 98.5623, -93.6685
8335, 98.6869, -94.7681
8336, 98.8116, -95.8677
8337, 98.9363, -96.9672
8338, 99.0610, -98.0668
8339, 99.1857, -99.1663
8340, 99.3104, -100.2659
8341, 99.2863, -100.1637
8342, 99.2622, -100.0615
8343, 99.2380, -99.9592
8344, 99.2139, -99.8570
8345, 99.1898, -99.7548
8346, 99.1657, -99.6526
8347, 99.1415, -99.5503
8348, 99.1174, -99.4481
8349, 99.0933, -99.3459
8350, 99.0692, -99.2436
8351, 99.0450, -99.1414
8352, 99.0209, -99.0392
8353, 98.9968, -98.9370
8354, 98.9727, -98.8347
8355, 98.9485, -98.7325
8356, 98.9244, -98.6303
8357, 98.9003, -98.5281
8358, 98.8762, -98.4258
8359, 98.8521, -98.3236
8360, 98.8279, -98.2214
8361, 98.8916, -98.8164
8362, 98.9552, -99.4114
8363, 99.0188, -100.0064
8364, 99.0825, -100.6014
8365, 99.1461, -101.1964
8366, 99.2097, -101.7914
8367, 99.2734, -102.3865
8368, 99.3370, -102.9815
8369, 99.4006, -103.5765
8370, 99.4643, -104.1715
8371, 99.5279, -104.7665
8372, 99.5915, -105.3615
8373, 99.6552, -105.9565
8374, 99.7188, -106.5515
8375, 99.7824, -107.1465
8376, 99.8461, -107.7416
8377, 99.9097, -108.3366
8378, 99.9733, -108.9316
8379, 100.0370, -109.5266
8380, 100.1006, -110.1216
8381, 100.0958, -110.1016
8382, 100.0910, -110.0815
8383, 100.0862, -110.0615
8384, 100.0813, -110.0415
8385, 100.0765, -110.0215
8386, 100.0717, -110.0014
8387, 100.0669, -109.9814
8388, 100.0621, -109.9614
8389, 100.0573, -109.9413
8390, 100.0525, -109.9213
8391, 100.0476, -109.9013
8392, 100.0428, -109.8813
8393, 100.0380, -109.8612
8394, 100.0332, -109.8412
8395, 100.0284, -109.8212
8396, 100.0236, -109.8011
8397, 100.0188, -109.7811
8398, 100.0140, -109.7611
8399, 100.0091, -109.7411
8400, 100.0043, -109.7210
8401, 99.9248, -108.9257
8402, 99.8454, -108.1303
8403, 99.7659, -107.3349
8404, 99.6864, -106.5395
8405, 99.6069, -105.7441
8406, 99.5274, -104.9488
8407, 99.4479, -104.1534
8408, 99.3684, -103.3580
8409, 99.2889, -102.5626
8410, 99.2094, -101.7673
8411, 99.1300, -100.9719
8412, 99.0505, -100.1765
8413, 98.9710, -99.3811
8414, 98.8915, -98.5858
8415, 98.8120, -97.7904
8416, 98.7325, -96.9950
8417, 98.6530, -96.1996
8418, 98.5735, -95.4042
8419, 98.4941, -94.6088
8420, 98.4146, -93.8135
8421, 98.5023, -94.6600
8422, 98.5901, -95.5065
8423, 98.6778, -96.3529
8424, 98.7656, -97.1994
8425, 98.8534, -98.0459
8426, 98.9411, -98.8924
8427, 99.0289, -99.7388
8428, 99.1166, -100.5853
8429, 99.2044, -101.4318
8430, 99.2921, -102.2783
8431, 99.3799, -103.1248
8432, 99.4677, -103.9712
8433, 99.5554, -104.8177
8434, 99.6432, -105.6642
8435, 99.7309, -106.5107
8436, 99.8187, -107.3572
8437, 99.9064, -108.2036
8438, 99.9942, -109.0501
8439, 100.0820, -109.8966
8440, 100.1697, -110.7431
8441, 100.0634, -109.8311
8442, 99.9572, -108.9191
8443, 99.8509, -108.0071
8444, 99.7446, -107.0951
8445, 99.6383, -106.1832
8446, 99.5321, -105.2712
8447, 99.4258, -104.3592
8448, 99.3195, -103.4472
8449, 99.2132, -102.5352
8450, 99.1070, -101.6232
8451, 99.0007, -100.7113
8452, 98.8944, -99.7993
8453, 98.7881, -98.8873
8454, 98.6818, -97.9753
8455, 98.5756, -97.0633
8456, 98.4693, -96.1513
8457, 98.3630, -95.2394
8458, 98.2567, -94.3274
8459, 98.1505, -93.4154
8460, 98.0442, -92.5034
8461, 98.1805, -93.6262
8462, 98.3169, -94.7490
8463, 98.4533, -95.8718
8464, 98.5896, -96.9945
8465, 98.7260, -98.1173
8466, 98.8624, -99.2401
8467, 98.9987, -100.3629
8468, 99.1351, -101.4857
8469, 99.2715, -102.6084
8470, 99.4078, -103.7312
8471, 99.5442, -104.8540
8472, 99.6805, -105.9768
8473, 99.8169, -107.0996
8474, 99.9533, -108.2223
8475, 100.0896, -109.3451
8476, 100.2260, -110.4679
8477, 100.3624, -111.5907
8478, 100.4987, -112.7135
8479, 100.6351, -113.8362
8480, 100.7715, -114.9590
8481, 100.6636, -114.1367
8482, 100.5557, -113.3144
8483, 100.4479, -112.4921
8484, 100.3400, -111.6697
8485, 100.2321, -110.8474
8486, 100.1243, -110.0251
8487, 100.0164, -109.2028
8488, 99.9086, -108.3805
8489, 99.8007, -107.5581
8490, 99.6928, -106.7358
8491, 99.5850, -105.9135
8492, 99.4771, -105.0912
8493, 99.3692, -104.2689
8494, 99.2614, -103.4465
8495, 99.1535, -102.6242
8496, 99.0457, -101.8019
8497, 98.9378, -100.9796
8498, 98.8299, -100.1573
8499, 98.7221, -99.3350
8500, 98.6142, -98.5126
8501, 98.6696, -99.0176
8502, 98.7250, -99.5226
8503, 98.7804, -100.0276
8504, 98.8358, -100.5326
8505, 98.8912, -101.0376
8506, 98.9466, -101.5426
8507, 99.0020, -102.0476
8508, 99.0574, -102.5525
8509, 99.1128, -103.0575
8510, 99.1682, -103.5625
8511, 99.2236, -104.0675
8512, 99.2790, -104.5725
8513, 99.3344, -105.0775
8514, 99.3898, -105.5825
8515, 99.4452, -106.0875
8516, 99.5006, -106.5925
8517, 99.5560, -107.0975
8518, 99.6114, -107.6024
8519, 99.6668, -108.1074
8520, 99.7221, -108.6124
8521, 99.7088, -108.4583
8522, 99.6955, -108.3041
8523, 99.6822, -108.1500
8524, 99.6689, -107.9958
8525, 99.6555, -107.8417
8526, 99.6422, -107.6875
8527, 99.6289, -107.5334
8528, 99.6156, -107.3792
8529, 99.6023, -107.2251
8530, 99.5889, -107.0709
8531, 99.5756, -106.9168
8532, 99.5623, -106.7626
8533, 99.5490, -106.6085
8534, 99.5357, -106.4543
8535, 99.5223, -106.3002
8536, 99.5090, -106.1460
8537, 99.4957, -105.9919
8538, 99.4824, -105.8377
8539, 99.4690, -105.6836
8540, 99.4557, -105.5294
8541, 99.5782, -106.7639
8542, 99.7006, -107.9985
8543, 99.8231, -109.2330
8544, 99.9455, -110.4676
8545, 100.0680, -111.7021
8546, 100.1904, -112.9367
8547, 100.3128, -114.1712
8548, 100.4353, -115.4058
8549, 100.5577, -116.6403
8550, 100.6802, -117.8748
8551, 100.8026, -119.1094
8552, 100.9251, -120.3439
8553, 101.0475, -121.5785
8554, 101.1700, -122.8130
8555, 101.2924, -124.0476
8556, 101.4149, -125.2821
8557, 101.5373, -126.5166
8558, 101.6598, -127.7512
8559, 101.7822, -128.9857
8560, 101.9047, -130.2203
8561, 101.8394, -129.5557
8562, 101.7742, -128.8912
8563, 101.7090, -128.2266
8564, 101.6438, -127.5621
8565, 101.5786, -126.8975
8566, 101.5134, -126.2330
8567, 101.4481, -125.5684
8568, 101.3829, -124.9039
8569, 101.3177, -124.2393
8570, 101.2525, -123.5748
8571, 101.1873, -122.9102
8572, 101.1221, -122.2457
8573, 101.0569, -121.5811
8574, 100.9916, -120.9166
8575, 100.9264, -120.2520
8576, 100.8612, -119.5875
8577, 100.7960, -118.9229
8578, 100.7308, -118.2583
8579, 100.6656, -117.5938
8580, 100.6003, -116.9292
8581, 100.7160, -118.1331
8582, 100.8316, -119.3370
8583, 100.9472, -120.5409
8584, 101.0628, -121.7447
8585, 101.1784, -122.9486
8586, 101.2940, -124.1525
8587, 101.4096, -125.3564
8588, 101.5252, -126.5602
8589, 101.6408, -127.7641
8590, 101.7564, -128.9680
8591, 101.8720, -130.1718
8592, 101.9876, -131.3757
8593, 102.1033, -132.5796
8594, 102.2189, -133.7835
8595, 102.3345, -134.9873
8596, 102.4501, -136.1912
8597, 102.5657, -137.3951
8598, 102.6813, -138.5989
8599, 102.7969, -139.8028
8600, 102.9125, -141.0067
8601, 102.8179, -140.1031
8602, 102.7233, -139.1995
8603, 102.6286, -138.2959
8604, 102.5340, -137.3924
8605, 102.4394, -136.4888
8606, 102.3448, -135.5852
8607, 102.2501, -134.6816
8608, 102.1555, -133.7780
8609, 102.0609, -132.8745
8610, 101.9663, -131.9709
8611, 101.8716, -131.0673
8612, 101.7770, -130.1637
8613, 101.6824, -129.2601
8614, 101.5878, -128.3566
8615, 101.4931, -127.4530
8616, 101.3985, -126.5494
8617, 101.3039, -125.6458
8618, 101.2093, -124.7422
8619, 101.1146, -123.8387
8620, 101.0200, -122.9351
8621, 100.9452, -122.3284
8622, 100.8704, -121.7217
8623, 100.7956, -121.1151
8624, 100.7208, -120.5084
8625, 100.6459, -119.9017
8626, 100.5711, -119.2951
8627, 100.4963, -118.6884
8628, 100.4215, -118.0817
8629, 100.3467, -117.4751
8630, 100.2719, -116.8684
8631, 100.1971, -116.2617
8632, 100.1222, -115.6550
8633, 100.0474, -115.0484
8634, 99.9726, -114.4417
8635, 99.8978, -113.8350
8636, 99.8230, -113.2284
8637, 99.7482, -112.6217
8638, 99.6733, -112.0150
8639, 99.5985, -111.4084
8640, 99.5237, -110.8017
8641, 99.5589, -111.1717
8642, 99.5942, -111.5417
8643, 99.6294, -111.9116
8644, 99.6646, -112.2816
8645, 99.6998, -112.6516
8646, 99.7350, -113.0216
8647, 99.7702, -113.3916
8648, 99.8055, -113.7615
8649, 99.8407, -114.1315
8650, 99.8759, -114.5015
8651, 99.9111, -114.8715
8652, 99.9463, -115.2415
8653, 99.9815, -115.6115
8654, 100.0168, -115.9815
8655, 100.0520, -116.3514
8656, 100.0872, -116.7214
8657, 100.1224, -117.0914
8658, 100.1576, -117.4614
8659, 100.1929, -117.8314
8660, 100.2281, -118.2013
8661, 100.2120, -117.9778
8662, 100.1958, -117.7542
8663, 100.1797, -117.5306
8664, 100.1636, -117.3070
8665, 100.1475, -117.0835
8666, 100.1314, -116.8599
8667, 100.1153, -116.6363
8668, 100.0992, -116.4127
8669, 100.0831, -116.1892
8670, 100.0669, -115.9656
8671, 100.0508, -115.7420
8672, 100.0347, -115.5184
8673, 100.0186, -115.2949
8674, 100.0025, -115.0713
8675, 99.9864, -114.8477
8676, 99.9703, -114.6241
8677, 99.9541, -114.4006
8678, 99.9380, -114.1770
8679, 99.9219, -113.9534
8680, 99.9058, -113.7298
8681, 99.9366, -113.9819
8682, 99.9674, -114.2340
8683, 99.9982, -114.4861
8684, 100.0290, -114.7382
8685, 100.0598, -114.9903
8686, 100.0906, -115.2424
8687, 100.1214, -115.4945
8688, 100.1522, -115.7465
8689, 100.1829, -115.9986
8690, 100.2137, -116.2507
8691, 100.2445, -116.5028
8692, 100.2753, -116.7549
8693, 100.3061, -117.0070
8694, 100.3369, -117.2591
8695, 100.3677, -117.5112
8696, 100.3985, -117.7633
8697, 100.4293, -118.0153
8698, 100.4601, -118.2674
8699, 100.4909, -118.5195
8700, 100.5217, -118.7716
8701, 100.4937, -118.6422
8702, 100.4657, -118.5128
8703, 100.4377, -118.3834
8704, 100.4097, -118.2540
8705, 100.3818, -118.1245
8706, 100.3538, -117.9951
8707, 100.3258, -117.8657
8708, 100.2978, -117.7363
8709, 100.2698, -117.6069
8710, 100.2419, -117.4775
8711, 100.2139, -117.3481
8712, 100.1859, -117.2187
8713, 100.1579, -117.0893
8714, 100.1299, -116.9598
8715, 100.1019, -116.8304
8716, 100.0740, -116.7010
8717, 100.0460, -116.5716
8718, 100.0180, -116.4422
8719, 99.9900, -116.3128
8720, 99.9620, -116.1834
8721, 99.9310, -116.0479
8722, 99.9000, -115.9125
8723, 99.8691, -115.7771
8724, 99.8381, -115.6416
8725, 99.8071, -115.5062
8726, 99.7761, -115.3708
8727, 99.7451, -115.2353
8728, 99.7141, -115.0999
8729, 99.6832, -114.9645
8730, 99.6522, -114.8290
8731, 99.6212, -114.6936
8732, 99.5902, -114.5582
8733, 99.5592, -114.4227
8734, 99.5282, -114.2873
8735, 99.4972, -114.1519
8736, 99.4663, -114.0164
8737, 99.4353, -113.8810
8738, 99.4043, -113.7456
8739, 99.3733, -113.6101
8740, 99.3423, -113.4747
8741, 99.2724, -112.8093
8742, 99.2024, -112.1438
8743, 99.1324, -111.4784
8744, 99.0625, -110.8130
8745, 98.9925, -110.1475
8746, 98.9226, -109.4821
8747, 98.8526, -108.8167
8748, 98.7827, -108.1512
8749, 98.7127, -107.4858
8750, 98.6428, -106.8204
8751, 98.5728, -106.1549
8752, 98.5028, -105.4895
8753, 98.4329, -104.8241
8754, 98.3629, -104.1586
8755, 98.2930, -103.4932
8756, 98.2230, -102.8278
8757, 98.1531, -102.1623
8758, 98.0831, -101.4969
8759, 98.0132, -100.8314
8760, 97.9432, -100.1660
8761, 98.0836, -101.4099
8762, 98.2240, -102.6537
8763, 98.3644, -103.8976
8764, 98.5048, -105.1414
8765, 98.6451, -106.3852
8766, 98.7855, -107.6291
8767, 98.9259, -108.8729
8768, 99.0663, -110.1168
8769, 99.2067, -111.3606
8770, 99.3471, -112.6045
8771, 99.4875, -113.8483
8772, 99.6279, -115.0922
8773, 99.7683, -116.3360
8774, 99.9087, -117.5799
8775, 100.0490, -118.8237
8776, 100.1894, -120.0676
8777, 100.3298, -121.3114
8778, 100.4702, -122.5553
8779, 100.6106, -123.7991
8780, 100.7510, -125.0430
8781, 100.5259, -122.8715
8782, 100.3008, -120.7000
8783, 100.0757, -118.5285
8784, 99.8506, -116.3570
8785, 99.6255, -114.1855
8786, 99.4005, -112.0140
8787, 99.1754, -109.8426
8788, 98.9503, -107.6711
8789, 98.7252, -105.4996
8790, 98.5001, -103.3281
8791, 98.2750, -101.1566
8792, 98.0499, -98.9851
8793, 97.8248, -96.8136
8794, 97.5997, -94.6421
8795, 97.3746, -92.4707
8796, 97.1495, -90.2992
8797, 96.9244, -88.1277
8798, 96.6994, -85.9562
8799, 96.4743, -83.7847
8800, 96.2492, -81.6132
8801, 96.3956, -83.0378
8802, 96.5420, -84.4623
8803, 96.6884, -85.8869
8804, 96.8348, -87.3114
8805, 96.9813, -88.7360
8806, 97.1277, -90.1605
8807, 97.2741, -91.5851
8808, 97.4205, -93.0096
8809, 97.5669, -94.4342
8810, 97.7133, -95.8587
8811, 97.8597, -97.2833
8812, 98.0062, -98.7078
8813, 98.1526, -100.1324
8814, 98.2990, -101.5569
8815, 98.4454, -102.9815
8816, 98.5918, -104.4060
8817, 98.7382, -105.8306
8818, 98.8847, -107.2551
8819, 99.0311, -108.6797
8820, 99.1775, -110.1042
8821, 99.2220, -110.5867
8822, 99.2666, -111.0692
8823, 99.3111, -111.5517
8824, 99.3556, -112.0342
8825, 99.4002, -112.5167
8826, 99.4447, -112.9992
8827, 99.4892, -113.4817
8828, 99.5338, -113.9642
8829, 99.5783, -114.4467
8830, 99.6228, -114.9292
8831, 99.6674, -115.4116
8832, 99.7119, -115.8941
8833, 99.7564, -116.3766
8834, 99.8010, -116.8591
8835, 99.8455, -117.3416
8836, 99.8900, -117.8241
8837, 99.9346, -118.3066
8838, 99.9791, -118.7891
8839, 100.0236, -119.2716
8840, 100.0682, -119.7541
8841, 100.0652, -119.7073
8842, 100.0623, -119.6606
8843, 100.0594, -119.6138
8844, 100.0565, -119.5671
8845, 100.0536, -119.5204
8846, 100.0507, -119.4736
8847, 100.0478, -119.4269
8848, 100.0448, -119.3801
8849, 100.0419, -119.3334
8850, 100.0390, -119.2866
8851, 100.0361, -119.2399
8852, 100.0332, -119.1931
8853, 100.0303, -119.1464
8854, 100.0273, -119.0996
8855, 100.0244, -119.0529
8856, 100.0215, -119.0061
8857, 100.0186, -118.9594
8858, 100.0157, -118.9126
8859, 100.0128, -118.8659
8860, 100.0098, -118.8191
8861, 100.0465, -119.2442
8862, 100.0831, -119.6693
8863, 100.1198, -120.0943
8864, 100.1565, -120.5194
8865, 100.1931, -120.9445
8866, 100.2298, -121.3696
8867, 100.2664, -121.7946
8868, 100.3031, -122.2197
8869, 100.3397, -122.6448
8870, 100.3764, -123.0698
8871, 100.4130, -123.4949
8872, 100.4497, -123.9200
8873, 100.4863, -124.3451
8874, 100.5230, -124.7701
8875, 100.5596, -125.1952
8876, 100.5963, -125.6203
8877, 100.6330, -126.0453
8878, 100.6696, -126.4704
8879, 100.7063, -126.8955
8880, 100.7429, -127.3206
8881, 100.7470, -127.3986
8882, 100.7511, -127.4767
8883, 100.7553, -127.5547
8884, 100.7594, -127.6328
8885, 100.7635, -127.7108
8886, 100.7676, -127.7889
8887, 100.7717, -127.8670
8888, 100.7758, -127.9450
8889, 100.7800, -128.0231
8890, 100.7841, -128.1011
8891, 100.7882, -128.1792
8892, 100.7923, -128.2572
8893, 100.7964, -128.3353
8894, 100.8005, -128.4134
8895, 100.8046, -128.4914
8896, 100.8088, -128.5695
8897, 100.8129, -128.6475
8898, 100.8170, -128.7256
8899, 100.8211, -128.8037
8900, 100.8252, -128.8817
8901, 100.7590, -128.2515
8902, 100.6928, -127.6213
8903, 100.6266, -126.9911
8904, 100.5603, -126.3609
8905, 100.4941, -125.7307
8906, 100.4279, -125.1005
8907, 100.3617, -124.4703
8908, 100.2954, -123.8401
8909, 100.2292, -123.2099
8910, 100.1630, -122.5797
8911, 100.0968, -121.9495
8912, 100.0306, -121.3193
8913, 99.9643, -120.6891
8914, 99.8981, -120.0589
8915, 99.8319, -119.4287
8916, 99.7657, -118.7985
8917, 99.6995, -118.1683
8918, 99.6332, -117.5381
8919, 99.5670, -116.9079
8920, 99.5008, -116.2776
8921, 99.6184, -117.5037
8922, 99.7360, -118.7297
8923, 99.8537, -119.9557
8924, 99.9713, -121.1817
8925, 100.0889, -122.4077
8926, 100.2066, -123.6337
8927, 100.3242, -124.8597
8928, 100.4418, -126.0857
8929, 100.5594, -127.3117
8930, 100.6771, -128.5377
8931, 100.7947, -129.7637
8932, 100.9123, -130.9897
8933, 101.0299, -132.2157
8934, 101.1476, -133.4417
8935, 101.2652, -134.6677
8936, 101.3828, -135.8937
8937, 101.5005, -137.1197
8938, 101.6181, -138.3457
8939, 101.7357, -139.5717
8940, 101.8533, -140.7977
8941, 101.9368, -141.5829
8942, 102.0203, -142.3681
8943, 102.1037, -143.1533
8944, 102.1872, -143.9385
8945, 102.2707, -144.7237
8946, 102.3541, -145.5089
8947, 102.4376, -146.2941
8948, 102.5211, -147.0793
8949, 102.6045, -147.8645
8950, 102.6880, -148.6497
8951, 102.7714, -149.4349
8952, 102.8549, -150.2201
8953, 102.9384, -151.0053
8954, 103.0218, -151.7905
8955, 103.1053, -152.5757
8956, 103.1888, -153.3609
8957, 103.2722, -154.1461
8958, 103.3557, -154.9313
8959, 103.4392, -155.7165
8960, 103.5226, -156.5017
8961, 103.4207, -155.6115
8962, 103.3188, -154.7213
8963, 103.2168, -153.8312
8964, 103.1149, -152.9410
8965, 103.0130, -152.0509
8966, 102.9111, -151.1607
8967, 102.8091, -150.2705
8968, 102.7072, -149.3804
8969, 102.6053, -148.4902
8970, 102.5034, -147.6001
8971, 102.4014, -146.7099
8972, 102.2995, -145.8197
8973, 102.1976, -144.9296
8974, 102.0957, -144.0394
8975, 101.9937, -143.1493
8976, 101.8918, -142.2591
8977, 101.7899, -141.3690
8978, 101.6880, -140.4788
8979, 101.5860, -139.5886
8980, 101.4841, -138.6985
8981, 101.4264, -138.2118
8982, 101.3687, -137.7251
8983, 101.3110, -137.2385
8984, 101.2533, -136.7518
8985, 101.1956, -136.2651
8986, 101.1379, -135.7784
8987, 101.0802, -135.2918
8988, 101.0225, -134.8051
8989, 100.9649, -134.3184
8990, 100.9072, -133.8318
8991, 100.8495, -133.3451
8992, 100.7918, -132.8584
8993, 100.7341, -132.3717
8994, 100.6764, -131.8851
8995, 100.6187, -131.3984
8996, 100.5610, -130.9117
8997, 100.5033, -130.4251
8998, 100.4456, -129.9384
8999, 100.3879, -129.4517
9000, 100.3302, -128.9650
9001, 100.2923, -128.8224
9002, 100.2543, -128.6798
9003, 100.2164, -128.5372
9004, 100.1784, -128.3946
9005, 100.1405, -128.2520
9006, 100.1026, -128.1094
9007, 100.0646, -127.9668
9008, 100.0267, -127.8241
9009, 99.9887, -127.6815
9010, 99.9508, -127.5389
9011, 99.9128, -127.3963
9012, 99.8749, -127.2537
9013, 99.8370, -127.1111
9014, 99.7990, -126.9685
9015, 99.7611, -126.8259
9016, 99.7231, -126.6833
9017, 99.6852, -126.5406
9018, 99.6472, -126.3980
9019, 99.6093, -126.2554
9020, 99.5714, -126.1128
9021, 99.6246, -126.6454
9022, 99.6779, -127.1781
9023, 99.7312, -127.7107
9024, 99.7845, -128.2433
9025, 99.8377, -128.7760
9026, 99.8910, -129.3086
9027, 99.9443, -129.8412
9028, 99.9975, -130.3739
9029, 100.0508, -130.9065
9030, 100.1041, -131.4391
9031, 100.1574, -131.9718
9032, 100.2106, -132.5044
9033, 100.2639, -133.0370
9034, 100.3172, -133.5697
9035, 100.3704, -134.1023
9036, 100.4237, -134.6349
9037, 100.4770, -135.1676
9038, 100.5303, -135.7002
9039, 100.5835, -136.2328
9040, 100.6368, -136.7655
9041, 100.6392, -136.9772
9042, 100.6416, -137.1890
9043, 100.6440, -137.4008
9044, 100.6464, -137.6126
9045, 100.6487, -137.8244
9046, 100.6511, -138.0361
9047, 100.6535, -138.2479
9048, 100.6559, -138.4597
9049, 100.6583, -138.6715
9050, 100.6607, -138.8833
9051, 100.6631, -139.0950
9052, 100.6655, -139.3068
9053, 100.6679, -139.5186
9054, 100.6703, -139.7304
9055, 100.6726, -139.9422
9056, 100.6750, -140.1540
9057, 100.6774, -140.3657
9058, 100.6798, -140.5775
9059, 100.6822, -140.7893
9060, 100.6846, -141.0011
9061, 100.7321, -141.4797
9062, 100.7795, -141.9582
9063, 100.8270, -142.4368
9064, 100.8744, -142.9154
9065, 100.9219, -143.3940
9066, 100.9694, -143.8726
9067, 101.0168, -144.3512
9068, 101.0643, -144.8297
9069, 101.1118, -145.3083
9070, 101.1592, -145.7869
9071, 101.2067, -146.2655
9072, 101.2541, -146.7441
9073, 101.3016, -147.2226
9074, 101.3491, -147.7012
9075, 101.3965, -148.1798
9076, 101.4440, -148.6584
9077, 101.4914, -149.1370
9078, 101.5389, -149.6156
9079, 101.5864, -150.0941
9080, 101.6338, -150.5727
9081, 101.5441, -149.8000
9082, 101.4544, -149.0273
9083, 101.3647, -148.2546
9084, 101.2749, -147.4819
9085, 101.1852, -146.7092
9086, 101.0955, -145.9365
9087, 101.0058, -145.1637
9088, 100.9160, -144.3910
9089, 100.8263, -143.6183
9090, 100.7366, -142.8456
9091, 100.6469, -142.0729
9092, 100.5572, -141.3002
9093, 100.4674, -140.5275
9094, 100.3777, -139.7548
9095, 100.2880, -138.9821
9096, 100.1983, -138.2094
9097, 100.1085, -137.4366
9098, 100.0188, -136.6639
9099, 99.9291, -135.8912
9100, 99.8394, -135.1185
9101, 99.9893, -136.6826
9102, 100.1393, -138.2466
9103, 100.2892, -139.8106
9104, 100.4392, -141.3747
9105, 100.5891, -142.9387
9106, 100.7391, -144.5027
9107, 100.8890, -146.0668
9108, 101.0390, -147.6308
9109, 101.1889, -149.1948
9110, 101.3389, -150.7589
9111, 101.4888, -152.3229
9112, 101.6388, -153.8870
9113, 101.7887, -155.4510
9114, 101.9387, -157.0150
9115, 102.0886, -158.5791
9116, 102.2386, -160.1431
9117, 102.3885, -161.7071
9118, 102.5385, -163.2712
9119, 102.6884, -164.8352
9120, 102.8384, -166.3993
9121, 102.7773, -165.8292
9122, 102.7162, -165.2592
9123, 102.6552, -164.6892
9124, 102.5941, -164.1191
9125, 102.5330, -163.5491
9126, 102.4720, -162.9791
9127, 102.4109, -162.4091
9128, 102.3498, -161.8390
9129, 102.2888, -161.2690
9130, 102.2277, -160.6990
9131, 102.1666, -160.1290
9132, 102.1056, -159.5589
9133, 102.0445, -158.9889
9134, 101.9834, -158.4189
9135, 101.9224, -157.8489
9136, 101.8613, -157.2788
9137, 101.8002, -156.7088
9138, 101.7392, -156.1388
9139, 101.6781, -155.5688
9140, 101.6170, -154.9987
9141, 101.6973, -155.8984
9142, 101.7776, -156.7981
9143, 101.8578, -157.6978
9144, 101.9381, -158.5974
9145, 102.0184, -159.4971
9146, 102.0986, -160.3968
9147, 102.1789, -161.2965
9148, 102.2592, -162.1961
9149, 102.3395, -163.0958
9150, 102.4197, -163.9955
9151, 102.5000, -164.8952
9152, 102.5803, -165.7948
9153, 102.6605, -166.6945
9154, 102.7408, -167.5942
9155, 102.8211, -168.4939
9156, 102.9013, -169.3935
9157, 102.9816, -170.2932
9158, 103.0619, -171.1929
9159, 103.1421, -172.0926
9160, 103.2224, -172.9922
9161, 103.0978, -171.9348
9162, 102.9732, -170.8774
9163, 102.8485, -169.8199
9164, 102.7239, -168.7625
9165, 102.5993, -167.7051
9166, 102.4747, -166.6476
9167, 102.3500, -165.5902
9168, 102.2254, -164.5327
9169, 102.1008, -163.4753
9170, 101.9761, -162.4178
9171, 101.8515, -161.3604
9172, 101.7269, -160.3030
9173, 101.6023, -159.2455
9174, 101.4776, -158.1881
9175, 101.3530, -157.1307
9176, 101.2284, -156.0732
9177, 101.1037, -155.0158
9178, 100.9791, -153.9583
9179, 100.8545, -152.9009
9180, 100.7299, -151.8435
9181, 100.8923, -153.5297
9182, 101.0547, -155.2159
9183, 101.2171, -156.9020
9184, 101.3795, -158.5882
9185, 101.5419, -160.2744
9186, 101.7043, -161.9606
9187, 101.8667, -163.6468
9188, 102.0291, -165.3330
9189, 102.1915, -167.0192
9190, 102.3539, -168.7054
9191, 102.5163, -170.3915
9192, 102.6787, -172.0777
9193, 102.8411, -173.7639
9194, 103.0035, -175.4501
9195, 103.1659, -177.1363
9196, 103.3284, -178.8225
9197, 103.4908, -180.5087
9198, 103.6532, -182.1949
9199, 103.8156, -183.8811
9200, 103.9780, -185.5672
9201, 103.9112, -185.2215
9202, 103.8445, -184.8758
9203, 103.7778, -184.5300
9204, 103.7111, -184.1843
9205, 103.6443, -183.8385
9206, 103.5776, -183.4928
9207, 103.5109, -183.1471
9208, 103.4442, -182.8013
9209, 103.3774, -182.4556
9210, 103.3107, -182.1098
9211, 103.2440, -181.7641
9212, 103.1772, -181.4184
9213, 103.1105, -181.0726
9214, 103.0438, -180.7269
9215, 102.9771, -180.3811
9216, 102.9103, -180.0354
9217, 102.8436, -179.6897
9218, 102.7769, -179.3439
9219, 102.7102, -178.9982
9220, 102.6434, -178.6524
9221, 102.6630, -178.9215
9222, 102.6825, -179.1906
9223, 102.7021, -179.4596
9224, 102.7216, -179.7287
9225, 102.7412, -179.9978
9226, 102.7607, -180.2668
9227, 102.7803, -180.5359
9228, 102.7998, -180.8050
9229, 102.8194, -181.0740
9230, 102.8389, -181.3431
9231, 102.8585, -181.6122
9232, 102.8780, -181.8812
9233, 102.8976, -182.1503
9234, 102.9171, -182.4194
9235, 102.9367, -182.6884
9236, 102.9562, -182.9575
9237, 102.9758, -183.2266
9238, 102.9953, -183.4956
9239, 103.0149, -183.7647
9240, 103.0344, -184.0337
9241, 103.0399, -184.2912
9242, 103.0453, -184.5487
9243, 103.0507, -184.8062
9244, 103.0562, -185.0637
9245, 103.0616, -185.3212
9246, 103.0671, -185.5787
9247, 103.0725, -185.8362
9248, 103.0779, -186.0936
9249, 103.0834, -186.3511
9250, 103.0888, -186.6086
9251, 103.0943, -186.8661
9252, 103.0997, -187.1236
9253, 103.1051, -187.3811
9254, 103.1106, -187.6385
9255, 103.1160, -187.8960
9256, 103.1215, -188.1535
9257, 103.1269, -188.4110
9258, 103.1323, -188.6685
9259, 103.1378, -188.9260
9260, 103.1432, -189.1835
9261, 103.1401, -189.2965
9262, 103.1370, -189.4095
9263, 103.1339, -189.5225
9264, 103.1308, -189.6355
9265, 103.1277, -189.7485
9266, 103.1246, -189.8615
9267, 103.1215, -189.9745
9268, 103.1184, -190.0875
9269, 103.1153, -190.2005
9270, 103.1122, -190.3135
9271, 103.1091, -190.4265
9272, 103.1060, -190.5395
9273, 103.1028, -190.6525
9274, 103.0997, -190.7655
9275, 103.0966, -190.8785
9276, 103.0935, -190.9915
9277, 103.0904, -191.1045
9278, 103.0873, -191.2175
9279, 103.0842, -191.3305
9280, 103.0811, -191.4435
9281, 103.1102, -191.8944
9282, 103.1393, -192.3453
9283, 103.1685, -192.7961
9284, 103.1976, -193.2470
9285, 103.2267, -193.6979
9286, 103.2558, -194.1488
9287, 103.2849, -194.5996
9288, 103.3140, -195.0505
9289, 103.3432, -195.5014
9290, 103.3723, -195.9523
9291, 103.4014, -196.4031
9292, 103.4305, -196.8540
9293, 103.4596, -197.3049
9294, 103.4887, -197.7557
9295, 103.5178, -198.2066
9296, 103.5470, -198.6575
9297, 103.5761, -199.1084
9298, 103.6052, -199.5592
9299, 103.6343, -200.0101
9300, 103.6634, -200.4610
9301, 103.6073, -200.0745
9302, 103.5512, -199.6880
9303, 103.4951, -199.3015
9304, 103.4389, -198.9151
9305, 103.3828, -198.5286
9306, 103.3267, -198.1421
9307, 103.2706, -197.7556
9308, 103.2144, -197.3691
9309, 103.1583, -196.9827
9310, 103.1022, -196.5962
9311, 103.0460, -196.2097
9312, 102.9899, -195.8232
9313, 102.9338, -195.4367
9314, 102.8777, -195.0502
9315, 102.8215, -194.6638
9316, 102.7654, -194.2773
9317, 102.7093, -193.8908
9318, 102.6532, -193.5043
9319, 102.5970, -193.1178
9320, 102.5409, -192.7313
9321, 102.6422, -193.8950
9322, 102.7434, -195.0587
9323, 102.8446, -196.2223
9324, 102.9459, -197.3860
9325, 103.0471, -198.5497
9326, 103.1483, -199.7133
9327, 103.2496, -200.8770
9328, 103.3508, -202.0407
9329, 103.4521, -203.2043
9330, 103.5533, -204.3680
9331, 103.6545, -205.5317
9332, 103.7558, -206.6953
9333, 103.8570, -207.8590
9334, 103.9582, -209.0227
9335, 104.0595, -210.1863
9336, 104.1607, -211.3500
9337, 104.2620, -212.5137
9338, 104.3632, -213.6773
9339, 104.4644, -214.8410
9340, 104.5657, -216.0047
9341, 104.7316, -217.7310
9342, 104.8975, -219.4574
9343, 105.0635, -221.1837
9344, 105.2294, -222.9101
9345, 105.3953, -224.6364
9346, 105.5613, -226.3628
9347, 105.7272, -228.0892
9348, 105.8931, -229.8155
9349, 106.0590, -231.5419
9350, 106.2250, -233.2682
9351, 106.3909, -234.9946
9352, 106.5568, -236.7209
9353, 106.7228, -238.4473
9354, 106.8887, -240.1737
9355, 107.0546, -241.9000
9356, 107.2205, -243.6264
9357, 107.3865, -245.3527
9358, 107.5524, -247.0791
9359, 107.7183, -248.8054
9360, 107.8843, -250.5318
9361, 107.7146, -248.9811
9362, 107.5450, -247.4305
9363, 107.3753, -245.8798
9364, 107.2057, -244.3291
9365, 107.0360, -242.7784
9366, 106.8664, -241.2278
9367, 106.6967, -239.6771
9368, 106.5271, -238.1264
9369, 106.3574, -236.5757
9370, 106.1878, -235.0251
9371, 106.0181, -233.4744
9372, 105.8485, -231.9237
9373, 105.6788, -230.3730
9374, 105.5092, -228.8224
9375, 105.3395, -227.2717
9376, 105.1699, -225.7210
9377, 105.0002, -224.1703
9378, 104.8306, -222.6197
9379, 104.6609, -221.0690
9380, 104.4913, -219.5183
9381, 104.4682, -219.5865
9382, 104.4451, -219.6547
9383, 104.4220, -219.7229
9384, 104.3989, -219.7910
9385, 104.3758, -219.8592
9386, 104.3527, -219.9274
9387, 104.3296, -219.9956
9388, 104.3065, -220.0638
9389, 104.2834, -220.1320
9390, 104.2603, -220.2002
9391, 104.2372, -220.2683
9392, 104.2141, -220.3365
9393, 104.1910, -220.4047
9394, 104.1679, -220.4729
9395, 104.1448, -220.5411
9396, 104.1217, -220.6093
9397, 104.0986, -220.6774
9398, 104.0755, -220.7457
9399, 104.0524, -220.8138
9400, 104.0293, -220.8820
9401, 104.1097, -221.8558
9402, 104.1902, -222.8295
9403, 104.2706, -223.8033
9404, 104.3511, -224.7771
9405, 104.4316, -225.7508
9406, 104.5120, -226.7246
9407, 104.5925, -227.6984
9408, 104.6729, -228.6721
9409, 104.7534, -229.6459
9410, 104.8339, -230.6197
9411, 104.9143, -231.5934
9412, 104.9948, -232.5672
9413, 105.0752, -233.5410
9414, 105.1557, -234.5147
9415, 105.2362, -235.4885
9416, 105.3166, -236.4623
9417, 105.3971, -237.4360
9418, 105.4775, -238.4098
9419, 105.5580, -239.3835
9420, 105.6384, -240.3573
9421, 105.7606, -241.8503
9422, 105.8828, -243.3433
9423, 106.0050, -244.8363
9424, 106.1272, -246.3293
9425, 106.2494, -247.8222
9426, 106.3716, -249.3152
9427, 106.4938, -250.8082
9428, 106.6160, -252.3012
9429, 106.7382, -253.7942
9430, 106.8604, -255.2872
9431, 106.9826, -256.7802
9432, 107.1048, -258.2732
9433, 107.2270, -259.7661
9434, 107.3492, -261.2591
9435, 107.4714, -262.7521
9436, 107.5936, -264.2451
9437, 107.7158, -265.7381
9438, 107.8380, -267.2311
9439, 107.9602, -268.7241
9440, 108.0824, -270.2170
9441, 107.9583, -268.7224
9442, 107.8341, -267.2277
9443, 107.7099, -265.7330
9444, 107.5858, -264.2383
9445, 107.4616, -262.7437
9446, 107.3374, -261.2490
9447, 107.2132, -259.7543
9448, 107.0891, -258.2597
9449, 106.9649, -256.7650
9450, 106.8407, -255.2703
9451, 106.7165, -253.7756
9452, 106.5924, -252.2810
9453, 106.4682, -250.7863
9454, 106.3440, -249.2916
9455, 106.2199, -247.7969
9456, 106.0957, -246.3023
9457, 105.9715, -244.8076
9458, 105.8473, -243.3129
9459, 105.7232, -241.8182
9460, 105.5990, -240.3236
9461, 105.5853, -240.2714
9462, 105.5716, -240.2192
9463, 105.5579, -240.1669
9464, 105.5443, -240.1147
9465, 105.5306, -240.0625
9466, 105.5169, -240.0103
9467, 105.5032, -239.9581
9468, 105.4895, -239.9059
9469, 105.4758, -239.8537
9470, 105.4621, -239.8015
9471, 105.4485, -239.7493
9472, 105.4348, -239.6971
9473, 105.4211, -239.6449
9474, 105.4074, -239.5927
9475, 105.3937, -239.5405
9476, 105.3800, -239.4883
9477, 105.3663, -239.4361
9478, 105.3527, -239.3838
9479, 105.3390, -239.3316
9480, 105.3253, -239.2794
9481, 105.3354, -239.7424
9482, 105.3455, -240.2054
9483, 105.3556, -240.6684
9484, 105.3657, -241.1314
9485, 105.3758, -241.5945
9486, 105.3859, -242.0575
9487, 105.3960, -242.5205
9488, 105.4061, -242.9835
9489, 105.4162, -243.4465
9490, 105.4263, -243.9095
9491, 105.4364, -244.3725
9492, 105.4465, -244.8355
9493, 105.4566, -245.2985
9494, 105.4667, -245.7615
9495, 105.4768, -246.2245
9496, 105.4869, -246.6875
9497, 105.4970, -247.1505
9498, 105.5071, -247.6135
9499, 105.5172, -248.0765
9500, 105.5273, -248.5395
9501, 105.5416, -248.8436
9502, 105.5559, -249.1477
9503, 105.5702, -249.4518
9504, 105.5845, -249.7559
9505, 105.5988, -250.0600
9506, 105.6131, -250.3641
9507, 105.6274, -250.6682
9508, 105.6417, -250.9723
9509, 105.6560, -251.2765
9510, 105.6703, -251.5806
9511, 105.6846, -251.8847
9512, 105.6988, -252.1888
9513, 105.7131, -252.4929
9514, 105.7274, -252.7970
9515, 105.7417, -253.1011
9516, 105.7560, -253.4052
9517, 105.7703, -253.7093
9518, 105.7846, -254.0134
9519, 105.7989, -254.3175
9520, 105.8132, -254.6216
9521, 105.8228, -254.9632
9522, 105.8325, -255.3049
9523, 105.8421, -255.6465
9524, 105.8517, -255.9882
9525, 105.8614, -256.3298
9526, 105.8710, -256.6714
9527, 105.8806, -257.0131
9528, 105.8903, -257.3547
9529, 105.8999, -257.6964
9530, 105.9095, -258.0380
9531, 105.9191, -258.3797
9532, 105.9288, -258.7213
9533, 105.9384, -259.0629
9534, 105.9480, -259.4046
9535, 105.9577, -259.7462
9536, 105.9673, -260.0879
9537, 105.9769, -260.4295
9538, 105.9866, -260.7712
9539, 105.9962, -261.1128
9540, 106.0058, -261.4544
9541, 106.0664, -262.2088
9542, 106.1269, -262.9632
9543, 106.1875, -263.7176
9544, 106.2480, -264.4720
9545, 106.3086, -265.2264
9546, 106.3691, -265.9808
9547, 106.4297, -266.7352
9548, 106.4902, -267.4896
9549, 106.5508, -268.2440
9550, 106.6113, -268.9983
9551, 106.6719, -269.7527
9552, 106.7324, -270.5071
9553, 106.7930, -271.2615
9554, 106.8535, -272.0159
9555, 106.9141, -272.7703
9556, 106.9746, -273.5247
9557, 107.0352, -274.2791
9558, 107.0957, -275.0335
9559, 107.1563, -275.7879
9560, 107.2168, -276.5423
9561, 107.1855, -276.5666
9562, 107.1542, -276.5909
9563, 107.1228, -276.6152
9564, 107.0915, -276.6396
9565, 107.0602, -276.6639
9566, 107.0288, -276.6882
9567, 106.9975, -276.7126
9568, 106.9662, -276.7369
9569, 106.9348, -276.7612
9570, 106.9035, -276.7856
9571, 106.8721, -276.8099
9572, 106.8408, -276.8342
9573, 106.8095, -276.8585
9574, 106.7781, -276.8829
9575, 106.7468, -276.9072
9576, 106.7155, -276.9315
9577, 106.6841, -276.9559
9578, 106.6528, -276.9802
9579, 106.6215, -277.0045
9580, 106.5901, -277.0289
9581, 106.7299, -278.5620
9582, 106.8698, -280.0952
9583, 107.0096, -281.6283
9584, 107.1494, -283.1615
9585, 107.2893, -284.6947
9586, 107.4291, -286.2278
9587, 107.5689, -287.7610
9588, 107.7087, -289.2941
9589, 107.8486, -290.8273
9590, 107.9884, -292.3605
9591, 108.1282, -293.8936
9592, 108.2680, -295.4268
9593, 108.4079, -296.9599
9594, 108.5477, -298.4931
9595, 108.6875, -300.0263
9596, 108.8274, -301.5594
9597, 108.9672, -303.0926
9598, 109.1070, -304.6257
9599, 109.2468, -306.1589
9600, 109.3867, -307.6921
9601, 109.3340, -307.3629
9602, 109.2813, -307.0337
9603, 109.2287, -306.7045
9604, 109.1760, -306.3753
9605, 109.1234, -306.0461
9606, 109.0707, -305.7169
9607, 109.0180, -305.3878
9608, 108.9654, -305.0586
9609, 108.9127, -304.7294
9610, 108.8601, -304.4002
9611, 108.8074, -304.0710
9612, 108.7547, -303.7418
9613, 108.7021, -303.4127
9614, 108.6494, -303.0835
9615, 108.5967, -302.7543
9616, 108.5441, -302.4251
9617, 108.4914, -302.0959
9618, 108.4388, -301.7667
9619, 108.3861, -301.4375
9620, 108.3334, -301.1084
9621, 108.4369, -302.3537
9622, 108.5403, -303.5991
9623, 108.6438, -304.8444
9624, 108.7473, -306.0898
9625, 108.8507, -307.3352
9626, 108.9542, -308.5805
9627, 109.0576, -309.8259
9628, 109.1611, -311.0712
9629, 109.2645, -312.3166
9630, 109.3680, -313.5620
9631, 109.4714, -314.8073
9632, 109.5749, -316.0527
9633, 109.6784, -317.2980
9634, 109.7818, -318.5434
9635, 109.8853, -319.7888
9636, 109.9887, -321.0341
9637, 110.0922, -322.2795
9638, 110.1956, -323.5248
9639, 110.2991, -324.7702
9640, 110.4025, -326.0156
9641, 110.1779, -324.1378
9642, 109.9533, -322.2601
9643, 109.7287, -320.3823
9644, 109.5041, -318.5046
9645, 109.2795, -316.6269
9646, 109.0549, -314.7491
9647, 108.8303, -312.8714
9648, 108.6056, -310.9936
9649, 108.3810, -309.1159
9650, 108.1564, -307.2382
9651, 107.9318, -305.3604
9652, 107.7072, -303.4827
9653, 107.4826, -301.6049
9654, 107.2580, -299.7272
9655, 107.0334, -297.8495
9656, 106.8087, -295.9717
9657, 106.5841, -294.0940
9658, 106.3595, -292.2162
9659, 106.1349, -290.3385
9660, 105.9103, -288.4608
9661, 105.8945, -288.5299
9662, 105.8788, -288.5990
9663, 105.8631, -288.6681
9664, 105.8473, -288.7372
9665, 105.8316, -288.8063
9666, 105.8158, -288.8755
9667, 105.8001, -288.9446
9668, 105.7843, -289.0137
9669, 105.7686, -289.0828
9670, 105.7528, -289.1519
9671, 105.7371, -289.2211
9672, 105.7213, -289.2902
9673, 105.7056, -289.3593
9674, 105.6898, -289.4284
9675, 105.6741, -289.4975
9676, 105.6583, -289.5666
9677, 105.6426, -289.6358
9678, 105.6269, -289.7049
9679, 105.6111, -289.7740
9680, 105.5954, -289.8431
9681, 105.6491, -290.6843
9682, 105.7029, -291.5256
9683, 105.7567, -292.3668
9684, 105.8105, -293.2081
9685, 105.8642, -294.0493
9686, 105.9180, -294.8905
9687, 105.9718, -295.7318
9688, 106.0256, -296.5730
9689, 106.0793, -297.4142
9690, 106.1331, -298.2555
9691, 106.1869, -299.0967
9692, 106.2407, -299.9380
9693, 106.2944, -300.7792
9694, 106.3482, -301.6204
9695, 106.4020, -302.4617
9696, 106.4558, -303.3029
9697, 106.5096, -304.1441
9698, 106.5633, -304.9854
9699, 106.6171, -305.8266
9700, 106.6709, -306.6678
9701, 106.7035, -307.1956
9702, 106.7361, -307.7235
9703, 106.7687, -308.2513
9704, 106.8014, -308.7791
9705, 106.8340, -309.3069
9706, 106.8666, -309.8347
9707, 106.8992, -310.3625
9708, 106.9319, -310.8903
9709, 106.9645, -311.4181
9710, 106.9971, -311.9459
9711, 107.0297, -312.4737
9712, 107.0624, -313.0015
9713, 107.0950, -313.5293
9714, 107.1276, -314.0571
9715, 107.1602, -314.5849
9716, 107.1928, -315.1127
9717, 107.2255, -315.6405
9718, 107.2581, -316.1683
9719, 107.2907, -316.6961
9720, 107.3233, -317.2239
9721, 107.4699, -318.9170
9722, 107.6165, -320.6102
9723, 107.7631, -322.3033
9724, 107.9097, -323.9964
9725, 108.0563, -325.6896
9726, 108.2029, -327.3827
9727, 108.3495, -329.0758
9728, 108.4961, -330.7690
9729, 108.6427, -332.4621
9730, 108.7893, -334.1552
9731, 108.9358, -335.8483
9732, 109.0824, -337.5415
9733, 109.2290, -339.2346
9734, 109.3756, -340.9277
9735, 109.5222, -342.6209
9736, 109.6688, -344.3140
9737, 109.8154, -346.0071
9738, 109.9620, -347.7003
9739, 110.1086, -349.3934
9740, 110.2552, -351.0865
9741, 110.1098, -350.0832
9742, 109.9644, -349.0798
9743, 109.8190, -348.0764
9744, 109.6736, -347.0731
9745, 109.5282, -346.0697
9746, 109.3828, -345.0664
9747, 109.2374, -344.0630
9748, 109.0920, -343.0596
9749, 108.9466, -342.0563
9750, 108.8012, -341.0529
9751, 108.6558, -340.0495
9752, 108.5104, -339.0462
9753, 108.3651, -338.0428
9754, 108.2197, -337.0394
9755, 108.0743, -336.0361
9756, 107.9289, -335.0327
9757, 107.7835, -334.0293
9758, 107.6381, -333.0260
9759, 107.4927, -332.0226
9760, 107.3473, -331.0193
9761, 107.3558, -331.2743
9762, 107.3643, -331.5293
9763, 107.3729, -331.7843
9764, 107.3814, -332.0393
9765, 107.3899, -332.2943
9766, 107.3984, -332.5493
9767, 107.4069, -332.8043
9768, 107.4155, -333.0593
9769, 107.4240, -333.3143
9770, 107.4325, -333.5692
9771, 107.4410, -333.8243
9772, 107.4495, -334.0793
9773, 107.4581, -334.3343
9774, 107.4666, -334.5893
9775, 107.4751, -334.8442
9776, 107.4836, -335.0993
9777, 107.4921, -335.3543
9778, 107.5007, -335.6092
9779, 107.5092, -335.8642
9780, 107.5177, -336.1192
9781, 107.5504, -336.8590
9782, 107.5832, -337.5988
9783, 107.6159, -338.3386
9784, 107.6487, -339.0783
9785, 107.6814, -339.8181
9786, 107.7142, -340.5579
9787, 107.7469, -341.2977
9788, 107.7797, -342.0374
9789, 107.8124, -342.7772
9790, 107.8452, -343.5170
9791, 107.8779, -344.2567
9792, 107.9107, -344.9965
9793, 107.9434, -345.7363
9794, 107.9762, -346.4761
9795, 108.0089, -347.2158
9796, 108.0417, -347.9556
9797, 108.0744, -348.6954
9798, 108.1072, -349.4352
9799, 108.1399, -350.1749
9800, 108.1727, -350.9147
9801, 108.1103, -350.5675
9802, 108.0479, -350.2202
9803, 107.9855, -349.8730
9804, 107.9231, -349.5258
9805, 107.8607, -349.1785
9806, 107.7983, -348.8313
9807, 107.7359, -348.4841
9808, 107.6735, -348.1368
9809, 107.6111, -347.7896
9810, 107.5487, -347.4424
9811, 107.4863, -347.0951
9812, 107.4239, -346.7479
9813, 107.3615, -346.4007
9814, 107.2991, -346.0534
9815, 107.2367, -345.7062
9816, 107.1743, -345.3590
9817, 107.1119, -345.0117
9818, 107.0495, -344.6645
9819, 106.9871, -344.3173
9820, 106.9247, -343.9700
9821, 106.9324, -344.3781
9822, 106.9401, -344.7862
9823, 106.9478, -345.1943
9824, 106.9555, -345.6024
9825, 106.9632, -346.0105
9826, 106.9709, -346.4186
9827, 106.9786, -346.8267
9828, 106.9863, -347.2348
9829, 106.9940, -347.6429
9830, 107.0017, -348.0510
9831, 107.0094, -348.4590
9832, 107.0171, -348.8671
9833, 107.0248, -349.2752
9834, 107.0325, -349.6833
9835, 107.0403, -350.0914
9836, 107.0480, -350.4995
9837, 107.0557, -350.9076
9838, 107.0634, -351.3157
9839, 107.0711, -351.7238
9840, 107.0788, -352.1319
9841, 107.0358, -352.0360
9842, 106.9927, -351.9401
9843, 106.9497, -351.8442
9844, 106.9067, -351.7483
9845, 106.8637, -351.6524
9846, 106.8207, -351.5565
9847, 106.7776, -351.4606
9848, 106.7346, -351.3647
9849, 106.6916, -351.2688
9850, 106.6486, -351.1729
9851, 106.6056, -351.0771
9852, 106.5626, -350.9812
9853, 106.5195, -350.8853
9854, 106.4765, -350.7894
9855, 106.4335, -350.6935
9856, 106.3905, -350.5976
9857, 106.3475, -350.5017
9858, 106.3044, -350.4058
9859, 106.2614, -350.3099
9860, 106.2184, -350.2140
9861, 106.1908, -350.3693
9862, 106.1633, -350.5245
9863, 106.1357, -350.6798
9864, 106.1081, -350.8350
9865, 106.0806, -350.9903
9866, 106.0530, -351.1455
9867, 106.0254, -351.3008
9868, 105.9978, -351.4560
9869, 105.9703, -351.6113
9870, 105.9427, -351.7665
9871, 105.9151, -351.9218
9872, 105.8876, -352.0771
9873, 105.8600, -352.2323
9874, 105.8324, -352.3876
9875, 105.8049, -352.5428
9876, 105.7773, -352.6981
9877, 105.7497, -352.8533
9878, 105.7221, -353.0086
9879, 105.6946, -353.1638
9880, 105.6670, -353.3191
9881, 105.5287, -352.3131
9882, 105.3903, -351.3072
9883, 105.2520, -350.3013
9884, 105.1137, -349.2954
9885, 104.9754, -348.2895
9886, 104.8370, -347.2836
9887, 104.6987, -346.2777
9888, 104.5604, -345.2717
9889, 104.4221, -344.2658
9890, 104.2837, -343.2599
9891, 104.1454, -342.2540
9892, 104.0071, -341.2481
9893, 103.8688, -340.2422
9894, 103.7304, -339.2363
9895, 103.5921, -338.2303
9896, 103.4538, -337.2244
9897, 103.3155, -336.2185
9898, 103.1771, -335.2126
9899, 103.0388, -334.2067
9900, 102.9005, -333.2008
9901, 102.9793, -334.0672
9902, 103.0582, -334.9336
9903, 103.1371, -335.8000
9904, 103.2159, -336.6664
9905, 103.2948, -337.5329
9906, 103.3737, -338.3993
9907, 103.4525, -339.2657
9908, 103.5314, -340.1321
9909, 103.6103, -340.9985
9910, 103.6891, -341.8650
9911, 103.7680, -342.7314
9912, 103.8469, -343.5978
9913, 103.9257, -344.4642
9914, 104.0046, -345.3306
9915, 104.0834, -346.1970
9916, 104.1623, -347.0635
9917, 104.2412, -347.9299
9918, 104.3200, -348.7963
9919, 104.3989, -349.6627
9920, 104.4778, -350.5291
9921, 104.3041, -349.1351
9922, 104.1304, -347.7411
9923, 103.9568, -346.3470
9924, 103.7831, -344.9530
9925, 103.6094, -343.5590
9926, 103.4357, -342.1649
9927, 103.2621, -340.7709
9928, 103.0884, -339.3769
9929, 102.9147, -337.9828
9930, 102.7410, -336.5888
9931, 102.5674, -335.1948
9932, 102.3937, -333.8007
9933, 102.2200, -332.4067
9934, 102.0464, -331.0127
9935, 101.8727, -329.6186
9936, 101.6990, -328.2246
9937, 101.5253, -326.8306
9938, 101.3517, -325.4365
9939, 101.1780, -324.0425
9940, 101.0043, -322.6484
9941, 100.9434, -322.1243
9942, 100.8824, -321.6001
9943, 100.8215, -321.0759
9944, 100.7606, -320.5517
9945, 100.6996, -320.0275
9946, 100.6387, -319.5033
9947, 100.5778, -318.9791
9948, 100.5168, -318.4549
9949, 100.4559, -317.9307
9950, 100.3949, -317.4065
9951, 100.3340, -316.8823
9952, 100.2731, -316.3581
9953, 100.2121, -315.8339
9954, 100.1512, -315.3097
9955, 100.0902, -314.7855
9956, 100.0293, -314.2614
9957, 99.9684, -313.7372
9958, 99.9074, -313.2130
9959, 99.8465, -312.6888
9960, 99.7856, -312.1646
9961, 99.8749, -313.0149
9962, 99.9642, -313.8652
9963, 100.0535, -314.7155
9964, 100.1428, -315.5658
9965, 100.2321, -316.4162
9966, 100.3214, -317.2665
9967, 100.4107, -318.1168
9968, 100.5000, -318.9671
9969, 100.5893, -319.8174
9970, 100.6786, -320.6677
9971, 100.7679, -321.5180
9972, 100.8572, -322.3683
9973, 100.9465, -323.2187
9974, 101.0358, -324.0690
9975, 101.1251, -324.9193
9976, 101.2145, -325.7696
9977, 101.3038, -326.6199
9978, 101.3931, -327.4702
9979, 101.4824, -328.3205
9980, 101.5717, -329.1709
9981, 101.5101, -328.6203
9982, 101.4486, -328.0697
9983, 101.3871, -327.5191
9984, 101.3255, -326.9685
9985, 101.2640, -326.4179
9986, 101.2025, -325.8673
9987, 101.1409, -325.3168
9988, 101.0794, -324.7662
9989, 101.0179, -324.2156
9990, 100.9563, -323.6650
9991, 100.8948, -323.1144
9992, 100.8333, -322.5638
9993, 100.7717, -322.0132
9994, 100.7102, -321.4626
9995, 100.6487, -320.9120
9996, 100.5871, -320.3615
9997, 100.5256, -319.8109
9998, 100.4641, -319.2603
9999, 100.4025, -318.7097
10000, 100.3410, -318.1591
10001, 100.5589, -320.0157
10002, 100.7768, -321.8722
10003, 100.9946, -323.7288
10004, 101.2125, -325.5854
10005, 101.4304, -327.4419
10006, 101.6483, -329.2985
10007, 101.8662, -331.1551
10008, 102.0841, -333.0116
10009, 102.3020, -334.8682
10010, 102.5198, -336.7248
10011, 102.7377, -338.5813
10012, 102.9556, -340.4379
10013, 103.1735, -342.2944
10014, 103.3914, -344.1510
10015, 103.6093, -346.0076
10016, 103.8271, -347.8642
10017, 104.0450, -349.7207
10018, 104.2629, -351.5773
10019, 104.4808, -353.4339
10020, 104.6987, -355.2904
10021, 104.6600, -354.7342
10022, 104.6212, -354.1780
10023, 104.5825, -353.6217
10024, 104.5437, -353.0655
10025, 104.5050, -352.5093
10026, 104.4663, -351.9530
10027, 104.4275, -351.3968
10028, 104.3888, -350.8406
10029, 104.3501, -350.2844
10030, 104.3114, -349.7281
10031, 104.2726, -349.1719
10032, 104.2339, -348.6157
10033, 104.1952, -348.0594
10034, 104.1564, -347.5032
10035, 104.1177, -346.9470
10036, 104.0790, -346.3908
10037, 104.0402, -345.8345
10038, 104.0015, -345.2783
10039, 103.9628, -344.7221
10040, 103.9240, -344.1658
10041, 103.9757, -344.5246
10042, 104.0275, -344.8834
10043, 104.0792, -345.2421
10044, 104.1309, -345.6008
10045, 104.1826, -345.9596
10046, 104.2343, -346.3184
10047, 104.2860, -346.6771
10048, 104.3378, -347.0358
10049, 104.3895, -347.3946
10050, 104.4412, -347.7533
10051, 104.4929, -348.1121
10052, 104.5446, -348.4709
10053, 104.5964, -348.8296
10054, 104.6481, -349.1883
10055, 104.6998, -349.5471
10056, 104.7515, -349.9059
10057, 104.8032, -350.2646
10058, 104.8550, -350.6233
10059, 104.9067, -350.9821
10060, 104.9584, -351.3408
10061, 104.9961, -351.6387
10062, 105.0338, -351.9365
10063, 105.0714, -352.2344
10064, 105.1091, -352.5322
10065, 105.1468, -352.8300
10066, 105.1845, -353.1279
10067, 105.2222, -353.4257
10068, 105.2598, -353.7236
10069, 105.2975, -354.0214
10070, 105.3352, -354.3193
10071, 105.3729, -354.6171
10072, 105.4106, -354.9149
10073, 105.4482, -355.2128
10074, 105.4859, -355.5106
10075, 105.5236, -355.8085
10076, 105.5613, -356.1063
10077, 105.5990, -356.4041
10078, 105.6367, -356.7020
10079, 105.6743, -356.9998
10080, 105.7120, -357.2977
10081, 105.6724, -356.6121
10082, 105.6327, -355.9266
10083, 105.5931, -355.2410
10084, 105.5535, -354.5555
10085, 105.5138, -353.8699
10086, 105.4742, -353.1844
10087, 105.4345, -352.4988
10088, 105.3949, -351.8133
10089, 105.3553, -351.1277
10090, 105.3156, -350.4422
10091, 105.2760, -349.7566
10092, 105.2363, -349.0711
10093, 105.1967, -348.3855
10094, 105.1571, -347.7000
10095, 105.1174, -347.0144
10096, 105.0778, -346.3289
10097, 105.0381, -345.6434
10098, 104.9985, -344.9578
10099, 104.9589, -344.2722
10100, 104.9192, -343.5867
10101, 104.9547, -343.7112
10102, 104.9901, -343.8357
10103, 105.0256, -343.9602
10104, 105.0610, -344.0847
10105, 105.0965, -344.2093
10106, 105.1320, -344.3338
10107, 105.1674, -344.4583
10108, 105.2029, -344.5828
10109, 105.2383, -344.7073
10110, 105.2738, -344.8318
10111, 105.3092, -344.9563
10112, 105.3447, -345.0808
10113, 105.3801, -345.2054
10114, 105.4156, -345.3299
10115, 105.4510, -345.4544
10116, 105.4865, -345.5789
10117, 105.5219, -345.7034
10118, 105.5574, -345.8279
10119, 105.5928, -345.9524
10120, 105.6283, -346.0770
10121, 105.7433, -347.0082
10122, 105.8583, -347.9394
10123, 105.9733, -348.8707
10124, 106.0883, -349.8019
10125, 106.2033, -350.7331
10126, 106.3183, -351.6644
10127, 106.4333, -352.5956
10128, 106.5483, -353.5268
10129, 106.6633, -354.4581
10130, 106.7783, -355.3893
10131, 106.8933, -356.3205
10132, 107.0083, -357.2518
10133, 107.1233, -358.1830
10134, 107.2383, -359.1142
10135, 107.3533, -360.0455
10136, 107.4683, -360.9767
10137, 107.5833, -361.9079
10138, 107.6983, -362.8392
10139, 107.8133, -363.7704
10140, 107.9284, -364.7016
10141, 107.8823, -364.0601
10142, 107.8362, -363.4186
10143, 107.7902, -362.7771
10144, 107.7441, -362.1356
10145, 107.6980, -361.4940
10146, 107.6520, -360.8525
10147, 107.6059, -360.2110
10148, 107.5599, -359.5695
10149, 107.5138, -358.9279
10150, 107.4677, -358.2864
10151, 107.4217, -357.6449
10152, 107.3756, -357.0033
10153, 107.3296, -356.3618
10154, 107.2835, -355.7203
10155, 107.2374, -355.0788
10156, 107.1914, -354.4373
10157, 107.1453, -353.7957
10158, 107.0992, -353.1542
10159, 107.0532, -352.5127
10160, 107.0071, -351.8712
10161, 107.2516, -353.9901
10162, 107.4961, -356.1090
10163, 107.7405, -358.2279
10164, 107.9850, -360.3469
10165, 108.2295, -362.4658
10166, 108.4739, -364.5847
10167, 108.7184, -366.7036
10168, 108.9629, -368.8226
10169, 109.2073, -370.9415
10170, 109.4518, -373.0604
10171, 109.6963, -375.1793
10172, 109.9407, -377.2983
10173, 110.1852, -379.4172
10174, 110.4297, -381.5361
10175, 110.6741, -383.6550
10176, 110.9186, -385.7740
10177, 111.1631, -387.8929
10178, 111.4075, -390.0118
10179, 111.6520, -392.1307
10180, 111.8965, -394.2497
10181, 111.7829, -392.9843
10182, 111.6693, -391.7189
10183, 111.5558, -390.4535
10184, 111.4422, -389.1881
10185, 111.3286, -387.9227
10186, 111.2151, -386.6573
10187, 111.1015, -385.3919
10188, 110.9879, -384.1265
10189, 110.8744, -382.8611
10190, 110.7608, -381.5957
10191, 110.6472, -380.3303
10192, 110.5337, -379.0649
10193, 110.4201, -377.7996
10194, 110.3065, -376.5342
10195, 110.1930, -375.2688
10196, 110.0794, -374.0034
10197, 109.9658, -372.7380
10198, 109.8522, -371.4726
10199, 109.7387, -370.2072
10200, 109.6251, -368.9418
10201, 109.6001, -368.4568
10202, 109.5751, -367.9718
10203, 109.5501, -367.4868
10204, 109.5252, -367.0018
10205, 109.5002, -366.5168
10206, 109.4752, -366.0318
10207, 109.4502, -365.5468
10208, 109.4252, -365.0618
10209, 109.4002, -364.5769
10210, 109.3752, -364.0919
10211, 109.3503, -363.6069
10212, 109.3253, -363.1219
10213, 109.3003, -362.6369
10214, 109.2753, -362.1519
10215, 109.2503, -361.6669
10216, 109.2253, -361.1819
10217, 109.2003, -360.6969
10218, 109.1753, -360.2119
10219, 109.1504, -359.7269
10220, 109.1254, -359.2419
10221, 109.0609, -358.5155
10222, 108.9965, -357.7890
10223, 108.9320, -357.0625
10224, 108.8676, -356.3361
10225, 108.8032, -355.6096
10226, 108.7387, -354.8832
10227, 108.6743, -354.1567
10228, 108.6099, -353.4302
10229, 108.5454, -352.7038
10230, 108.4810, -351.9773
10231, 108.4165, -351.2509
10232, 108.3521, -350.5244
10233, 108.2877, -349.7980
10234, 108.2232, -349.0715
10235, 108.1588, -348.3450
10236, 108.0943, -347.6186
10237, 108.0299, -346.8921
10238, 107.9655, -346.1657
10239, 107.9010, -345.4392
10240, 107.8366, -344.7127
10241, 107.9051, -345.1595
10242, 107.9735, -345.6062
10243, 108.0420, -346.0530
10244, 108.1104, -346.4997
10245, 108.1789, -346.9465
10246, 108.2474, -347.3932
10247, 108.3158, -347.8400
10248, 108.3843, -348.2867
10249, 108.4528, -348.7335
10250, 108.5212, -349.1802
10251, 108.5897, -349.6270
10252, 108.6582, -350.0737
10253, 108.7266, -350.5205
10254, 108.7951, -350.9672
10255, 108.8636, -351.4140
10256, 108.9320, -351.8607
10257, 109.0005, -352.3074
10258, 109.0689, -352.7542
10259, 109.1374, -353.2009
10260, 109.2059, -353.6477
10261, 109.1396, -352.8751
10262, 109.0734, -352.1026
10263, 109.0072, -351.3300
10264, 108.9410, -350.5575
10265, 108.8747, -349.7849
10266, 108.8085, -349.0124
10267, 108.7423, -348.2398
10268, 108.6761, -347.4673
10269, 108.6098, -346.6947
10270, 108.5436, -345.9222
10271, 108.4774, -345.1496
10272, 108.4112, -344.3771
10273, 108.3449, -343.6045
10274, 108.2787, -342.8320
10275, 108.2125, -342.0594
10276, 108.1463, -341.2869
10277, 108.0800, -340.5143
10278, 108.0138, -339.7418
10279, 107.9476, -338.9692
10280, 107.8814, -338.1967
10281, 107.8829, -338.1172
10282, 107.8844, -338.0378
10283, 107.8859, -337.9584
10284, 107.8875, -337.8790
10285, 107.8890, -337.7995
10286, 107.8905, -337.7201
10287, 107.8920, -337.6406
10288, 107.8936, -337.5612
10289, 107.8951, -337.4818
10290, 107.8966, -337.4024
10291, 107.8982, -337.3229
10292, 107.8997, -337.2435
10293, 107.9012, -337.1641
10294, 107.9027, -337.0846
10295, 107.9043, -337.0052
10296, 107.9058, -336.9258
10297, 107.9073, -336.8463
10298, 107.9089, -336.7669
10299, 107.9104, -336.6875
10300, 107.9119, -336.6080
10301, 107.9827, -337.0769
10302, 108.0535, -337.5458
10303, 108.1243, -338.0147
10304, 108.1952, -338.4836
10305, 108.2660, -338.9525
10306, 108.3368, -339.4214
10307, 108.4076, -339.8903
10308, 108.4784, -340.3592
10309, 108.5492, -340.8281
10310, 108.6200, -341.2970
10311, 108.6908, -341.7659
10312, 108.7616, -342.2348
10313, 108.8325, -342.7037
10314, 108.9033, -343.1726
10315, 108.9741, -343.6415
10316, 109.0449, -344.1104
10317, 109.1157, -344.5793
10318, 109.1865, -345.0482
10319, 109.2573, -345.5171
10320, 109.3281, -345.9860
10321, 109.3366, -346.1315
10322, 109.3451, -346.2771
10323, 109.3536, -346.4227
10324, 109.3621, -346.5683
10325, 109.3706, -346.7138
10326, 109.3791, -346.8594
10327, 109.3876, -347.0050
10328, 109.3961, -347.1506
10329, 109.4046, -347.2961
10330, 109.4131, -347.4417
10331, 109.4216, -347.5873
10332, 109.4301, -347.7329
10333, 109.4386, -347.8784
10334, 109.4471, -348.0240
10335, 109.4556, -348.1696
10336, 109.4641, -348.3151
10337, 109.4726, -348.4607
10338, 109.4811, -348.6063
10339, 109.4896, -348.7519
10340, 109.4981, -348.8974
10341, 109.5247, -349.0636
10342, 109.5513, -349.2298
10343, 109.5779, -349.3960
10344, 109.6045, -349.5622
10345, 109.6310, -349.7284
10346, 109.6576, -349.8946
10347, 109.6842, -350.0608
10348, 109.7108, -350.2270
10349, 109.7374, -350.3932
10350, 109.7639, -350.5594
10351, 109.7905, -350.7256
10352, 109.8171, -350.8918
10353, 109.8437, -351.0580
10354, 109.8703, -351.2242
10355, 109.8969, -351.3904
10356, 109.9234, -351.5566
10357, 109.9500, -351.7228
10358, 109.9766, -351.8890
10359, 110.0032, -352.0552
10360, 110.0298, -352.2214
10361, 109.9523, -351.6734
10362, 109.8748, -351.1254
10363, 109.7973, -350.5775
10364, 109.7198, -350.0295
10365, 109.6424, -349.4815
10366, 109.5649, -348.9335
10367, 109.4874, -348.3856
10368, 109.4099, -347.8376
10369, 109.3324, -347.2896
10370, 109.2550, -346.7416
10371, 109.1775, -346.1937
10372, 109.1000, -345.6457
10373, 109.0225, -345.0977
10374, 108.9450, -344.5497
10375, 108.8676, -344.0018
10376, 108.7901, -343.4538
10377, 108.7126, -342.9058
10378, 108.6351, -342.3579
10379, 108.5576, -341.8099
10380, 108.4802, -341.2619
10381, 108.5657, -342.2010
10382, 108.6513, -343.1402
10383, 108.7369, -344.0793
10384, 108.8225, -345.0184
10385, 108.9081, -345.9575
10386, 108.9937, -346.8967
10387, 109.0793, -347.8358
10388, 109.1649, -348.7749
10389, 109.2505, -349.7140
10390, 109.3361, -350.6532
10391, 109.4217, -351.5923
10392, 109.5073, -352.5314
10393, 109.5929, -353.4706
10394, 109.6785, -354.4097
10395, 109.7640, -355.3488
10396, 109.8496, -356.2879
10397, 109.9352, -357.2271
10398, 110.0208, -358.1662
10399, 110.1064, -359.1053
10400, 110.1920, -360.0444
10401, 110.0791, -359.0249
10402, 109.9661, -358.0053
10403, 109.8532, -356.9857
10404, 109.7402, -355.9661
10405, 109.6272, -354.9466
10406, 109.5143, -353.9270
10407, 109.4013, -352.9074
10408, 109.2884, -351.8878
10409, 109.1754, -350.8683
10410, 109.0625, -349.8487
10411, 108.9495, -348.8291
10412, 108.8366, -347.8095
10413, 108.7236, -346.7899
10414, 108.6107, -345.7704
10415, 108.4977, -344.7508
10416, 108.3848, -343.7312
10417, 108.2718, -342.7116
10418, 108.1589, -341.6920
10419, 108.0459, -340.6725
10420, 107.9330, -339.6529
10421, 107.9793, -340.3628
10422, 108.0256, -341.0728
10423, 108.0719, -341.7827
10424, 108.1182, -342.4926
10425, 108.1645, -343.2026
10426, 108.2108, -343.9125
10427, 108.2571, -344.6224
10428, 108.3034, -345.3323
10429, 108.3497, -346.0423
10430, 108.3960, -346.7522
10431, 108.4423, -347.4621
10432, 108.4886, -348.1721
10433, 108.5349, -348.8820
10434, 108.5812, -349.5919
10435, 108.6275, -350.3019
10436, 108.6738, -351.0118
10437, 108.7201, -351.7217
10438, 108.7664, -352.4317
10439, 108.8127, -353.1416
10440, 108.8590, -353.8515
10441, 109.0405, -355.5042
10442, 109.2220, -357.1570
10443, 109.4035, -358.8097
10444, 109.5851, -360.4624
10445, 109.7666, -362.1151
10446, 109.9481, -363.7678
10447, 110.1296, -365.4205
10448, 110.3112, -367.0733
10449, 110.4927, -368.7260
10450, 110.6742, -370.3787
10451, 110.8557, -372.0314
10452, 111.0372, -373.6841
10453, 111.2188, -375.3369
10454, 111.4003, -376.9896
10455, 111.5818, -378.6423
10456, 111.7633, -380.2950
10457, 111.9449, -381.9477
10458, 112.1264, -383.6004
10459, 112.3079, -385.2532
10460, 112.4894, -386.9059
10461, 112.3304, -385.4372
10462, 112.1713, -383.9686
10463, 112.0122, -382.4999
10464, 111.8531, -381.0313
10465, 111.6940, -379.5626
10466, 111.5350, -378.0939
10467, 111.3759, -376.6253
10468, 111.2168, -375.1566
10469, 111.0577, -373.6880
10470, 110.8986, -372.2193
10471, 110.7396, -370.7507
10472, 110.5805, -369.2820
10473, 110.4214, -367.8134
10474, 110.2623, -366.3447
10475, 110.1032, -364.8760
10476, 109.9441, -363.4074
10477, 109.7851, -361.9387
10478, 109.6260, -360.4701
10479, 109.4669, -359.0014
10480, 109.3078, -357.5328
10481, 109.3026, -357.4252
10482, 109.2974, -357.3176
10483, 109.2922, -357.2101
10484, 109.2870, -357.1025
10485, 109.2818, -356.9949
10486, 109.2766, -356.8874
10487, 109.2714, -356.7798
10488, 109.2662, -356.6722
10489, 109.2610, -356.5646
10490, 109.2558, -356.4571
10491, 109.2506, -356.3495
10492, 109.2454, -356.2419
10493, 109.2402, -356.1344
10494, 109.2350, -356.0268
10495, 109.2298, -355.9192
10496, 109.2246, -355.8117
10497, 109.2194, -355.7041
10498, 109.2141, -355.5965
10499, 109.2089, -355.4890
10500, 109.2037, -355.3814
10501, 109.1470, -354.6031
10502, 109.0903, -353.8248
10503, 109.0336, -353.0465
10504, 108.9768, -352.2682
10505, 108.9201, -351.4899
10506, 108.8634, -350.7116
10507, 108.8067, -349.9333
10508, 108.7499, -349.1550
10509, 108.6932, -348.3767
10510, 108.6365, -347.5984
10511, 108.5798, -346.8201
10512, 108.5230, -346.0418
10513, 108.4663, -345.2635
10514, 108.4096, -344.4852
10515, 108.3529, -343.7069
10516, 108.2961, -342.9286
10517, 108.2394, -342.1503
10518, 108.1827, -341.3720
10519, 108.1259, -340.5937
10520, 108.0692, -339.8154
10521, 108.1874, -340.7731
10522, 108.3057, -341.7308
10523, 108.4239, -342.6885
10524, 108.5421, -343.6462
10525, 108.6603, -344.6039
10526, 108.7785, -345.5616
10527, 108.8967, -346.5193
10528, 109.0149, -347.4769
10529, 109.1332, -348.4346
10530, 109.2514, -349.3923
10531, 109.3696, -350.3500
10532, 109.4878, -351.3077
10533, 109.6060, -352.2654
10534, 109.7242, -353.2231
10535, 109.8424, -354.1808
10536, 109.9607, -355.1385
10537, 110.0789, -356.0962
10538, 110.1971, -357.0538
10539, 110.3153, -358.0115
10540, 110.4335, -358.9692
10541, 110.3430, -357.7312
10542, 110.2525, -356.4932
10543, 110.1619, -355.2552
10544, 110.0714, -354.0172
10545, 109.9809, -352.7791
10546, 109.8903, -351.5411
10547, 109.7998, -350.3031
10548, 109.7093, -349.0651
10549, 109.6187, -347.8271
10550, 109.5282, -346.5890
10551, 109.4377, -345.3510
10552, 109.3472, -344.1130
10553, 109.2566, -342.8750
10554, 109.1661, -341.6370
10555, 109.0756, -340.3990
10556, 108.9850, -339.1609
10557, 108.8945, -337.9229
10558, 108.8040, -336.6849
10559, 108.7134, -335.4469
10560, 108.6229, -334.2089
10561, 108.7936, -335.6975
10562, 108.9642, -337.1861
10563, 109.1349, -338.6748
10564, 109.3055, -340.1634
10565, 109.4762, -341.6520
10566, 109.6468, -343.1407
10567, 109.8175, -344.6293
10568, 109.9882, -346.1179
10569, 110.1588, -347.6066
10570, 110.3295, -349.0952
10571, 110.5001, -350.5838
10572, 110.6708, -352.0724
10573, 110.8414, -353.5611
10574, 111.0121, -355.0497
10575, 111.1827, -356.5383
10576, 111.3534, -358.0270
10577, 111.5240, -359.5156
10578, 111.6947, -361.0043
10579, 111.8654, -362.4929
10580, 112.0360, -363.9815
10581, 112.0648, -363.6380
10582, 112.0936, -363.2945
10583, 112.1224, -362.9510
10584, 112.1513, -362.6075
10585, 112.1801, -362.2640
10586, 112.2089, -361.9205
10587, 112.2377, -361.5770
10588, 112.2665, -361.2335
10589, 112.2953, -360.8899
10590, 112.3242, -360.5464
10591, 112.3530, -360.2029
10592, 112.3818, -359.8594
10593, 112.4106, -359.5159
10594, 112.4394, -359.1724
10595, 112.4682, -358.8289
10596, 112.4970, -358.4854
10597, 112.5259, -358.1419
10598, 112.5547, -357.7984
10599, 112.5835, -357.4549
10600, 112.6123, -357.1114
10601, 112.4183, -354.9545
10602, 112.2242, -352.7976
10603, 112.0302, -350.6407
10604, 111.8362, -348.4838
10605, 111.6421, -346.3269
10606, 111.4481, -344.1700
10607, 111.2541, -342.0131
10608, 111.0601, -339.8562
10609, 110.8660, -337.6993
10610, 110.6720, -335.5424
10611, 110.4780, -333.3855
10612, 110.2839, -331.2286
10613, 110.0899, -329.0717
10614, 109.8959, -326.9148
10615, 109.7018, -324.7579
10616, 109.5078, -322.6010
10617, 109.3138, -320.4442
10618, 109.1197, -318.2873
10619, 108.9257, -316.1304
10620, 108.7317, -313.9735
10621, 108.8146, -314.7190
10622, 108.8975, -315.4646
10623, 108.9805, -316.2102
10624, 109.0634, -316.9558
10625, 109.1463, -317.7013
10626, 109.2293, -318.4469
10627, 109.3122, -319.1925
10628, 109.3951, -319.9381
10629, 109.4781, -320.6836
10630, 109.5610, -321.4292
10631, 109.6439, -322.1748
10632, 109.7269, -322.9203
10633, 109.8098, -323.6659
10634, 109.8927, -324.4115
10635, 109.9757, -325.1571
10636, 110.0586, -325.9026
10637, 110.1415, -326.6482
10638, 110.2245, -327.3938
10639, 110.3074, -328.1393
10640, 110.3903, -328.8849
10641, 110.3916, -328.9244
10642, 110.3928, -328.9639
10643, 110.3941, -329.0034
10644, 110.3953, -329.0429
10645, 110.3966, -329.0824
10646, 110.3978, -329.1219
10647, 110.3991, -329.1615
10648, 110.4003, -329.2010
10649, 110.4016, -329.2405
10650, 110.4029, -329.2800
10651, 110.4041, -329.3195
10652, 110.4054, -329.3590
10653, 110.4066, -329.3985
10654, 110.4079, -329.4380
10655, 110.4091, -329.4775
10656, 110.4104, -329.5170
10657, 110.4116, -329.5565
10658, 110.4129, -329.5960
10659, 110.4141, -329.6355
10660, 110.4154, -329.6750
10661, 110.3169, -328.8521
10662, 110.2184, -328.0292
10663, 110.1200, -327.2064
10664, 110.0215, -326.3835
10665, 109.9230, -325.5606
10666, 109.8246, -324.7377
10667, 109.7261, -323.9148
10668, 109.6276, -323.0919
10669, 109.5292, -322.2690
10670, 109.4307, -321.4461
10671, 109.3323, -320.6232
10672, 109.2338, -319.8003
10673, 109.1353, -318.9774
10674, 109.0369, -318.1545
10675, 108.9384, -317.3316
10676, 108.8399, -316.5088
10677, 108.7415, -315.6859
10678, 108.6430, -314.8630
10679, 108.5445, -314.0401
10680, 108.4461, -313.2172
10681, 108.5408, -314.3267
10682, 108.6356, -315.4361
10683, 108.7303, -316.5456
10684, 108.8251, -317.6551
10685, 108.9199, -318.7646
10686, 109.0146, -319.8741
10687, 109.1094, -320.9835
10688, 109.2042, -322.0930
10689, 109.2989, -323.2025
10690, 109.3937, -324.3120
10691, 109.4884, -325.4215
10692, 109.5832, -326.5309
10693, 109.6780, -327.6404
10694, 109.7727, -328.7499
10695, 109.8675, -329.8594
10696, 109.9622, -330.9688
10697, 110.0570, -332.0783
10698, 110.1518, -333.1878
10699, 110.2465, -334.2973
10700, 110.3413, -335.4068
10701, 110.3688, -335.7768
10702, 110.3964, -336.1469
10703, 110.4240, -336.5170
10704, 110.4515, -336.8871
10705, 110.4791, -337.2572
10706, 110.5067, -337.6272
10707, 110.5342, -337.9973
10708, 110.5618, -338.3674
10709, 110.5894, -338.7375
10710, 110.6169, -339.1076
10711, 110.6445, -339.4777
10712, 110.6721, -339.8477
10713, 110.6996, -340.2178
10714, 110.7272, -340.5879
10715, 110.7548, -340.9580
10716, 110.7823, -341.3281
10717, 110.8099, -341.6981
10718, 110.8375, -342.0682
10719, 110.8650, -342.4383
10720, 110.8926, -342.8084
10721, 110.8996, -342.5730
10722, 110.9066, -342.3376
10723, 110.9136, -342.1023
10724, 110.9206, -341.8669
10725, 110.9276, -341.6315
10726, 110.9347, -341.3961
10727, 110.9417, -341.1608
10728, 110.9487, -340.9254
10729, 110.9557, -340.6900
10730, 110.9627, -340.4547
10731, 110.9697, -340.2193
10732, 110.9767, -339.9839
10733, 110.9837, -339.7485
10734, 110.9908, -339.5132
10735, 110.9978, -339.2778
10736, 111.0048, -339.0424
10737, 111.0118, -338.8070
10738, 111.0188, -338.5717
10739, 111.0258, -338.3363
10740, 111.0328, -338.1009
10741, 111.1045, -338.9575
10742, 111.1761, -339.8141
10743, 111.2477, -340.6707
10744, 111.3193, -341.5272
10745, 111.3910, -342.3838
10746, 111.4626, -343.2404
10747, 111.5342, -344.0970
10748, 111.6058, -344.9536
10749, 111.6775, -345.8102
10750, 111.7491, -346.6667
10751, 111.8207, -347.5233
10752, 111.8923, -348.3799
10753, 111.9640, -349.2365
10754, 112.0356, -350.0931
10755, 112.1072, -350.9496
10756, 112.1789, -351.8062
10757, 112.2505, -352.6628
10758, 112.3221, -353.5194
10759, 112.3937, -354.3760
10760, 112.4654, -355.2326
10761, 112.5241, -355.7290
10762, 112.5828, -356.2254
10763, 112.6415, -356.7219
10764, 112.7003, -357.2183
10765, 112.7590, -357.7147
10766, 112.8177, -358.2112
10767, 112.8765, -358.7076
10768, 112.9352, -359.2040
10769, 112.9939, -359.7005
10770, 113.0527, -360.1969
10771, 113.1114, -360.6933
10772, 113.1701, -361.1898
10773, 113.2288, -361.6862
10774, 113.2876, -362.1827
10775, 113.3463, -362.6791
10776, 113.4050, -363.1755
10777, 113.4638, -363.6720
10778, 113.5225, -364.1684
10779, 113.5812, -364.6648
10780, 113.6399, -365.1613
10781, 113.5188, -364.2792
10782, 113.3977, -363.3972
10783, 113.2766, -362.5152
10784, 113.1555, -361.6332
10785, 113.0343, -360.7511
10786, 112.9132, -359.8691
10787, 112.7921, -358.9871
10788, 112.6710, -358.1051
10789, 112.5499, -357.2230
10790, 112.4288, -356.3410
10791, 112.3076, -355.4590
10792, 112.1865, -354.5770
10793, 112.0654, -353.6949
10794, 111.9443, -352.8129
10795, 111.8232, -351.9309
10796, 111.7020, -351.0489
10797, 111.5809, -350.1668
10798, 111.4598, -349.2848
10799, 111.3387, -348.4028
10800, 111.2176, -347.5208
10801, 111.2435, -347.7764
10802, 111.2695, -348.0321
10803, 111.2954, -348.2877
10804, 111.3214, -348.5434
10805, 111.3473, -348.7991
10806, 111.3733, -349.0547
10807, 111.3992, -349.3104
10808, 111.4252, -349.5660
10809, 111.4511, -349.8217
10810, 111.4771, -350.0774
10811, 111.5031, -350.3330
10812, 111.5290, -350.5887
10813, 111.5550, -350.8443
10814, 111.5809, -351.1000
10815, 111.6069, -351.3557
10816, 111.6328, -351.6113
10817, 111.6588, -351.8670
10818, 111.6847, -352.1226
10819, 111.7107, -352.3783
10820, 111.7367, -352.6339
10821, 111.6273, -351.8474
10822, 111.5179, -351.0608
10823, 111.4085, -350.2742
10824, 111.2992, -349.4876
10825, 111.1898, -348.7010
10826, 111.0804, -347.9145
10827, 110.9710, -347.1279
10828, 110.8617, -346.3413
10829, 110.7523, -345.5547
10830, 110.6429, -344.7682
10831, 110.5335, -343.9816
10832, 110.4242, -343.1950
10833, 110.3148, -342.4084
10834, 110.2054, -341.6218
10835, 110.0961, -340.8353
10836, 109.9867, -340.0487
10837, 109.8773, -339.2621
10838, 109.7679, -338.4755
10839, 109.6586, -337.6889
10840, 109.5492, -336.9024
10841, 109.6225, -337.7632
10842, 109.6958, -338.6239
10843, 109.7691, -339.4847
10844, 109.8424, -340.3455
10845, 109.9157, -341.2063
10846, 109.9890, -342.0671
10847, 110.0623, -342.9279
10848, 110.1355, -343.7887
10849, 110.2088, -344.6495
10850, 110.2821, -345.5102
10851, 110.3554, -346.3710
10852, 110.4287, -347.2318
10853, 110.5020, -348.0926
10854, 110.5753, -348.9534
10855, 110.6486, -349.8142
10856, 110.7219, -350.6750
10857, 110.7952, -351.5358
10858, 110.8685, -352.3966
10859, 110.9418, -353.2573
10860, 111.0151, -354.1181
10861, 110.9125, -353.3120
10862, 110.8098, -352.5059
10863, 110.7072, -351.6998
10864, 110.6045, -350.8938
10865, 110.5019, -350.0877
10866, 110.3993, -349.2816
10867, 110.2966, -348.4755
10868, 110.1940, -347.6694
10869, 110.0914, -346.8633
10870, 109.9887, -346.0572
10871, 109.8861, -345.2511
10872, 109.7835, -344.4450
10873, 109.6808, -343.6389
10874, 109.5782, -342.8328
10875, 109.4755, -342.0267
10876, 109.3729, -341.2206
10877, 109.2703, -340.4145
10878, 109.1676, -339.6084
10879, 109.0650, -338.8023
10880, 108.9624, -337.9962
10881, 108.9807, -338.4114
10882, 108.9990, -338.8266
10883, 109.0173, -339.2418
10884, 109.0356, -339.6570
10885, 109.0540, -340.0721
10886, 109.0723, -340.4873
10887, 109.0906, -340.9025
10888, 109.1089, -341.3177
10889, 109.1273, -341.7329
10890, 109.1456, -342.1481
10891, 109.1639, -342.5633
10892, 109.1822, -342.9784
10893, 109.2006, -343.3936
10894, 109.2189, -343.8088
10895, 109.2372, -344.2240
10896, 109.2555, -344.6392
10897, 109.2738, -345.0544
10898, 109.2922, -345.4696
10899, 109.3105, -345.8847
10900, 109.3288, -346.2999
10901, 109.3624, -346.7773
10902, 109.3961, -347.2547
10903, 109.4297, -347.7321
10904, 109.4634, -348.2096
10905, 109.4970, -348.6870
10906, 109.5307, -349.1644
10907, 109.5643, -349.6418
10908, 109.5979, -350.1192
10909, 109.6316, -350.5966
10910, 109.6652, -351.0740
10911, 109.6989, -351.5514
10912, 109.7325, -352.0288
10913, 109.7661, -352.5062
10914, 109.7998, -352.9836
10915, 109.8334, -353.4610
10916, 109.8671, -353.9384
10917, 109.9007, -354.4158
10918, 109.9343, -354.8932
10919, 109.9680, -355.3706
10920, 110.0016, -355.8480
10921, 109.9797, -355.8721
10922, 109.9578, -355.8961
10923, 109.9359, -355.9202
10924, 109.9140, -355.9443
10925, 109.8921, -355.9683
10926, 109.8702, -355.9924
10927, 109.8483, -356.0164
10928, 109.8263, -356.0405
10929, 109.8044, -356.0645
10930, 109.7825, -356.0886
10931, 109.7606, -356.1126
10932, 109.7387, -356.1367
10933, 109.7168, -356.1607
10934, 109.6949, -356.1848
10935, 109.6730, -356.2088
10936, 109.6511, -356.2329
10937, 109.6292, -356.2569
10938, 109.6073, -356.2810
10939, 109.5853, -356.3050
10940, 109.5634, -356.3291
10941, 109.4694, -355.6623
10942, 109.3755, -354.9955
10943, 109.2815, -354.3287
10944, 109.1875, -353.6619
10945, 109.0935, -352.9951
10946, 108.9995, -352.3283
10947, 108.9055, -351.6615
10948, 108.8115, -350.9947
10949, 108.7175, -350.3279
10950, 108.6236, -349.6611
10951, 108.5296, -348.9943
10952, 108.4356, -348.3275
10953, 108.3416, -347.6607
10954, 108.2476, -346.9939
10955, 108.1536, -346.3270
10956, 108.0596, -345.6602
10957, 107.9656, -344.9934
10958, 107.8716, -344.3266
10959, 107.7777, -343.6598
10960, 107.6837, -342.9930
10961, 107.8167, -344.4336
10962, 107.9497, -345.8742
10963, 108.0828, -347.3148
10964, 108.2158, -348.7553
10965, 108.3488, -350.1959
10966, 108.4819, -351.6365
10967, 108.6149, -353.0771
10968, 108.7479, -354.5176
10969, 108.8810, -355.9582
10970, 109.0140, -357.3988
10971, 109.1470, -358.8394
10972, 109.2801, -360.2799
10973, 109.4131, -361.7205
10974, 109.5461, -363.1611
10975, 109.6792, -364.6017
10976, 109.8122, -366.0422
10977, 109.9452, -367.4828
10978, 110.0782, -368.9234
10979, 110.2113, -370.3640
10980, 110.3443, -371.8046
10981, 110.3042, -371.6328
10982, 110.2640, -371.4611
10983, 110.2239, -371.2893
10984, 110.1838, -371.1176
10985, 110.1436, -370.9458
10986, 110.1035, -370.7741
10987, 110.0634, -370.6023
10988, 110.0232, -370.4306
10989, 109.9831, -370.2588
10990, 109.9430, -370.0871
10991, 109.9028, -369.9153
10992, 109.8627, -369.7436
10993, 109.8226, -369.5718
10994, 109.7824, -369.4001
10995, 109.7423, -369.2284
10996, 109.7022, -369.0566
10997, 109.6620, -368.8849
10998, 109.6219, -368.7131
10999, 109.5818, -368.5414
11000, 109.5416, -368.3696
11001, 109.4462, -367.8041
11002, 109.3508, -367.2387
11003, 109.2554, -366.6732
11004, 109.1601, -366.1077
11005, 109.0647, -365.5422
11006, 108.9693, -364.9767
11007, 108.8739, -364.4112
11008, 108.7785, -363.8457
11009, 108.6831, -363.2802
11010, 108.5877, -362.7148
11011, 108.4923, -362.1493
11012, 108.3969, -361.5838
11013, 108.3015, -361.0183
11014, 108.2061, -360.4528
11015, 108.1107, -359.8873
11016, 108.0153, -359.3218
11017, 107.9199, -358.7563
11018, 107.8245, -358.1909
11019, 107.7291, -357.6254
11020, 107.6337, -357.0599
11021, 107.7272, -358.1278
11022, 107.8208, -359.1957
11023, 107.9143, -360.2636
11024, 108.0078, -361.3315
11025, 108.1014, -362.3994
11026, 108.1949, -363.4674
11027, 108.2884, -364.5353
11028, 108.3820, -365.6032
11029, 108.4755, -366.6711
11030, 108.5690, -367.7390
11031, 108.6626, -368.8069
11032, 108.7561, -369.8748
11033, 108.8496, -370.9427
11034, 108.9432, -372.0106
11035, 109.0367, -373.0786
11036, 109.1302, -374.1465
11037, 109.2238, -375.2144
11038, 109.3173, -376.2823
11039, 109.4109, -377.3502
11040, 109.5044, -378.4181
11041, 109.4320, -378.0106
11042, 109.3596, -377.6032
11043, 109.2873, -377.1957
11044, 109.2149, -376.7883
11045, 109.1425, -376.3808
11046, 109.0702, -375.9733
11047, 108.9978, -375.5659
11048, 108.9254, -375.1584
11049, 108.8530, -374.7509
11050, 108.7807, -374.3435
11051, 108.7083, -373.9360
11052, 108.6359, -373.5285
11053, 108.5636, -373.1211
11054, 108.4912, -372.7136
11055, 108.4188, -372.3061
11056, 108.3464, -371.8987
11057, 108.2741, -371.4912
11058, 108.2017, -371.0838
11059, 108.1293, -370.6763
11060, 108.0569, -370.2688
11061, 108.0648, -370.4317
11062, 108.0726, -370.5947
11063, 108.0804, -370.7576
11064, 108.0882, -370.9205
11065, 108.0960, -371.0834
11066, 108.1038, -371.2463
11067, 108.1116, -371.4092
11068, 108.1194, -371.5721
11069, 108.1272, -371.7350
11070, 108.1350, -371.8980
11071, 108.1428, -372.0609
11072, 108.1507, -372.2238
11073, 108.1585, -372.3867
11074, 108.1663, -372.5496
11075, 108.1741, -372.7125
11076, 108.1819, -372.8754
11077, 108.1897, -373.0383
11078, 108.1975, -373.2012
11079, 108.2053, -373.3641
11080, 108.2131, -373.5271
11081, 108.2108, -373.7792
11082, 108.2085, -374.0313
11083, 108.2062, -374.2834
11084, 108.2039, -374.5355
11085, 108.2016, -374.7875
11086, 108.1993, -375.0396
11087, 108.1970, -375.2917
11088, 108.1947, -375.5438
11089, 108.1924, -375.7959
11090, 108.1901, -376.0480
11091, 108.1878, -376.3001
11092, 108.1855, -376.5522
11093, 108.1832, -376.8043
11094, 108.1809, -377.0564
11095, 108.1786, -377.3085
11096, 108.1762, -377.5606
11097, 108.1739, -377.8127
11098, 108.1716, -378.0648
11099, 108.1693, -378.3169
11100, 108.1670, -378.5690
11101, 107.9684, -376.9631
11102, 107.7697, -375.3573
11103, 107.5711, -373.7515
11104, 107.3724, -372.1456
11105, 107.1738, -370.5398
11106, 106.9751, -368.9339
11107, 106.7765, -367.3281
11108, 106.5778, -365.7223
11109, 106.3792, -364.1164
11110, 106.1805, -362.5106
11111, 105.9819, -360.9047
11112, 105.7832, -359.2989
11113, 105.5846, -357.6931
11114, 105.3859, -356.0872
11115, 105.1873, -354.4814
11116, 104.9886, -352.8755
11117, 104.7900, -351.2697
11118, 104.5914, -349.6639
11119, 104.3927, -348.0580
11120, 104.1941, -346.4522
11121, 104.2516, -347.0062
11122, 104.3092, -347.5603
11123, 104.3668, -348.1143
11124, 104.4244, -348.6683
11125, 104.4819, -349.2224
11126, 104.5395, -349.7764
11127, 104.5971, -350.3305
11128, 104.6547, -350.8845
11129, 104.7123, -351.4386
11130, 104.7698, -351.9926
11131, 104.8274, -352.5466
11132, 104.8850, -353.1007
11133, 104.9426, -353.6547
11134, 105.0002, -354.2088
11135, 105.0577, -354.7628
11136, 105.1153, -355.3169
11137, 105.1729, -355.8709
11138, 105.2305, -356.4249
11139, 105.2881, -356.9790
11140, 105.3456, -357.5330
11141, 105.2941, -357.1727
11142, 105.2425, -356.8124
11143, 105.1910, -356.4521
11144, 105.1394, -356.0918
11145, 105.0878, -355.7315
11146, 105.0363, -355.3712
11147, 104.9847, -355.0109
11148, 104.9332, -354.6506
11149, 104.8816, -354.2903
11150, 104.8301, -353.9300
11151, 104.7785, -353.5697
11152, 104.7269, -353.2094
11153, 104.6754, -352.8491
11154, 104.6238, -352.4888
11155, 104.5723, -352.1285
11156, 104.5207, -351.7682
11157, 104.4692, -351.4078
11158, 104.4176, -351.0475
11159, 104.3660, -350.6872
11160, 104.3145, -350.3269
11161, 104.3455, -350.7592
11162, 104.3764, -351.1914
11163, 104.4074, -351.6236
11164, 104.4384, -352.0559
11165, 104.4693, -352.4881
11166, 104.5003, -352.9203
11167, 104.5313, -353.3526
11168, 104.5623, -353.7848
11169, 104.5932, -354.2170
11170, 104.6242, -354.6493
11171, 104.6552, -355.0815
11172, 104.6862, -355.5137
11173, 104.7171, -355.9460
11174, 104.7481, -356.3782
11175, 104.7791, -356.8104
11176, 104.8100, -357.2427
11177, 104.8410, -357.6749
11178, 104.8720, -358.1071
11179, 104.9030, -358.5394
11180, 104.9339, -358.9716
11181, 104.9417, -359.0470
11182, 104.9494, -359.1223
11183, 104.9572, -359.1977
11184, 104.9649, -359.2731
11185, 104.9726, -359.3484
11186, 104.9804, -359.4238
11187, 104.9881, -359.4992
11188, 104.9959, -359.5745
11189, 105.0036, -359.6499
11190, 105.0114, -359.7252
11191, 105.0191, -359.8006
11192, 105.0268, -359.8760
11193, 105.0346, -359.9513
11194, 105.0423, -360.0267
11195, 105.0501, -360.1021
11196, 105.0578, -360.1774
11197, 105.0656, -360.2528
11198, 105.0733, -360.3282
11199, 105.0811, -360.4035
11200, 105.0888, -360.4789
11201, 104.9402, -359.0427
11202, 104.7917, -357.6066
11203, 104.6432, -356.1704
11204, 104.4946, -354.7342
11205, 104.3461, -353.2980
11206, 104.1975, -351.8618
11207, 104.0490, -350.4256
11208, 103.9004, -348.9895
11209, 103.7519, -347.5533
11210, 103.6033, -346.1171
11211, 103.4548, -344.6809
11212, 103.3063, -343.2448
11213, 103.1577, -341.8086
11214, 103.0092, -340.3724
11215, 102.8606, -338.9362
11216, 102.7121, -337.5001
11217, 102.5635, -336.0639
11218, 102.4150, -334.6277
11219, 102.2664, -333.1915
11220, 102.1179, -331.7553
11221, 102.3385, -333.6860
11222, 102.5591, -335.6166
11223, 102.7797, -337.5472
11224, 103.0003, -339.4779
11225, 103.2209, -341.4085
11226, 103.4415, -343.3391
11227, 103.6621, -345.2698
11228, 103.8827, -347.2004
11229, 104.1033, -349.1311
11230, 104.3239, -351.0617
11231, 104.5445, -352.9923
11232, 104.7651, -354.9230
11233, 104.9857, -356.8536
11234, 105.2063, -358.7842
11235, 105.4269, -360.7149
11236, 105.6475, -362.6455
11237, 105.8681, -364.5761
11238, 106.0887, -366.5068
11239, 106.3093, -368.4374
11240, 106.5299, -370.3680
11241, 106.4911, -370.0086
11242, 106.4524, -369.6491
11243, 106.4136, -369.2896
11244, 106.3749, -368.9301
11245, 106.3361, -368.5707
11246, 106.2974, -368.2112
11247, 106.2586, -367.8517
11248, 106.2198, -367.4922
11249, 106.1811, -367.1328
11250, 106.1423, -366.7733
11251, 106.1036, -366.4138
11252, 106.0648, -366.0544
11253, 106.0261, -365.6949
11254, 105.9873, -365.3354
11255, 105.9486, -364.9759
11256, 105.9098, -364.6165
11257, 105.8711, -364.2570
11258, 105.8323, -363.8975
11259, 105.7936, -363.5380
11260, 105.7548, -363.1786
11261, 105.8377, -363.7950
11262, 105.9206, -364.4114
11263, 106.0034, -365.0278
11264, 106.0863, -365.6442
11265, 106.1691, -366.2606
11266, 106.2520, -366.8770
11267, 106.3348, -367.4934
11268, 106.4177, -368.1098
11269, 106.5006, -368.7262
11270, 106.5834, -369.3426
11271, 106.6663, -369.9590
11272, 106.7491, -370.5754
11273, 106.8320, -371.1918
11274, 106.9148, -371.8082
11275, 106.9977, -372.4246
11276, 107.0806, -373.0410
11277, 107.1634, -373.6574
11278, 107.2463, -374.2738
11279, 107.3291, -374.8902
11280, 107.4120, -375.5066
11281, 107.3858, -375.0768
11282, 107.3595, -374.6470
11283, 107.3333, -374.2172
11284, 107.3071, -373.7874
11285, 107.2808, -373.3576
11286, 107.2546, -372.9278
11287, 107.2284, -372.4981
11288, 107.2022, -372.0683
11289, 107.1759, -371.6385
11290, 107.1497, -371.2087
11291, 107.1235, -370.7789
11292, 107.0972, -370.3491
11293, 107.0710, -369.9193
11294, 107.0448, -369.4896
11295, 107.0186, -369.0598
11296, 106.9923, -368.6300
11297, 106.9661, -368.2002
11298, 106.9399, -367.7704
11299, 106.9136, -367.3406
11300, 106.8874, -366.9108
11301, 106.9146, -367.1821
11302, 106.9418, -367.4534
11303, 106.9690, -367.7247
11304, 106.9962, -367.9960
11305, 107.0234, -368.2673
11306, 107.0506, -368.5385
11307, 107.0778, -368.8098
11308, 107.1050, -369.0811
11309, 107.1322, -369.3524
11310, 107.1594, -369.6237
11311, 107.1866, -369.8950
11312, 107.2138, -370.1662
11313, 107.2410, -370.4375
11314, 107.2683, -370.7088
11315, 107.2955, -370.9801
11316, 107.3227, -371.2514
11317, 107.3499, -371.5227
11318, 107.3771, -371.7939
11319, 107.4043, -372.0652
11320, 107.4315, -372.3365
11321, 107.4895, -372.5283
11322, 107.5474, -372.7200
11323, 107.6054, -372.9117
11324, 107.6634, -373.1035
11325, 107.7214, -373.2952
11326, 107.7794, -373.4869
11327, 107.8374, -373.6787
11328, 107.8954, -373.8704
11329, 107.9534, -374.0622
11330, 108.0113, -374.2539
11331, 108.0693, -374.4456
11332, 108.1273, -374.6374
11333, 108.1853, -374.8291
11334, 108.2433, -375.0209
11335, 108.3013, -375.2126
11336, 108.3593, -375.4043
11337, 108.4172, -375.5961
11338, 108.4752, -375.7878
11339, 108.5332, -375.9795
11340, 108.5912, -376.1713
11341, 108.6180, -376.3246
11342, 108.6447, -376.4779
11343, 108.6715, -376.6312
11344, 108.6983, -376.7845
11345, 108.7250, -376.9378
11346, 108.7518, -377.0912
11347, 108.7786, -377.2445
11348, 108.8053, -377.3978
11349, 108.8321, -377.5511
11350, 108.8589, -377.7044
11351, 108.8856, -377.8577
11352, 108.9124, -378.0110
11353, 108.9392, -378.1643
11354, 108.9659, -378.3176
11355, 108.9927, -378.4710
11356, 109.0195, -378.6243
11357, 109.0462, -378.7776
11358, 109.0730, -378.9309
11359, 109.0998, -379.0842
11360, 109.1265, -379.2375
11361, 109.1221, -378.9985
11362, 109.1178, -378.7594
11363, 109.1134, -378.5204
11364, 109.1090, -378.2814
11365, 109.1046, -378.0423
11366, 109.1002, -377.8033
11367, 109.0959, -377.5642
11368, 109.0915, -377.3252
11369, 109.0871, -377.0862
11370, 109.0827, -376.8471
11371, 109.0783, -376.6081
11372, 109.0739, -376.3691
11373, 109.0696, -376.1300
11374, 109.0652, -375.8910
11375, 109.0608, -375.6519
11376, 109.0564, -375.4129
11377, 109.0520, -375.1739
11378, 109.0477, -374.9348
11379, 109.0433, -374.6958
11380, 109.0389, -374.4568
11381, 109.0305, -374.2169
11382, 109.0221, -373.9770
11383, 109.0137, -373.7372
11384, 109.0054, -373.4973
11385, 108.9970, -373.2575
11386, 108.9886, -373.0176
11387, 108.9802, -372.7777
11388, 108.9718, -372.5379
11389, 108.9634, -372.2980
11390, 108.9551, -372.0581
11391, 108.9467, -371.8183
11392, 108.9383, -371.5784
11393, 108.9299, -371.3386
11394, 108.9215, -371.0987
11395, 108.9131, -370.8588
11396, 108.9048, -370.6190
11397, 108.8964, -370.3791
11398, 108.8880, -370.1393
11399, 108.8796, -369.8994
11400, 108.8712, -369.6596
11401, 108.9171, -369.8696
11402, 108.9629, -370.0797
11403, 109.0087, -370.2898
11404, 109.0546, -370.4999
11405, 109.1004, -370.7100
11406, 109.1462, -370.9201
11407, 109.1920, -371.1302
11408, 109.2379, -371.3403
11409, 109.2837, -371.5504
11410, 109.3295, -371.7605
11411, 109.3754, -371.9706
11412, 109.4212, -372.1807
11413, 109.4670, -372.3908
11414, 109.5128, -372.6009
11415, 109.5587, -372.8110
11416, 109.6045, -373.0211
11417, 109.6503, -373.2312
11418, 109.6962, -373.4413
11419, 109.7420, -373.6514
11420, 109.7878, -373.8615
11421, 109.8009, -373.7599
11422, 109.8141, -373.6584
11423, 109.8272, -373.5568
11424, 109.8403, -373.4552
11425, 109.8534, -373.3537
11426, 109.8665, -373.2521
11427, 109.8797, -373.1506
11428, 109.8928, -373.0490
11429, 109.9059, -372.9474
11430, 109.9190, -372.8459
11431, 109.9322, -372.7443
11432, 109.9453, -372.6427
11433, 109.9584, -372.5412
11434, 109.9715, -372.4396
11435, 109.9847, -372.3380
11436, 109.9978, -372.2365
11437, 110.0109, -372.1349
11438, 110.0240, -372.0334
11439, 110.0371, -371.9318
11440, 110.0503, -371.8302
11441, 110.2087, -373.0883
11442, 110.3672, -374.3465
11443, 110.5256, -375.6046
11444, 110.6841, -376.8627
11445, 110.8425, -378.1208
11446, 111.0010, -379.3789
11447, 111.1594, -380.6370
11448, 111.3179, -381.8951
11449, 111.4763, -383.1533
11450, 111.6348, -384.4114
11451, 111.7932, -385.6695
11452, 111.9517, -386.9276
11453, 112.1102, -388.1857
11454, 112.2686, -389.4438
11455, 112.4271, -390.7019
11456, 112.5855, -391.9601
11457, 112.7440, -393.2182
11458, 112.9024, -394.4763
11459, 113.0609, -395.7344
11460, 113.2193, -396.9925
11461, 113.0751, -395.5500
11462, 112.9308, -394.1074
11463, 112.7866, -392.6648
11464, 112.6423, -391.2222
11465, 112.4981, -389.7797
11466, 112.3538, -388.3371
11467, 112.2096, -386.8945
11468, 112.0653, -385.4519
11469, 111.9211, -384.0094
11470, 111.7768, -382.5668
11471, 111.6326, -381.1242
11472, 111.4883, -379.6816
11473, 111.3441, -378.2391
11474, 111.1998, -376.7965
11475, 111.0556, -375.3539
11476, 110.9113, -373.9113
11477, 110.7671, -372.4688
11478, 110.6228, -371.0262
11479, 110.4786, -369.5836
11480, 110.3343, -368.1410
11481, 110.3752, -368.2965
11482, 110.4160, -368.4519
11483, 110.4569, -368.6074
11484, 110.4977, -368.7628
11485, 110.5386, -368.9182
11486, 110.5794, -369.0737
11487, 110.6203, -369.2291
11488, 110.6611, -369.3846
11489, 110.7020, -369.5400
11490, 110.7428, -369.6954
11491, 110.7837, -369.8509
11492, 110.8245, -370.0063
11493, 110.8654, -370.1618
11494, 110.9062, -370.3172
11495, 110.9471, -370.4726
11496, 110.9879, -370.6281
11497, 111.0288, -370.7835
11498, 111.0696, -370.9390
11499, 111.1105, -371.0944
11500, 111.1513, -371.2498
11501, 111.0980, -370.6983
11502, 111.0447, -370.1467
11503, 110.9914, -369.5951
11504, 110.9380, -369.0435
11505, 110.8847, -368.4919
11506, 110.8314, -367.9403
11507, 110.7781, -367.3887
11508, 110.7247, -366.8371
11509, 110.6714, -366.2855
11510, 110.6181, -365.7339
11511, 110.5648, -365.1823
11512, 110.5114, -364.6307
11513, 110.4581, -364.0791
11514, 110.4048, -363.5275
11515, 110.3515, -362.9759
11516, 110.2981, -362.4243
11517, 110.2448, -361.8727
11518, 110.1915, -361.3211
11519, 110.1382, -360.7695
11520, 110.0848, -360.2179
11521, 110.0882, -360.1943
11522, 110.0916, -360.1707
11523, 110.0949, -360.1471
11524, 110.0983, -360.1235
11525, 110.1017, -360.0999
11526, 110.1050, -360.0763
11527, 110.1084, -360.0527
11528, 110.1118, -360.0291
11529, 110.1152, -360.0055
11530, 110.1185, -359.9819
11531, 110.1219, -359.9583
11532, 110.1253, -359.9346
11533, 110.1286, -359.9110
11534, 110.1320, -359.8874
11535, 110.1354, -359.8638
11536, 110.1387, -359.8402
11537, 110.1421, -359.8166
11538, 110.1455, -359.7930
11539, 110.1488, -359.7694
11540, 110.1522, -359.7458
11541, 110.1188, -359.5318
11542, 110.0855, -359.3179
11543, 110.0521, -359.1039
11544, 110.0188, -358.8900
11545, 109.9854, -358.6760
11546, 109.9521, -358.4621
11547, 109.9187, -358.2481
11548, 109.8854, -358.0342
11549, 109.8520, -357.8202
11550, 109.8186, -357.6063
11551, 109.7853, -357.3923
11552, 109.7519, -357.1784
11553, 109.7186, -356.9644
11554, 109.6852, -356.7505
11555, 109.6519, -356.5365
11556, 109.6185, -356.3226
11557, 109.5852, -356.1086
11558, 109.5518, -355.8947
11559, 109.5184, -355.6807
11560, 109.4851, -355.4668
11561, 109.5400, -355.8868
11562, 109.5950, -356.3068
11563, 109.6499, -356.7267
11564, 109.7049, -357.1467
11565, 109.7598, -357.5667
11566, 109.8148, -357.9867
11567, 109.8697, -358.4067
11568, 109.9247, -358.8266
11569, 109.9796, -359.2466
11570, 110.0346, -359.6666
11571, 110.0895, -360.0866
11572, 110.1445, -360.5066
11573, 110.1994, -360.9266
11574, 110.2544, -361.3465
11575, 110.3093, -361.7665
11576, 110.3642, -362.1865
11577, 110.4192, -362.6065
11578, 110.4741, -363.0265
11579, 110.5291, -363.4464
11580, 110.5840, -363.8664
11581, 110.4874, -363.2416
11582, 110.3908, -362.6168
11583, 110.2941, -361.9919
11584, 110.1975, -361.3671
11585, 110.1009, -360.7423
11586, 110.0042, -360.1174
11587, 109.9076, -359.4926
11588, 109.8110, -358.8678
11589, 109.7143, -358.2429
11590, 109.6177, -357.6181
11591, 109.5211, -356.9933
11592, 109.4244, -356.3684
11593, 109.3278, -355.7436
11594, 109.2312, -355.1188
11595, 109.1345, -354.4939
11596, 109.0379, -353.8691
11597, 108.9413, -353.2443
11598, 108.8446, -352.6194
11599, 108.7480, -351.9946
11600, 108.6514, -351.3698
11601, 108.6769, -351.7411
11602, 108.7024, -352.1124
11603, 108.7279, -352.4837
11604, 108.7534, -352.8550
11605, 108.7789, -353.2264
11606, 108.8043, -353.5977
11607, 108.8298, -353.9690
11608, 108.8553, -354.3403
11609, 108.8808, -354.7116
11610, 108.9063, -355.0829
11611, 108.9318, -355.4543
11612, 108.9573, -355.8256
11613, 108.9828, -356.1969
11614, 109.0083, -356.5682
11615, 109.0338, -356.9395
11616, 109.0593, -357.3108
11617, 109.0848, -357.6822
11618, 109.1103, -358.0535
11619, 109.1358, -358.4248
11620, 109.1613, -358.7961
11621, 109.2606, -359.9408
11622, 109.3599, -361.0855
11623, 109.4592, -362.2301
11624, 109.5585, -363.3748
11625, 109.6578, -364.5195
11626, 109.7571, -365.6642
11627, 109.8564, -366.8088
11628, 109.9557, -367.9535
11629, 110.0550, -369.0982
11630, 110.1543, -370.2429
11631, 110.2536, -371.3875
11632, 110.3529, -372.5322
11633, 110.4523, -373.6769
11634, 110.5516, -374.8216
11635, 110.6509, -375.9662
11636, 110.7502, -377.1109
11637, 110.8495, -378.2556
11638, 110.9488, -379.4003
11639, 111.0481, -380.5449
11640, 111.1474, -381.6896
11641, 111.0651, -381.0307
11642, 110.9828, -380.3717
11643, 110.9005, -379.7128
11644, 110.8182, -379.0538
11645, 110.7358, -378.3949
11646, 110.6535, -377.7359
11647, 110.5712, -377.0770
11648, 110.4889, -376.4180
11649, 110.4066, -375.7591
11650, 110.3243, -375.1002
11651, 110.2420, -374.4412
11652, 110.1597, -373.7823
11653, 110.0773, -373.1233
11654, 109.9950, -372.4644
11655, 109.9127, -371.8054
11656, 109.8304, -371.1465
11657, 109.7481, -370.4875
11658, 109.6658, -369.8286
11659, 109.5835, -369.1696
11660, 109.5012, -368.5107
11661, 109.4878, -368.7200
11662, 109.4744, -368.9293
11663, 109.4611, -369.1386
11664, 109.4477, -369.3479
11665, 109.4343, -369.5572
11666, 109.4210, -369.7665
11667, 109.4076, -369.9758
11668, 109.3942, -370.1851
11669, 109.3809, -370.3944
11670, 109.3675, -370.6037
11671, 109.3542, -370.8130
11672, 109.3408, -371.0223
11673, 109.3274, -371.2316
11674, 109.3141, -371.4409
11675, 109.3007, -371.6502
11676, 109.2873, -371.8595
11677, 109.2740, -372.0687
11678, 109.2606, -372.2780
11679, 109.2473, -372.4873
11680, 109.2339, -372.6966
11681, 109.1470, -372.0903
11682, 109.0602, -371.4840
11683, 108.9734, -370.8776
11684, 108.8865, -370.2713
11685, 108.7997, -369.6650
11686, 108.7128, -369.0587
11687, 108.6260, -368.4523
11688, 108.5391, -367.8460
11689, 108.4523, -367.2397
11690, 108.3654, -366.6334
11691, 108.2786, -366.0270
11692, 108.1917, -365.4207
11693, 108.1049, -364.8144
11694, 108.0181, -364.2080
11695, 107.9312, -363.6017
11696, 107.8444, -362.9954
11697, 107.7575, -362.3891
11698, 107.6707, -361.7827
11699, 107.5838, -361.1764
11700, 107.4970, -360.5701
11701, 107.5482, -361.3377
11702, 107.5994, -362.1054
11703, 107.6506, -362.8731
11704, 107.7018, -363.6407
11705, 107.7530, -364.4084
11706, 107.8042, -365.1760
11707, 107.8554, -365.9437
11708, 107.9066, -366.7114
11709, 107.9578, -367.4790
11710, 108.0089, -368.2467
11711, 108.0601, -369.0144
11712, 108.1113, -369.7820
11713, 108.1625, -370.5497
11714, 108.2137, -371.3173
11715, 108.2649, -372.0850
11716, 108.3161, -372.8527
11717, 108.3673, -373.6203
11718, 108.4185, -374.3880
11719, 108.4697, -375.1557
11720, 108.5209, -375.9233
11721, 108.3436, -374.4154
11722, 108.1664, -372.9074
11723, 107.9891, -371.3995
11724, 107.8118, -369.8916
11725, 107.6346, -368.3836
11726, 107.4573, -366.8757
11727, 107.2800, -365.3677
11728, 107.1028, -363.8598
11729, 106.9255, -362.3519
11730, 106.7482, -360.8439
11731, 106.5710, -359.3360
11732, 106.3937, -357.8280
11733, 106.2164, -356.3201
11734, 106.0392, -354.8122
11735, 105.8619, -353.3042
11736, 105.6846, -351.7963
11737, 105.5074, -350.2883
11738, 105.3301, -348.7804
11739, 105.1528, -347.2724
11740, 104.9756, -345.7645
11741, 105.0711, -346.9217
11742, 105.1666, -348.0789
11743, 105.2621, -349.2360
11744, 105.3576, -350.3932
11745, 105.4530, -351.5504
11746, 105.5485, -352.7075
11747, 105.6440, -353.8647
11748, 105.7395, -355.0219
11749, 105.8350, -356.1790
11750, 105.9305, -357.3362
11751, 106.0260, -358.4934
11752, 106.1215, -359.6505
11753, 106.2170, -360.8077
11754, 106.3125, -361.9649
11755, 106.4080, -363.1220
11756, 106.5035, -364.2792
11757, 106.5990, -365.4364
11758, 106.6945, -366.5935
11759, 106.7900, -367.7507
11760, 106.8855, -368.9079
11761, 106.7561, -367.7952
11762, 106.6268, -366.6825
11763, 106.4974, -365.5698
11764, 106.3681, -364.4572
11765, 106.2388, -363.3445
11766, 106.1094, -362.2318
11767, 105.9801, -361.1192
11768, 105.8507, -360.0065
11769, 105.7214, -358.8938
11770, 105.5921, -357.7811
11771, 105.4627, -356.6685
11772, 105.3334, -355.5558
11773, 105.2040, -354.4431
11774, 105.0747, -353.3305
11775, 104.9454, -352.2178
11776, 104.8160, -351.1051
11777, 104.6867, -349.9925
11778, 104.5573, -348.8798
11779, 104.4280, -347.7671
11780, 104.2986, -346.6544
11781, 104.3466, -346.9923
11782, 104.3945, -347.3301
11783, 104.4425, -347.6679
11784, 104.4904, -348.0057
11785, 104.5384, -348.3435
11786, 104.5864, -348.6813
11787, 104.6343, -349.0191
11788, 104.6822, -349.3569
11789, 104.7302, -349.6947
11790, 104.7782, -350.0325
11791, 104.8261, -350.3703
11792, 104.8741, -350.7081
11793, 104.9220, -351.0459
11794, 104.9700, -351.3838
11795, 105.0179, -351.7216
11796, 105.0659, -352.0594
11797, 105.1138, -352.3972
11798, 105.1618, -352.7350
11799, 105.2097, -353.0728
11800, 105.2577, -353.4106
11801, 105.2115, -353.1726
11802, 105.1653, -352.9346
11803, 105.1191, -352.6966
11804, 105.0730, -352.4586
11805, 105.0268, -352.2207
11806, 104.9806, -351.9827
11807, 104.9344, -351.7447
11808, 104.8882, -351.5067
11809, 104.8421, -351.2687
11810, 104.7959, -351.0307
11811, 104.7497, -350.7927
11812, 104.7035, -350.5547
11813, 104.6574, -350.3168
11814, 104.6112, -350.0788
11815, 104.5650, -349.8408
11816, 104.5188, -349.6028
11817, 104.4727, -349.3648
11818, 104.4265, -349.1268
11819, 104.3803, -348.8888
11820, 104.3341, -348.6508
11821, 104.3660, -348.7941
11822, 104.3978, -348.9374
11823, 104.4296, -349.0807
11824, 104.4614, -349.2240
11825, 104.4932, -349.3673
11826, 104.5250, -349.5106
11827, 104.5569, -349.6539
11828, 104.5887, -349.7971
11829, 104.6205, -349.9404
11830, 104.6523, -350.0837
11831, 104.6841, -350.2270
11832, 104.7160, -350.3703
11833, 104.7478, -350.5136
11834, 104.7796, -350.6569
11835, 104.8114, -350.8002
11836, 104.8432, -350.9434
11837, 104.8750, -351.0867
11838, 104.9069, -351.2300
11839, 104.9387, -351.3733
11840, 104.9705, -351.5166
11841, 104.9562, -351.4641
11842, 104.9419, -351.4116
11843, 104.9276, -351.3590
11844, 104.9133, -351.3065
11845, 104.8990, -351.2540
11846, 104.8848, -351.2015
11847, 104.8705, -351.1489
11848, 104.8562, -351.0964
11849, 104.8419, -351.0439
11850, 104.8276, -350.9914
11851, 104.8133, -350.9389
11852, 104.7990, -350.8863
11853, 104.7847, -350.8338
11854, 104.7704, -350.7813
11855, 104.7561, -350.7287
11856, 104.7419, -350.6762
11857, 104.7276, -350.6237
11858, 104.7133, -350.5712
11859, 104.6990, -350.5187
11860, 104.6847, -350.4661
11861, 104.7634, -351.0644
11862, 104.8420, -351.6627
11863, 104.9207, -352.2610
11864, 104.9993, -352.8592
11865, 105.0780, -353.4575
11866, 105.1566, -354.0558
11867, 105.2353, -354.6540
11868, 105.3139, -355.2523
11869, 105.3926, -355.8506
11870, 105.4712, -356.4488
11871, 105.5499, -357.0471
11872, 105.6285, -357.6454
11873, 105.7072, -358.2437
11874, 105.7858, -358.8419
11875, 105.8645, -359.4402
11876, 105.9432, -360.0385
11877, 106.0218, -360.6368
11878, 106.1005, -361.2350
11879, 106.1791, -361.8333
11880, 106.2578, -362.4316
11881, 106.3055, -362.7357
11882, 106.3532, -363.0399
11883, 106.4009, -363.3440
11884, 106.4487, -363.6482
11885, 106.4964, -363.9524
11886, 106.5441, -364.2565
11887, 106.5919, -364.5607
11888, 106.6396, -364.8648
11889, 106.6873, -365.1690
11890, 106.7350, -365.4732
11891, 106.7828, -365.7773
11892, 106.8305, -366.0815
11893, 106.8782, -366.3857
11894, 106.9259, -366.6898
11895, 106.9737, -366.9940
11896, 107.0214, -367.2981
11897, 107.0691, -367.6023
11898, 107.1169, -367.9065
11899, 107.1646, -368.2106
11900, 107.2123, -368.5148
11901, 107.2531, -368.9073
11902, 107.2939, -369.2999
11903, 107.3347, -369.6925
11904, 107.3755, -370.0850
11905, 107.4163, -370.4776
11906, 107.4570, -370.8702
11907, 107.4978, -371.2627
11908, 107.5386, -371.6553
11909, 107.5794, -372.0479
11910, 107.6202, -372.4404
11911, 107.6610, -372.8330
11912, 107.7018, -373.2255
11913, 107.7426, -373.6181
11914, 107.7834, -374.0107
11915, 107.8242, -374.4032
11916, 107.8650, -374.7958
11917, 107.9057, -375.1884
11918, 107.9465, -375.5809
11919, 107.9873, -375.9735
11920, 108.0281, -376.3661
11921, 107.9655, -375.7737
11922, 107.9029, -375.1812
11923, 107.8402, -374.5888
11924, 107.7776, -373.9964
11925, 107.7150, -373.4040
11926, 107.6524, -372.8116
11927, 107.5897, -372.2191
11928, 107.5271, -371.6267
11929, 107.4645, -371.0343
11930, 107.4019, -370.4419
11931, 107.3392, -369.8494
11932, 107.2766, -369.2570
11933, 107.2140, -368.6646
11934, 107.1514, -368.0722
11935, 107.0887, -367.4798
11936, 107.0261, -366.8873
11937, 106.9635, -366.2949
11938, 106.9009, -365.7025
11939, 106.8382, -365.1101
11940, 106.7756, -364.5177
11941, 106.7421, -364.1071
11942, 106.7086, -363.6965
11943, 106.6752, -363.2859
11944, 106.6417, -362.8753
11945, 106.6082, -362.4647
11946, 106.5747, -362.0541
11947, 106.5412, -361.6435
11948, 106.5077, -361.2329
11949, 106.4742, -360.8223
11950, 106.4407, -360.4117
11951, 106.4072, -360.0012
11952, 106.3738, -359.5906
11953, 106.3403, -359.1800
11954, 106.3068, -358.7694
11955, 106.2733, -358.3588
11956, 106.2398, -357.9482
11957, 106.2063, -357.5376
11958, 106.1728, -357.1270
11959, 106.1393, -356.7164
11960, 106.1058, -356.3058
11961, 106.1059, -356.2296
11962, 106.1060, -356.1534
11963, 106.1061, -356.0772
11964, 106.1061, -356.0009
11965, 106.1062, -355.9247
11966, 106.1063, -355.8485
11967, 106.1064, -355.7723
11968, 106.1064, -355.6961
11969, 106.1065, -355.6198
11970, 106.1066, -355.5436
11971, 106.1067, -355.4674
11972, 106.1067, -355.3912
11973, 106.1068, -355.3150
11974, 106.1069, -355.2387
11975, 106.1070, -355.1625
11976, 106.1070, -355.0863
11977, 106.1071, -355.0101
11978, 106.1072, -354.9339
11979, 106.1073, -354.8576
11980, 106.1073, -354.7814
11981, 106.1570, -355.1758
11982, 106.2068, -355.5702
11983, 106.2565, -355.9646
11984, 106.3062, -356.3590
11985, 106.3559, -356.7534
11986, 106.4056, -357.1478
11987, 106.4553, -357.5421
11988, 106.5050, -357.9365
11989, 106.5547, -358.3309
11990, 106.6044, -358.7253
11991, 106.6541, -359.1197
11992, 106.7038, -359.5141
11993, 106.7535, -359.9085
11994, 106.8032, -360.3029
11995, 106.8530, -360.6973
11996, 106.9027, -361.0917
11997, 106.9524, -361.4860
11998, 107.0021, -361.8804
11999, 107.0518, -362.2748
12000, 107.1015, -362.6692
